relative_path,size_bytes,sha256
FULL_RUN_PLAN.json,1248,5ee8e6ce6f7850b596e441f6f5c046eb0763b6a5c521968c1725c6c0a4c37d49
RUN_STATUS.json,990,2d492bf583d5b60c2b6ac355c356cc480b8f2bcc25effa8ee0adb57685ac9b99
cace_preflight.log,4426,ce2c2f18aebdd74a70a4c1221ec249eb7dc71d2f6d14a9f75c037824b4adf214
cace_runs/RUN_2026-07-28_21-07-25/error.log,0,e3b0c44298fc1c149afbf4c8996fb92427ae41e4649b934ca495991b7852b855
cace_runs/RUN_2026-07-28_21-07-25/flow.log,839,3d013ac07d240483a3faad752bdb2853967800ae86fdf4ab620239c3725c27b5
cace_runs/RUN_2026-07-28_21-07-25/parameters/A44_PACKAGE_CACE_PREFLIGHT/run_0/.spiceinit,0,e3b0c44298fc1c149afbf4c8996fb92427ae41e4649b934ca495991b7852b855
cace_runs/RUN_2026-07-28_21-07-25/parameters/A44_PACKAGE_CACE_PREFLIGHT/run_0/cace_job.sym,114,6fef9524fe7bcd801dd56eac3d76728ca2bd54febcddfb57d74fbf48a78ba9eb
cace_runs/RUN_2026-07-28_21-07-25/parameters/A44_PACKAGE_CACE_PREFLIGHT/run_0/conditions.yaml,246,bfa929776107c13b9b707b79ee5cf52b559ee8718ef2e49f1195394e3a936718
cace_runs/RUN_2026-07-28_21-07-25/parameters/A44_PACKAGE_CACE_PREFLIGHT/run_0/ngspice_stdout.out,672,94cc157fc968fc6fc994692f34a07dd9029435fd0273a44e3c13f5b2915e1c82
cace_runs/RUN_2026-07-28_21-07-25/parameters/A44_PACKAGE_CACE_PREFLIGHT/run_0/tb_package_preflight.sch,751,f338c113f5dbc3971e1f91d76bec524e10aed353c6c198ed0d30715ed9f92bc1
cace_runs/RUN_2026-07-28_21-07-25/parameters/A44_PACKAGE_CACE_PREFLIGHT/run_0/tb_package_preflight.spice,955,10d20445a4b867c836ec8f91784a697700985399510043a063fb64aec9226582
cace_runs/RUN_2026-07-28_21-07-25/parameters/A44_PACKAGE_CACE_PREFLIGHT/run_0/tb_package_preflight_0.data,33,c7734a6d2fadd82ed27504b37bd142b0f99768fa90bac98a86656a9fa723718f
cace_runs/RUN_2026-07-28_21-07-25/parameters/A44_PACKAGE_CACE_PREFLIGHT/run_0/xschem_stderr.out,347,5a4ea2a9ddb7243de5daa8e7b920521accf523d57c076143646a3d662d850623
cace_runs/RUN_2026-07-28_21-07-25/parameters/A44_PACKAGE_CACE_PREFLIGHT/run_0/xschem_stdout.out,1,01ba4719c80b6fe911b091a7c05124b64eeece964e09c058ef8f9805daca546b
cace_runs/RUN_2026-07-28_21-07-25/parameters/A44_PACKAGE_CACE_PREFLIGHT/simulation_summary.csv,38,842b4c97ed07b2f304a75f339bc593c0cb12fe374725fd4f47ba2a7575f40772
cace_runs/RUN_2026-07-28_21-07-25/parameters/A44_PACKAGE_CACE_PREFLIGHT/simulation_summary.md,143,733df08ea4a41fd8a068b0d447d838c1f4fd7593f799085eb8e4d6b5cdedfd72
cace_runs/RUN_2026-07-28_21-07-25/parameters/A44_PACKAGE_CACE_PREFLIGHT/tb_package_preflight.sch,570,135fc105b6fb1c9f0829406ed84e53082c024589260d00ac8ad6ad962e804826
cace_runs/RUN_2026-07-28_21-07-25/summary.md,580,b083e63151db409eab31df7256eba9e036045de5c37e8fa77776072eaa81df5d
cace_runs/RUN_2026-07-28_21-07-25/warning.log,0,e3b0c44298fc1c149afbf4c8996fb92427ae41e4649b934ca495991b7852b855
preflight.json,5905,4f15b8297ccd2ea37302ba4ab03eb464dd79605ef96dc3d189097f0c8a6aab34
work/01_MC200_TT_LOW_W4/config/cdac_mismatch_model.yaml,2700,6e15822f9689ea72feb9bbe86b9146dec7ddbe282d37503a5eeb42f81a75e968
work/01_MC200_TT_LOW_W4/config/current_mc200_contract.json,1342,87af10dd3788c5fdc99929540458fff9ca7ba8f90de84e912426c0e24beb4e2e
work/01_MC200_TT_LOW_W4/config/environment_fingerprint.json,1262,a642893359807a3b20b044ceb583178b92f73467979130270194a549c5ce4872
work/01_MC200_TT_LOW_W4/config/fast64_v2_contract.json,2381,a6b092e268deee02de5c1627a2de35aba03909418bdbc9a000c54a1746ff2f46
work/01_MC200_TT_LOW_W4/config/frozen_dynamic_config.yaml,2348,2b7efb9bed89d0aed87472185a96eb1bfd8172273be22cee89594815e6fdc007
work/01_MC200_TT_LOW_W4/config/mc200_low_w4_contract.json,8767,ac23afe991f3da98959e9fcb459fd905065e22e382485ca4d702644092117fcd
work/01_MC200_TT_LOW_W4/config/mc200_low_w4_plot_resolved_ranges.json,507,1fe556596d60ac74112481ab9616830e54626213a20ebe335d3c459add18136d
work/01_MC200_TT_LOW_W4/config/mc_seeds.csv,5812,6f2a0f43608ca4198a2d20dba34d1a239a7c9e3cf6ed80fc9a864aa5d4e9543d
work/01_MC200_TT_LOW_W4/config/ngspice_userinit/.spiceinit,154,e4fedb09e98dc2f3df539fe215df79f4977d8fb3f7bcdd61c606d8bb90da1325
work/01_MC200_TT_LOW_W4/config/noise_model.yaml,2679,5e96592de86c239db9334c98f5c5d4d4c6b000eece41673de3c58ab148897f6e
work/01_MC200_TT_LOW_W4/config/noise_seeds.csv,6515,bf1af85899e04ff8f19016ac8d8d7f86f0fd1781bcf3feb4245b1d27f42b0112
work/01_MC200_TT_LOW_W4/config/plot_contract.json,2798,404c6c93d79a903aca609fd6f5fd873c73cb3a2150b240f5763d61a1684c98e7
work/01_MC200_TT_LOW_W4/config/plot_style.yaml,216,6ad9e1aa57f508075547673cbee45c9af9c2d86742f804e8045631cffa7ff676
work/01_MC200_TT_LOW_W4/config/source_load_model.yaml,1012,c0609a942035182d8978082ff0e67285fafcf9126b04dd712ba67f8ab14da2a5
work/01_MC200_TT_LOW_W4/config/timing_tt_3p3_27c.json,1664,b47114c90c2ea957e3f5f80eaeb2dd04e344646d29d49eb5fb8811273790ebee
work/01_MC200_TT_LOW_W4/csv/cdac_mismatch_weights.csv,549745,db6195e8cf650819603c0aba6e7d08d6bb03830e512a598fbe05699bfa36b824
work/01_MC200_TT_LOW_W4/csv/codes_all_13600.csv,4800985,d98c00ade9e955ca7861ed9f409c82e5069620885446426c6ebc20943769e11d
work/01_MC200_TT_LOW_W4/csv/codes_fft_retained_12800.csv,4522932,73e7fc9fe837a807ae020fb3fce77ba03edd81c19bc1de2c823a1486593f2d00
work/01_MC200_TT_LOW_W4/csv/first_conversion_path_1600.csv,981911,bd4ae93883b0067e92b1d04d801d52df478812d21ffa185b3865fa9915783075
work/01_MC200_TT_LOW_W4/csv/population_percentiles_w4.csv,3429,986f94428cc9871071ce05f4c0d28e9dde074ea876239486b34826d025623568
work/01_MC200_TT_LOW_W4/csv/representative_records_w4.csv,971,7a831b4ff6324656473ac83e88945ff69a3f74ad5c7eaa3a9b0ef7ff3a091408
work/01_MC200_TT_LOW_W4/csv/resource_trace.csv,3875770,fb62b6753568bfc78c3468c7aafc1a7b16acd9ddba1bf63f86229504ff73a832
work/01_MC200_TT_LOW_W4/csv/startup_periodic_pairs_800.csv,92634,71a6cffaf367af291901e27d360747eedc850173042ebdb151e4f83dc2af3bcc
work/01_MC200_TT_LOW_W4/csv/steady_state_master_mc200_low_w4.csv,387118,8879d76b0860c3f316983945485db355a267072fa031c6733edbfaf999ac65f5
work/01_MC200_TT_LOW_W4/csv/w0_to_w4_method_transition_mc200_low.csv,59304,9100d586a853876faf06d4debddb9875c814c8bfe3fe7ce017aa69ae0ff3348a
work/01_MC200_TT_LOW_W4/manifests/job_matrix.csv,58339,d13021dfa205a5a0c9b655a38d7a3e54b594b1665f20871d2bb624c211bebe9f
work/01_MC200_TT_LOW_W4/manifests/smoke_job_matrix.csv,1294,7b5d3fd11f95eeffe68e44ee27997a9d4c2d1541e0ad58c27edc46d04c530095
work/01_MC200_TT_LOW_W4/models/SAR_LOGIC_BEH_TT_3P3_27C,22628,f1fc99ff4fb0c43ec02a22719c9079247dc5f77d1aad0c90f2f49ec556d7e207
work/01_MC200_TT_LOW_W4/models/SAR_LOGIC_BEH_TT_3P3_27C.ivvp,24707,21b3c1deaf18c38f7df0449aef298f3391240290d96f0b04b483636fa5761165
work/01_MC200_TT_LOW_W4/models/SAR_LOGIC_BEH_TT_3P3_27C.so,286040,e6f8341531b50a0d59e1f2f2be60f501a43d84e887b7e6226f5cd4d9c431ea0c
work/01_MC200_TT_LOW_W4/models/SAR_LOGIC_BEH_TT_3P3_27C.v,8528,6df2fd07da2cf65f21f4c8f514cdaf2f2d5ca84a4fb61d5df54a66738420ded3
work/01_MC200_TT_LOW_W4/models/SAR_LOGIC_BEH_TT_3P3_27C.va,13525,481ba49c308b598f842b914d0defbb9fd28c337f70fef162bc7d759109458a9a
work/01_MC200_TT_LOW_W4/models/no_r6_equivalent_loads.inc,1176,e9a41dab2e5e52b4f6ecc1d8d0d0b17eca88e8854b1ef7e24f8d62578b76dda3
work/01_MC200_TT_LOW_W4/models/obj_dir/Vlng,244216,1eb1c33f44b759948675eb3aeead2234c4f859c378a19a1e1c144cd3a0a11aa9
work/01_MC200_TT_LOW_W4/models/obj_dir/Vlng.cpp,3768,ec1b88afbdeba6248d2f72ebde2839a46ff8a45a88c407d7d2afbbc09b7d91a3
work/01_MC200_TT_LOW_W4/models/obj_dir/Vlng.h,4037,3e4e10d242e5589c8e9a260fa279172e3d29b0e07e4d981141d264529df2368c
work/01_MC200_TT_LOW_W4/models/obj_dir/Vlng.mk,2309,5804490717ecfb7c96b221910e3edc76842c2226f36aa208550a044ef8c22696
work/01_MC200_TT_LOW_W4/models/obj_dir/Vlng__ALL.a,42614,8a96bd758d86bb902cf89b4b8317c282ca7b9cb687f7d63422ecfda95bfee32b
work/01_MC200_TT_LOW_W4/models/obj_dir/Vlng__ALL.cpp,252,970afa7c204d42a0a72313e62c93bb5165eafdee255c5a6b4178d8962c54799d
work/01_MC200_TT_LOW_W4/models/obj_dir/Vlng__ALL.d,645,76d9bd0c643740bcd33fbdc33653caa0fdf53e5944457bfefb2f4f383ece6273
work/01_MC200_TT_LOW_W4/models/obj_dir/Vlng__ALL.o,38824,484df69692e07771c0333ea9d662684b870082788411a142ddefbc20de70b6b2
work/01_MC200_TT_LOW_W4/models/obj_dir/Vlng__Syms.h,920,aeb6e7df227b939d4a20195740ac1aa2127408a4bcbcee2cd0e4f98b0fa27dbd
work/01_MC200_TT_LOW_W4/models/obj_dir/Vlng__Syms__Slow.cpp,852,1b944908094504e04580fca762fc59685e552f36e8f4c12fb7a2a234f2a69661
work/01_MC200_TT_LOW_W4/models/obj_dir/Vlng___024root.h,2115,18e7bbf88696d88d45faaf02488074948004525546ce5356cdcf52ee0713d35e
work/01_MC200_TT_LOW_W4/models/obj_dir/Vlng___024root__0.cpp,50855,debe12a0071c4499e6fde2d5bd50d4af6b6c0482a079240ae2452f94819bfe58
work/01_MC200_TT_LOW_W4/models/obj_dir/Vlng___024root__0__Slow.cpp,10776,967db0929949f9ac44f14e08d09997c895202eb2a1279370f1742628d71873a5
work/01_MC200_TT_LOW_W4/models/obj_dir/Vlng___024root__Slow.cpp,674,11f5fe9d02b86ebc4a1ee7c40bdb5268c2a171e029a5c7e862df4cc8ef03bb60
work/01_MC200_TT_LOW_W4/models/obj_dir/Vlng__pch.h,745,972b112d15bd0ce7e340a9c878e68245507fbff57439c854f9e61caf2fcf0d01
work/01_MC200_TT_LOW_W4/models/obj_dir/Vlng__ver.d,1647,f8a5eb40dacf64578f2580e9371cb4a464a9a6ac817a1ce4a02066f77595c088
work/01_MC200_TT_LOW_W4/models/obj_dir/Vlng__verFiles.dat,3856,4afd847216b409b3540e9d83e5c3e28bb289a675e31c69333b9b786862c880e7
work/01_MC200_TT_LOW_W4/models/obj_dir/Vlng_classes.mk,1636,315dde8243f844b56dfdfde4fc0dabe185a2728c2950497d05b849eceaf5b3d3
work/01_MC200_TT_LOW_W4/models/obj_dir/inouts.h,0,e3b0c44298fc1c149afbf4c8996fb92427ae41e4649b934ca495991b7852b855
work/01_MC200_TT_LOW_W4/models/obj_dir/inputs.h,62,ef07e09ec40a2fa7a75e253ab26cdf0a4713c9c94704c13d84b214b7b32e6de6
work/01_MC200_TT_LOW_W4/models/obj_dir/outputs.h,488,566fa14722145e129a4b6e266c7696e14b7a6bce432e7fbb5a63256b8dfdea61
work/01_MC200_TT_LOW_W4/models/obj_dir/verilated.d,802,e57e6cd1350f68d70ceaf86c835a6cdb8c5b6e460600abc120d8d31cca333ccf
work/01_MC200_TT_LOW_W4/models/obj_dir/verilated.o,258264,ee3f787e3720eb885783c5c4b6adc1a0817db32b342ad0a811897d14c1c3e0eb
work/01_MC200_TT_LOW_W4/models/obj_dir/verilated_threads.d,487,2c83c57cbc4b44ca75dc0d8dd62b3979479b04d50661c959103aa5ebe95b6cdf
work/01_MC200_TT_LOW_W4/models/obj_dir/verilated_threads.o,62480,68d59b5013fbd2d2dd85ad7f0472d8723fefe216d716b50b88defa59d53ade09
work/01_MC200_TT_LOW_W4/models/obj_dir/verilated_timing.d,484,84694bb905620efd259ba20ccfb9b2495be47eb8a37e643c801536defcc870f5
work/01_MC200_TT_LOW_W4/models/obj_dir/verilated_timing.o,13320,f143b715f3324f9d1528cda064f0e1d2bbffbc3d0632ac67ef751ba0c6c6ed59
work/01_MC200_TT_LOW_W4/models/obj_dir/verilator_main.d,286,b0b6e8e5f987b23ad2ba55a746e4d14dc6c18be0e0196f0d1d41dd50cb5876c4
work/01_MC200_TT_LOW_W4/models/obj_dir/verilator_main.o,1368,94057ff1588bbff9205817b9b381c3442750c928acfe6205c7573c72b3f3c743
work/01_MC200_TT_LOW_W4/models/obj_dir/verilator_shim.d,650,6a3b73c1a56992eb3a5a161b21569989e1905082f803445517005d118c38f78c
work/01_MC200_TT_LOW_W4/models/obj_dir/verilator_shim.o,6768,3327836e14a15ae42c5a8b5de85e768e49ccf434171fec3bb20584b007ed8b4e
work/01_MC200_TT_LOW_W4/netlists/SAR_ADC_ANALOG_CORE_TT_BEH_NO_R6.spice,705,2742f5c503999fa816b5aafdf10d0716ab0ba124c977d0d47a3ddc1de8ddc9a8
work/01_MC200_TT_LOW_W4/netlists/core/subckts/CDAC_native_extracted.subckt.spice,4365,6e98da540b1c765b0dcec4d1e10399142dc37b7f1c21960d289a83f07ec10ada
work/01_MC200_TT_LOW_W4/netlists/core/subckts/Comparator_StrongARM_extracted.subckt.spice,3906,53f26155df31b8d1f50dd1bc99a17a6530de29233c11faabe63906debd1b5b49
work/01_MC200_TT_LOW_W4/netlists/core/subckts/SWITCH_BOOT_SP_native_extracted.subckt.spice,3195,3ef9735c56374250575394bbc2dbbf4e33ad4cc4c02af0055205160908e0daf1
work/01_MC200_TT_LOW_W4/references/GF180_6_Passive_Elements6_commit_de3240d.csv,645,7597c4460eb7ca9aa85241f922c04c7fa6a5baafce22efa86ae56000b6a46cd8
work/01_MC200_TT_LOW_W4/references/baseline_mc200/d3_combined_summary.csv,72792,beed4e69554e7d7a41ee2e5480a4d048bf42b4255ebac0960cbe704c4520dbc0
work/01_MC200_TT_LOW_W4/references/baseline_mc200/dynamic_codes.csv,3960012,f3c78e80e1cd3576db17c13901b8b7d5fd8c241f07aefdffbac49048f6d66980
work/01_MC200_TT_LOW_W4/references/baseline_mc200/dynamic_master.csv,410734,f1051910949db2d4046acddc988c8225822214481dbbef90d6de978e27829173
work/01_MC200_TT_LOW_W4/references/baseline_mc200/population_percentiles.csv,2733,f7bf314e3b07539132536e9b613c4db2a60f94a7dc83952f7773731cc962d7bd
work/01_MC200_TT_LOW_W4/references/baseline_mc200/representative_spectra_manifest.csv,1339,54e6caa79eb9e6006e51df9c9bd607b36835f047419a7f5f83d28fab3c2ee225
work/01_MC200_TT_LOW_W4/references/baseline_mc200_low_w4/STATUS.json,3500,728915c280c268512ad9ada9931ccab36283d82f77f94c927894af68fb4d5a25
work/01_MC200_TT_LOW_W4/references/baseline_mc200_low_w4/codes_all_13600.csv,3794557,a3fddf3a6e91fae87d2e05c47279b08390b115c0f45b3b241d53095769ea4113
work/01_MC200_TT_LOW_W4/references/baseline_mc200_low_w4/codes_fft_retained_12800.csv,3575704,7d8f6c334e6ed441c05dc630f4041ad04728189bd259e0d1aa40c051eb17fb2d
work/01_MC200_TT_LOW_W4/references/baseline_mc200_low_w4/manifest_audit.json,384,5bcb9fbabe172f251d47d66aa5dc15b015fc171087f668146a19748a35c8c93a
work/01_MC200_TT_LOW_W4/references/baseline_mc200_low_w4/manifest_sha256.csv,157278,ad2975531814a181dc6d1b034a9ff25f41e963053a9d86c5a81647f364244eb1
work/01_MC200_TT_LOW_W4/references/baseline_mc200_low_w4/population_percentiles_w4.csv,3428,f1f129823dc7d3c210135012595893e5265e9cc679ffe77882d08f7f4e203b0f
work/01_MC200_TT_LOW_W4/references/baseline_mc200_low_w4/population_summary_mc200_low_w4.json,2012,ed3259231a440ce4e90247395555d989edbea6c6624f591abcac56982d98d71f
work/01_MC200_TT_LOW_W4/references/baseline_mc200_low_w4/steady_state_master_mc200_low_w4.csv,338533,4ca004a5569487e19134430b35a6827bab2ef397169f298fd04fbddc336a7c7c
work/01_MC200_TT_LOW_W4/references/candidate_source/QUALIFICATION_STATUS.json,1040,7d4062ae5e19b5f579e5676bf526b0fb06cb690c5a8b4996a02a5af037aa0bfa
work/01_MC200_TT_LOW_W4/references/candidate_source/candidate_binding_audit.json,730,cc8d29d0838ee57fbc00b03d2195475e829c3a12c5f6992627d7244505e08db3
work/01_MC200_TT_LOW_W4/references/candidate_source/qualification_input_manifest_sha256.csv,187956,e0c3edb1b3446144dda2a981dd698cc44c7b7cb1117ece4a5bf6e1b4a11e5cd4
work/01_MC200_TT_LOW_W4/references/current_mc200_full/dynamic_codes.csv,3960012,fef09049af42a7701c0466ac41043383775d770c67a789162dc354edabde4dde
work/01_MC200_TT_LOW_W4/references/current_mc200_full/dynamic_master.csv,410653,069fedf9a359cea5d81af449d3d0e284b6187ca57db0719209f0f0cdb257ecdb
work/01_MC200_TT_LOW_W4/references/current_mc200_full/job_matrix.csv,86352,229faad34c29cbaf0c9c6f23ee45b8de6c8baab449163a7fa7e4610d2b7b998d
work/01_MC200_TT_LOW_W4/references/current_mc200_provenance/execution_audit.json,1781,943548f52a4191d6a43713e4ce7c5a69918c9631deb37a39e629f6fd28f607a6
work/01_MC200_TT_LOW_W4/references/current_mc200_provenance/full_mc200_resource_summary.json,263,5cd3f722835c0197edd9a8eef9edfab192a4f8eb89f2db353c4fc5fab06fd14c
work/01_MC200_TT_LOW_W4/references/current_mc200_provenance/host_production_source_audit.json,511,338eafb17104600c620dd674380c3855103e394687999838621190193762e83d
work/01_MC200_TT_LOW_W4/references/current_mc200_provenance/manifest_audit.json,391,5e71770d3145bfe378995e041258da2998eee653a9091ae618de4b562af21d72
work/01_MC200_TT_LOW_W4/references/current_mc200_target_codes.csv,196269,57f6fc57c3ff79dedd4ecf294d9139c20a4744ebe6304401515546f0256d3024
work/01_MC200_TT_LOW_W4/references/current_mc200_target_master.csv,21469,0f92076b83cf8f00c278e130d1bc7bd5b4ff4f6e7cfa0dfc1ff966ca73fbf21f
work/01_MC200_TT_LOW_W4/references/early_mc200/dynamic_mc200_fast64_codes.csv,1843228,1c3236c5ba9e4153a8504b6a334068692e51e4c64f244bde8d2fb9fd91bfb93f
work/01_MC200_TT_LOW_W4/references/fixed50_41_compact/README_CN.md,1378,742fc4c44232548b515011fffe304b2e5d4c36ada4421104291c93e6e9c4a57e
work/01_MC200_TT_LOW_W4/references/fixed50_41_compact/STATUS.json,628,c583309b60bf4bb5aadd4ab80e034c7b8aa80cde88d4d6d7a06980d9224f7cf9
work/01_MC200_TT_LOW_W4/references/fixed50_41_compact/comparisons/comparison_by_reference.csv,35667,3fc54f23ee1f128be6a15703c0757eb691458779a4a5c133e7642f20d275b58e
work/01_MC200_TT_LOW_W4/references/fixed50_41_compact/comparisons/comparison_summary.json,2861,0506172013679018454e88fa6d7feb4c0309c44b3279b2b8349f523d4867b979
work/01_MC200_TT_LOW_W4/references/fixed50_41_compact/comparisons/frame_code_differences.csv,2005,1c86e7c5300b91e7e679d78c1c6d158408112193e88ecb9a15e24887c1cbf758
work/01_MC200_TT_LOW_W4/references/fixed50_41_compact/comparisons/r1_target_frame_comparison.csv,1369,bba5bbbceddd70bed04a16d094f74922af5ee1c4f4520babbccd0ff6417d402d
work/01_MC200_TT_LOW_W4/references/fixed50_41_compact/comparisons/target_classification.csv,4637,259d18429bb60a817f1254ace5b84741ce05b138e66faf74ebd65895296590e0
work/01_MC200_TT_LOW_W4/references/fixed50_41_compact/config/fixed50_target_contract.csv,3994,17878190e5c63a49c5d41e3037ac8861360e6e83dbfcd4096d8db5731547ae15
work/01_MC200_TT_LOW_W4/references/fixed50_41_compact/config/fixed50_target_contract.json,786,4282bb4fc5ec00199599e80785c352f0d9a8dd043fc29eeaee679da0da3ea18a
work/01_MC200_TT_LOW_W4/references/fixed50_41_compact/data/fixed50_resource_trace.csv,28236,3515aa078ab12ea2beca18b0d0539f6582086bc7f37e7800f8c7797f3e9992df
work/01_MC200_TT_LOW_W4/references/fixed50_41_compact/data/fixed50_target_codes.csv,390531,5d7f65d5bcfd09c9333113b25235ccb03e851a7428c51f6d6ec4b6a17ee92393
work/01_MC200_TT_LOW_W4/references/fixed50_41_compact/data/fixed50_target_master.csv,42530,b5fae7961ac9928f13fff21cd61b2129a22833d8d91a73b7991c0bab212618a4
work/01_MC200_TT_LOW_W4/references/fixed50_41_compact/manifest_audit.json,350,de422d9116337adbf61194e330cc77c0e6d613c0b3a023fc902279d3a25cb50e
work/01_MC200_TT_LOW_W4/references/fixed50_41_compact/manifest_sha256.csv,2932,5c2262226e0d03a386271bdc1d0fe17e535f1201c6089aab1a071ef3ba5fe258
work/01_MC200_TT_LOW_W4/references/fixed50_41_compact/reports/A44_MC200_FIXED50PS_NONREPRO_SUBSET_RERUN_REPORT_CN.md,4887,aeca0cca6ebac175f4ccb8c00e8c0da45eb49f9d8984e9e73684a4a35c4e157e
work/01_MC200_TT_LOW_W4/references/fixed50_41_compact/results/base_reset_audit.json,180,ae75c961137b3171944da31a33c9242dcc9c45e3870bc32c6f9a3c8ec13b3a5d
work/01_MC200_TT_LOW_W4/references/fixed50_41_compact/results/completion_audit.json,1070,f3f0287a97cb0c9d82d62c240e34c46e30d77ced85afc400b5162baca64a7347
work/01_MC200_TT_LOW_W4/references/fixed50_41_compact/results/fixed50_execution_status.json,1413,8a2149aee284fa030219e3d1d0217985f28681327197dc4d47d6c71fa84c3f13
work/01_MC200_TT_LOW_W4/references/fixed50_41_compact/results/fixed50_preflight.json,470,ea47679737a6794cdd31ef5773900328388e9211c0a276d95e066b762ed63e7e
work/01_MC200_TT_LOW_W4/references/fixed50_41_compact/tools/build_target_contract.py,3382,327cdf0eddb662683df026b805fb1d9c0ad8b438bc9564b917010fc7ccb51665
work/01_MC200_TT_LOW_W4/references/fixed50_41_compact/tools/compare_fixed50_references.py,16051,5b5232b4aa5f341401516c0a70f4bf8c7b207bd9bc03ebb0796da38d5d935889
work/01_MC200_TT_LOW_W4/references/fixed50_41_compact/tools/reset_compact_base.py,2798,753889aeab9817c0f9e191dbbcca450f8aeb4774e0825628b70bdd0d42173129
work/01_MC200_TT_LOW_W4/references/fixed50_41_compact/tools/run_fixed50_subset.py,12096,ac92b34e46ba44f5c84b07ed5105ea084781c9199541c075b3f03ca40a3939f5
work/01_MC200_TT_LOW_W4/references/fixed50_41_compact/tools/seal_package.py,2334,b6c4deba328f6ddfad9b1a6aea6a2e248b5888bfb7278b31aa8147a1191c10d3
work/01_MC200_TT_LOW_W4/references/fixed50_41_compact/tools/verify_fixed50_package.py,6278,20d8a3d0c6b3588244ff064863b3ef5acc53dc41cbe2ca3dd56fbb6a8b05a3f6
work/01_MC200_TT_LOW_W4/references/later_mc10_v10_original/csv__dynamic_codes.csv,198107,5ecced56a59ed641bda64f38b6d613a69c550fb4f7ff2a5b64525b7b80709c4b
work/01_MC200_TT_LOW_W4/references/later_mc10_v10_original/csv__dynamic_master.csv,21466,453f9a2955f63f1e957f1fd377cd69f1fd56895b270d7cdc00ed0feb365739a8
work/01_MC200_TT_LOW_W4/references/later_mc10_v10_original/csv__selected_seed_comparison_mc10.csv,1761,f1ede8fcca37f22e46bf9f27476ce808fdf3cf3f2d7f8d0e2cc9fc05e1046b5a
work/01_MC200_TT_LOW_W4/references/later_mc10_v10_original/manifests__job_matrix.csv,4150,68c2359bcc779472b8017e27cbd8b158abe05bf8bee98ef9493d69f439145129
work/01_MC200_TT_LOW_W4/references/later_mc10_v10_original/results__quick_status.json,885,ad3b14255c5113f353e45891d10929d70bc764f819b97e2cc5371ce43a06e319
work/01_MC200_TT_LOW_W4/references/later_mc10_v10_original/results__runtime_validation_timing.json,2180,f4f2794c3aebb0be7bd4a330000bc187376ad5000529c8bb56a12c25c5195cdb
work/01_MC200_TT_LOW_W4/references/legacy_active_config/dependency_hashes.json,6547,416372aacda27d88992799c99aefb81f4d3964d540108db6372bc0f9e5498d32
work/01_MC200_TT_LOW_W4/references/legacy_active_config/environment_fingerprint.json,509,d2525423d29601a5444eff59e9f342560a484413a22e252c4bd7620e8cf7c6eb
work/01_MC200_TT_LOW_W4/references/legacy_active_config/mc10_target_contract.csv,8043,c039f4d148dfcea74d7acf17135b425bfa6c61d9ef2f4fa1d4d3ba6a89980da3
work/01_MC200_TT_LOW_W4/references/legacy_active_config/mc10_target_contract.json,1718,1809dd2dfdc289e598e32b3f3f0511444057940a3b0209709cab41d9fed79e35
work/01_MC200_TT_LOW_W4/references/legacy_active_config/qualification_cache.json,6098,78e936114a6e71e7f97c164dbb79820f72aa6969135b0d3842f3da2d15dc9253
work/01_MC200_TT_LOW_W4/references/legacy_active_config/run_config.yaml,4078,7527ed67084406227a560ca41571bb9037e2fff247d2bf9d5b16ebab1d5138be
work/01_MC200_TT_LOW_W4/references/mc10_v10_plan/A44_CODEX_FAST64_D3_MC10_ONE_HOUR_PLAN_V10.md,7713,e6c06659f3dc5886561ca206ade74051746edc3aa8bb177c37e9bee6bd99dfb2
work/01_MC200_TT_LOW_W4/references/mc10_v10_plan/A44_FAST64_D3_MC10_PLAN_MANIFEST_V10.csv,339,256eb1a651fce413a96997ec7a4c4e9f12381b549b82dafe802d1658831c5694
work/01_MC200_TT_LOW_W4/references/mc10_v10_plan/A44_FAST64_D3_MC10_RUNTIME_ESTIMATE_V10.csv,551,c45243dc6a47ed13bf306dae126ac0f5def6b5871c52b500254f296fb15d6ba2
work/01_MC200_TT_LOW_W4/references/mc10_v10_plan/A44_FAST64_D3_MC10_SELECTED_SEEDS_V10.csv,1214,1554f66740a2e3e040b21facb37804b8da475ac3415e33ce140e3157462fde20
work/01_MC200_TT_LOW_W4/references/method_contract/FAST64_V2_FIRST_CONVERSION_SEPARATED_CN.txt,15878,12c4936f8039daeb28a472ed8f9cbf4193cf05e163e7357f1d17c61c3f238afe
work/01_MC200_TT_LOW_W4/references/plan/A44_MC10_FAST64_V2_FIRST_CONVERSION_SEPARATED_RETEST_PLAN_CN_V1.md,16582,c9971b3bf11c3ec66946d187d9984e1ada526289a1f1127221c8c9e64cb7dc99
work/01_MC200_TT_LOW_W4/references/setup_initial_p0_audit.json,2005,23022cc323bf5d88d2ce9897ed2175bb68d4fff67a3fb2b2f87914fa23f84f2a
work/01_MC200_TT_LOW_W4/references/v7_inputs/A44_CODEX_FAST64_D3_ONLY_32GB_ONE_DAY_PLAN_V7.md,24462,d7d90f3d7e7884ad5d38e65a2a5bd6684a1160dff56c1946094e2245c93e22e0
work/01_MC200_TT_LOW_W4/references/v7_inputs/A44_FAST64_D3_ONLY_RUNTIME_ESTIMATE_V7.csv,477,0fade6c65c796533257980e495a7d7e5ced0a3b11c1cc6315bc8d4b06077c028
work/01_MC200_TT_LOW_W4/references/v7_inputs/A44_FAST64_SPECTRUM_PLOT_STYLE_V7.csv,627,546801ea5b376a1616d73c61c061e0859863ddb7c9ec7a880b81b58be09ea991
work/01_MC200_TT_LOW_W4/references/v7_inputs/reference_spectrum_style.png,216653,5cf411bae18f12df14cd045c86df7e26e7df6c344e996976254a68aa6915e474
work/01_MC200_TT_LOW_W4/references/v8_inputs/A44_CODEX_FAST64_D3_MC12_PLUS2_ONE_HOUR_PLAN_V8.md,9974,f3b1383285ad8a8ba6eb340b89eed72f44685817fde75a68b4a31b5a7a166663
work/01_MC200_TT_LOW_W4/results/population_summary_mc200_low_w4.json,1380,cacc45f56b6f1f891958a4c6b93bfb69a9aeabe9d568a268a7fc8f279c300f0b
work/01_MC200_TT_LOW_W4/results/setup_audit.json,597,b6bc710269c6b2bd45f39a4987b48173ed853698bd3fef8010f98b00d229301f
work/01_MC200_TT_LOW_W4/results/smoke_audit_current_mc200.json,1619,85572a0457f77ec98269b7ba6308dfcc207955ba7229d2a91eb88a8a0e630fc5
work/01_MC200_TT_LOW_W4/scripts/__pycache__/analyze_cmp_in_a2p25_w_mc200.cpython-312.pyc,15062,1d5d90f8c05024dd148e145bb84d060bd8a9bd54db5e7f83fd2109db571cbadc
work/01_MC200_TT_LOW_W4/scripts/__pycache__/dynamic_analysis.cpython-312.pyc,11222,28d2db9c522708e05c61075b89e97e7e82adbf6f41ebc3d39015b82a1a8e90ad
work/01_MC200_TT_LOW_W4/scripts/__pycache__/fast64_v2_common.cpython-312.pyc,13797,b8b7508192f56d0816885e331312d54e29f56667bf8ca1fe2d7d0ebdf0fc91d1
work/01_MC200_TT_LOW_W4/scripts/__pycache__/finalize_cmp_in_a2p25_w_mc200.cpython-312.pyc,14736,b7bdd4e0d1acbd1cb78e57badc3e948785c55634062388e917855cbc7f644db3
work/01_MC200_TT_LOW_W4/scripts/__pycache__/freeze_current_mc200.cpython-312.pyc,8470,9ff590497f9c9b9d4719026facf2d7cc96deeeffc48611d5846f826cdc04109e
work/01_MC200_TT_LOW_W4/scripts/__pycache__/make_cmp_in_a2p25_w_mc200_comparison_plots.cpython-312.pyc,9030,d3f2f705d496749148b5ea6585e13d4414e1953f5964caf2996b2ae5da33b293
work/01_MC200_TT_LOW_W4/scripts/__pycache__/make_mc200_low_w4_plots.cpython-312.pyc,22873,08096c75abc8714da4b107f14ed5a9afd3982325dac1a76bf9eefe1a9c3c950f
work/01_MC200_TT_LOW_W4/scripts/__pycache__/sar_campaign_common.cpython-312.pyc,33997,56be67ee4e1ecbd327b91eee0204521e402bc0937e63f94db88cb3e8271f09b1
work/01_MC200_TT_LOW_W4/scripts/__pycache__/sar_event_noise.cpython-312.pyc,24132,d255ccc57815bcbacb83c91ea6c8c44b2df67e0e30177fe5577baa514684ccef
work/01_MC200_TT_LOW_W4/scripts/__pycache__/setup_mc200_low_w4.cpython-312.pyc,26741,50b8fbfa145c843882c4fb244c6f2c37aec60daee1afac78a5f7a3f6a8eab50e
work/01_MC200_TT_LOW_W4/scripts/__pycache__/verify_cmp_in_a2p25_w_mc200_package.cpython-312.pyc,5826,5ca0010eece078a22fa1e669fe14855b874525101abd7eefb25778cfea891bdc
work/01_MC200_TT_LOW_W4/scripts/aggregate_full_retest.py,13083,d8a768ea2ad00a722c88b7ea61d0226cd2218349b34833a75a14daf8ecc7c803
work/01_MC200_TT_LOW_W4/scripts/aggregate_v7.py,42390,207259e7b8ad94ae11cd28e0ac97a3b372a9221ffa18faf54b8e84ff51e5f61d
work/01_MC200_TT_LOW_W4/scripts/analyze_cmp_in_a2p25_w_mc200.py,13716,abc101947faad53ffc02eade4d8586096a0f4f67288e808b4d5bcf517237ffc5
work/01_MC200_TT_LOW_W4/scripts/analyze_fast64_v2.py,32976,d806d0ab7e2afac3b27f3d89d884336dcaf1215ddba1a698772e28c2ecb3b00f
work/01_MC200_TT_LOW_W4/scripts/analyze_mc200_low_w4.py,18241,38272e852e7d6d3fdccdea03481374c10609a82daa2551a9cec9de2bad5f7af0
work/01_MC200_TT_LOW_W4/scripts/audit_campaign.py,8575,1ba6cb2b792a3ffe322adcabe024fdb5319ae415f660c19745bd17b61c62d951
work/01_MC200_TT_LOW_W4/scripts/audit_current_mc200_smoke.py,2818,68f65eeb9d59805f7ccb4ac63394e8ff5ef6bf1c90525d48ebeccea0f341e576
work/01_MC200_TT_LOW_W4/scripts/audit_fast64_v2.py,16641,6ca2e6acaf5c30349268d320f5e2499c503ddfe4019e9d33392f2454ba507257
work/01_MC200_TT_LOW_W4/scripts/audit_final_report_pdf.py,1926,10c084c42bcd7513188788dd6caffeb15f23470fd912c474571d401dde8eb7f5
work/01_MC200_TT_LOW_W4/scripts/audit_full_execution.py,8618,3f7b1065f4d62e71d65e33fb48de99fd27e1f48b03dac809beaf303cbcff3d00
work/01_MC200_TT_LOW_W4/scripts/audit_mc10_repro.py,10839,5f45d15deb406320bda57983a01deed274c051500d99676497d0debe526ab47b
work/01_MC200_TT_LOW_W4/scripts/audit_smoke.py,3778,8c7e452e1fe8b268f5cb5c06401a3190674da852265f6bc018a1d5e8db054206
work/01_MC200_TT_LOW_W4/scripts/audit_smoke_mc200_low_w4.py,4974,217666af077bc68aac4cc2db625b8674cceceb0cd2d049242ff9fc7aa79d204a
work/01_MC200_TT_LOW_W4/scripts/audit_v7.py,8167,943e6da8e0e5c50e959ecce9f7c81dd4a9d06cf1124c862d31b37141630512e3
work/01_MC200_TT_LOW_W4/scripts/build_behavioral_model.sh,1449,45fec88977a2785d1c3ddf1d37da58072d1efaab4aa12b204e18d2ea76f678a3
work/01_MC200_TT_LOW_W4/scripts/build_summary_package.py,3962,0cd36ee4310d7eb0b16c60ca68de74fc8103e80a9340c02c3d70a2b6b4b35873
work/01_MC200_TT_LOW_W4/scripts/build_target_contract.py,3382,327cdf0eddb662683df026b805fb1d9c0ad8b438bc9564b917010fc7ccb51665
work/01_MC200_TT_LOW_W4/scripts/capture_mc10_triggered_fullwave.py,6520,492fd7246017b7c736f01cae062ffc9279787527840b70fed59f4bc66c3ee073
work/01_MC200_TT_LOW_W4/scripts/capture_s110_fullwave.py,2567,457d5d8f4e8f5bb0c82733ea08260257914589f42ae70c4099aade54f08b6fab
work/01_MC200_TT_LOW_W4/scripts/capture_s110_fullwave_explicit.py,3225,72ca9e295630e830ec0b675963a33fee86d15e0b2272f9bf6f2292203a6b4c2a
work/01_MC200_TT_LOW_W4/scripts/compare_fixed50_references.py,16051,5b5232b4aa5f341401516c0a70f4bf8c7b207bd9bc03ebb0796da38d5d935889
work/01_MC200_TT_LOW_W4/scripts/compare_full_retest.py,12721,ed8b9709f994af6508959accb38921664faeffed85ff819174c7852524bb1e7f
work/01_MC200_TT_LOW_W4/scripts/diagnose_s110_repeatability.py,5808,de9863d7e777865becdc6b74e4ab5cb8155f5a6a8e5b55cd14b2e796d80e1096
work/01_MC200_TT_LOW_W4/scripts/dynamic_analysis.py,8050,327628f51fdc0b88ee72ee14dc0c33ceb2d93a56a17c61093db9053990e0a90a
work/01_MC200_TT_LOW_W4/scripts/fast64_v2_common.py,10238,3a5a9fc4967d141ca337f2280ead34e4ab7d935b46f2508cfde4fa74db1de198
work/01_MC200_TT_LOW_W4/scripts/finalize_blocked_campaign.py,48050,705cb2ebc5001a2d70fd1263603c119c4a4d0c871efaa04ac352ed7d7f85976c
work/01_MC200_TT_LOW_W4/scripts/finalize_campaign.py,49180,02f1fea7386653ad4a37b22945fa3802cc01de14661710a366239bfcac944390
work/01_MC200_TT_LOW_W4/scripts/finalize_cmp_in_a2p25_w_mc200.py,11192,82f2f6138385d11d999b131a960d259b166dfbcadaa780297d1a526d199d80e4
work/01_MC200_TT_LOW_W4/scripts/finalize_fast64_v2.py,19340,53b6dbdb41f80e29813669796d9066d95a863e66eb1c8b3d2e11a399353df80b
work/01_MC200_TT_LOW_W4/scripts/finalize_full_retest.py,14268,b7c682bba3e138fd16774bbf3b4b0b86c8ef5beeee97928aafd918745f40c709
work/01_MC200_TT_LOW_W4/scripts/finalize_mc10_repro.py,14405,893abccdde71c5767bf950d22f638973eeed9fb62cd31509884486e8f259e32a
work/01_MC200_TT_LOW_W4/scripts/finalize_mc200_low_w4.py,10457,89075d413749bf6c253beadb47f30f0c47937f353c5bde59439ff3c1ee9e5b9d
work/01_MC200_TT_LOW_W4/scripts/finalize_mc200_low_w4_delivery.py,12046,1c4e34a034b667319eb6dff40f0d6f35de5ebd87919c96804870ea41f919642e
work/01_MC200_TT_LOW_W4/scripts/finalize_resource_admission_v7.py,2444,0448bc216d09fc303e42a1fafbed4285ee4d351e89e1e96876caf155eb12dc01
work/01_MC200_TT_LOW_W4/scripts/finalize_static_fail_campaign.py,32356,ef17ec0fd5cba3c9677f56cbc36bd6545352ad6eb3e7ef3f70610724c4265cc6
work/01_MC200_TT_LOW_W4/scripts/freeze_current_mc200.py,5758,d3229e70f09b3530c3f22cd20f99e923e98cd8adfa47651a9607bfc47c0e1c66
work/01_MC200_TT_LOW_W4/scripts/generate_cdac_mismatch_model.py,17403,a30165ea43ae2a1e757a66fab04cd0b5ae559e7ecdebf4ae7ffc953dcfd5134c
work/01_MC200_TT_LOW_W4/scripts/make_cmp_in_a2p25_w_mc200_comparison_plots.py,5629,ab4a563638d3b7f1a9434237aa0d52e180cd40a81561c36b5f806d13b617793c
work/01_MC200_TT_LOW_W4/scripts/make_fast64_v2_plots.py,16917,1e8509878bde6b780bf3cb680c4863672407041d6ee27232635f91bfb67b8520
work/01_MC200_TT_LOW_W4/scripts/make_formal_full_retest_plots.py,27866,5b39b6967e1bfec4ae44c548b3581400a636950ea5b65e20cea3a5c5554a8be9
work/01_MC200_TT_LOW_W4/scripts/make_formal_plots.py,13217,00714db57beb8c09973c0c013c5b0a51739f50a6bd815cc9660d387f20e88750
work/01_MC200_TT_LOW_W4/scripts/make_mc10_repro_plots.py,17173,6e52d4640ea7ecdec8044e141cbfc668ca9d631823e50c03ff654cee7045879d
work/01_MC200_TT_LOW_W4/scripts/make_mc200_low_w4_plots.py,14780,939b69c68a87e80ef14ef43ea4852ec1240789088b19e3237771c55c7c07fa7b
work/01_MC200_TT_LOW_W4/scripts/make_mc200_low_w4_plots_visual_fix.py,16562,9058a53c0897be6595680864d7873f429b9d31c69e848f62a9e29dccd336651e
work/01_MC200_TT_LOW_W4/scripts/make_static_fail_plots.py,6562,4a480f56575c61da84c0a94078427d124a9a1ee18ee21775d36752081a2aace9
work/01_MC200_TT_LOW_W4/scripts/monitor_full_run.py,2564,0f0c83a3b75bd4c9b01e832ed30bf2987dc10c63379f7a7dc4cead57d926e034
work/01_MC200_TT_LOW_W4/scripts/plot_style_smoke.py,8246,d6e54a24abd7b0755a3dbb5cb950fc657a5ad98a87ee8ff317e1c0175cc338eb
work/01_MC200_TT_LOW_W4/scripts/preflight_full_retest.py,7296,9bb587abd0955f7ef7791a048ed670861a276a4af129d1e96397068f1ad2567c
work/01_MC200_TT_LOW_W4/scripts/preflight_v10.py,8250,e6ad4462a42e9a6507f1b204e155aef04cee3fe73dd78335a7a5cb42ce731010
work/01_MC200_TT_LOW_W4/scripts/preflight_v8.py,6821,0cb0700e8243793292262b03bc61479c87c5979992ab402961e1a9d17ef5f068
work/01_MC200_TT_LOW_W4/scripts/prepare_v7.py,13181,eb5545991124120007a8848a36ee4cbc37fa0082b1baf74a1ae0f3af7a48ffc1
work/01_MC200_TT_LOW_W4/scripts/quick_finalize_v10.py,14134,1e605bddbf59dd678746331e6c7fcc2ad3a9b4411f9c8df255a56dbf52bfcf99
work/01_MC200_TT_LOW_W4/scripts/quick_finalize_v8.py,12436,bf72fb15b5360250d0261e36b5d643647dc08919e30082ad3fbc963a47148e1e
work/01_MC200_TT_LOW_W4/scripts/reconstruct_transfer.py,11922,fcc0443349f113834c7169b15b064034afbb277fc99bd98a4a016d17a1659e3b
work/01_MC200_TT_LOW_W4/scripts/regression_gate_v10.py,2196,2725c04ac6d2c3d458f211cb5da5b4887ff707be6ee3f6d392b1456e8e180430
work/01_MC200_TT_LOW_W4/scripts/render_final_report_pdf.py,6987,5125efbdd67e391253d6670afad3d6cd8e8cae6c7989bb1a12cb4f3139570ba5
work/01_MC200_TT_LOW_W4/scripts/reset_compact_base.py,2798,753889aeab9817c0f9e191dbbcca450f8aeb4774e0825628b70bdd0d42173129
work/01_MC200_TT_LOW_W4/scripts/run_behavioral_contract_smoke.py,6903,94562a0a5056b1befbf6b4a22a907f7d5766493b5c6fb61013513ce7c71d0518
work/01_MC200_TT_LOW_W4/scripts/run_cdac_mismatch_electrical_validation.py,7962,3c3e46e91c3e5563e1987b975e4204a04d05bf08af2f9898cee70a962ea6b427
work/01_MC200_TT_LOW_W4/scripts/run_comparator_equivalent_noise_calibration.py,20212,79bf95b8dc5da89352b9fe35cb8d38c455ff4840f216f4c16b23beff1c62909e
work/01_MC200_TT_LOW_W4/scripts/run_dynamic_mc200.py,14561,60d41608b04ac36666033c1ec47d1867c713e6a09f8ea3430c63ee3da12d9768
work/01_MC200_TT_LOW_W4/scripts/run_dynamic_tail_upgrade.py,16331,f978275a4c589fa2826e3304fcf8f453db1aba9dbf3236ad2496efc18c32a8aa
work/01_MC200_TT_LOW_W4/scripts/run_exact_static.py,29671,78ee5e9217a4740404bfc10b3f2ce1988bf3f16e4139c04bff0e5b3280c748ef
work/01_MC200_TT_LOW_W4/scripts/run_fast256_closure.py,11312,11b539590655eca1d9bb18177d833657cb3379a395ecccb9efe4c46e5802f754
work/01_MC200_TT_LOW_W4/scripts/run_fast64_v2.py,36806,a05a574333804c471a10fb5f45cfcb964af7420ca1b49b0869e51f311a17121d
work/01_MC200_TT_LOW_W4/scripts/run_fault_flag_smoke.py,5176,e23d30c2f9ee2f6d23b982c250465b137b4c5ed3871b23c322cf988cb01d094e
work/01_MC200_TT_LOW_W4/scripts/run_fixed50_subset.py,12096,ac92b34e46ba44f5c84b07ed5105ea084781c9199541c075b3f03ca40a3939f5
work/01_MC200_TT_LOW_W4/scripts/run_frame_isolation_equivalence.py,5974,d4a09a9fa3a22d103f1f41a209fd7d472cc76ce01b0e7286c969722722696fcd
work/01_MC200_TT_LOW_W4/scripts/run_mc10_diagnostics.py,15897,1716c195d423b711638067e80ae00284cde28c25627069f16d631235af5c1e5c
work/01_MC200_TT_LOW_W4/scripts/run_mc10_repro.py,14133,f3c0fd62c4d86f6746a2f0d910c20bc4aa11077b3ba894dc4d55be34962ae6ec
work/01_MC200_TT_LOW_W4/scripts/run_mc10_smoke.py,2925,fb842cbf00c88182bc90c14192380cde16c8a17f056bc900ca75bfcf5c274630
work/01_MC200_TT_LOW_W4/scripts/run_mos_mismatch_sanity.py,7440,7ab38d73d69f66a9efb8544d00ab40427b1fa79f6c77a3f66e532997206c6937
work/01_MC200_TT_LOW_W4/scripts/run_numerical_convergence.py,25370,e6922a48e48f7dec2ab2f11913b4d415fd7a4cdc281732f6845d3d798748da5e
work/01_MC200_TT_LOW_W4/scripts/run_pvt_mc_interaction.py,14650,6ddac95159ae09f580ecd2b9d4cc4ac3269db6133d47d507bb1753062a68fa94
work/01_MC200_TT_LOW_W4/scripts/run_pvt_screen.py,16086,83afdde8c2c78deba9188c7d1cdb8e0c6afdee561da0c54ef33498cb5303e47c
work/01_MC200_TT_LOW_W4/scripts/run_sample_noise_calibration.py,20673,1444a4ace770704c74a2b2e9c8dde59dcbdeb5f24c6b4e083f609dd61367b906
work/01_MC200_TT_LOW_W4/scripts/run_solver_profile_equivalence.py,5240,ca4e5803cf9f5d51a80ac90dc05102f2bbb12f737757e09eaada4e6645f424ae
work/01_MC200_TT_LOW_W4/scripts/run_static_failure_confirmation.py,5611,dabbaf3a1b566864286763d70715bfb6d69a14dc276b74ca8221cc5ea1a8e1a6
work/01_MC200_TT_LOW_W4/scripts/run_static_mc200.py,46179,2d0880791957feb3fe2b148cfc84dca83b5943ae38503d9a03a5c955e0b6db22
work/01_MC200_TT_LOW_W4/scripts/run_top_transition_probability.py,13312,c995a3e150dbd0417c105aadfddd4e628dd68f960c64718f4dff3e36c4b09f9e
work/01_MC200_TT_LOW_W4/scripts/run_top_transition_probability_expansion.py,16338,8a58d792af85ba66dde050bc8b076eef6de283213c912b48ca925474f12395ca
work/01_MC200_TT_LOW_W4/scripts/run_v7.py,32753,96ed74fa5c9d9c97d72fcd91c108c676ab20e6e59462e82a22712dc3e51ece2c
work/01_MC200_TT_LOW_W4/scripts/run_validation_v10.sh,749,27aea870042d3e3c07c6708f5a9de3ef8cdf8b6813cbbf88f21b54c4da991926
work/01_MC200_TT_LOW_W4/scripts/run_waveform_audits_v7.py,9072,50e179a66dad7d91d4ab2d29c726fc6e5dbd30341bf71f42461bb9481dfdb070
work/01_MC200_TT_LOW_W4/scripts/sar_campaign_common.py,26568,ce3d0a77911945e8bd2936d6751401125d37a76ca6ee6bb1c67b556cda5c683d
work/01_MC200_TT_LOW_W4/scripts/sar_event_noise.py,18387,0ebaab2b2a6d3caec8b12a0b2857f8e6e8c3b8f17c6bcd93c88d3dae8b0776f3
work/01_MC200_TT_LOW_W4/scripts/seal_package.py,2647,63bae7b621810a891c796c90098bf1e08610a18769b41d8924d4469506e5d481
work/01_MC200_TT_LOW_W4/scripts/setup_fast64_v2.py,12508,acf932d1d0220ad62bed84fdec0c9e5f989a94c8395d171000b1daa550634082
work/01_MC200_TT_LOW_W4/scripts/setup_full_retest.py,8229,2847cff8b815b99d412b59c44a37aa161299d4161cffcc3461dd6cff5c388aac
work/01_MC200_TT_LOW_W4/scripts/setup_mc10_repro.py,11797,714f20ab99d4a29d294e5674f8da8415eb925b72469e79f73615b0efab6eec83
work/01_MC200_TT_LOW_W4/scripts/setup_mc200_low_w4.py,24934,f9db76f0cdefa03bf5acf38d77fbf470e36daed8039a6716daacbe4c018c6c6f
work/01_MC200_TT_LOW_W4/scripts/test_fast64_v2.py,5544,212e8462cc60973944646703e4c6fd9621c297374b37abd3b561338ed4658405
work/01_MC200_TT_LOW_W4/scripts/test_mc200_low_w4_contract.py,1721,439640f48740239c87edc21607bc94a26c4d40b9a78527a78225d17e0fe1a597
work/01_MC200_TT_LOW_W4/scripts/test_v7_analyzer.py,1736,d804e8172e001193434c26715aee592981f68152c4d1c99f5cf53fef8739dbd2
work/01_MC200_TT_LOW_W4/scripts/v7_common.py,5552,2832b0a9a3f75ae6692bc63754732fdc8aceceeb7cc1e988b6fd9e1b8cf9db40
work/01_MC200_TT_LOW_W4/scripts/validate_runtime_v10.py,17496,0301e6f5540f7e9303f872b66472835e3a5627649d0a636b2e114053b13ea58f
work/01_MC200_TT_LOW_W4/scripts/validate_runtime_v8.py,16542,e580e738e8be556a11a69848d50328308eab08217de7c33aff23a58387bd61be
work/01_MC200_TT_LOW_W4/scripts/verify_cmp_in_a2p25_w_mc200_package.py,4070,c54c2b7ba7b90758ba5a9bb3b2847811654b8fcd8fcaa341e037af23516e4652
work/01_MC200_TT_LOW_W4/scripts/verify_fixed50_package.py,6278,20d8a3d0c6b3588244ff064863b3ef5acc53dc41cbe2ca3dd56fbb6a8b05a3f6
work/01_MC200_TT_LOW_W4/scripts/verify_host_production.py,2400,8366da1e056ff2e15aff29c3a4116e24800315130b8231ddcb57a728e567ec5b
work/01_MC200_TT_LOW_W4/scripts/verify_pdf_artifacts.py,3413,740373782ab8a92c27cb93df07b7f585045aa4aa6e75398939eb5b386bd54914
work/01_MC200_TT_LOW_W4/source_snapshot/guide/A44_CODEX_TT_BEHAVIORAL_SAR_SCHEMATIC_SIGNOFF_PLAN_EN.md,47779,208f5349ecbdb7b7bf2f7034fe8e2a6b4e9adcbcca0ea533ede535343f8a819d
work/01_MC200_TT_LOW_W4/source_snapshot/pdk/pdk_hashes.txt,1022,4d9c610dccd523c5c9eca37931320e1d3e4723f4cfb26c134737bc77249912c5
work/01_MC200_TT_LOW_W4/source_snapshot/prior_model_audits/comparator_noise_probability_report.md,537,02892e914dbf0ba9dff81329b96d65094e6d9d3502d1be8d6f21f77d278d595e
work/01_MC200_TT_LOW_W4/source_snapshot/prior_model_audits/mc_failure_report.md,1084,582566e13411b43597b566e345fbca090e206ba424f57f30173a366704da29c0
work/01_MC200_TT_LOW_W4/source_snapshot/prior_model_audits/mimcap_mismatch_provenance_audit.md,1089,cf5d5b65dc42cdce4acdf98ae7ec6acf5fbc435a1d402ad82f3f0327390b0295
work/01_MC200_TT_LOW_W4/source_snapshot/prior_model_audits/mos_mismatch_sanity_test.md,2224,5d07606d97519d895460610c265140bd72bc03224d195dc0a729e3522fdae07a
work/01_MC200_TT_LOW_W4/source_snapshot/prior_model_audits/noise_calibration.md,350,3abd8b252e48e7c1fb3b6832cf0dbe56be5e7b7c05084b9b1d9d1e7386f23301
work/01_MC200_TT_LOW_W4/source_snapshot/prior_model_audits/numerical_convergence.md,1798,ff88158318ea9b8d44072c62a116b3c2d76116663f8dc2c26cacdd0e320335a2
work/01_MC200_TT_LOW_W4/source_snapshot/prior_model_audits/pdk_statistical_capability_audit.md,3177,72e795a7272c2c030ff69e730e67a8f6f8647819fcfb1757f791271ca910f691
work/01_MC200_TT_LOW_W4/source_snapshot/prior_model_audits/solver_profile_equivalence.md,331,bb5ba8a8b5dfb9de2b047f0b2b7dbc3f50dc1b29c52f7e258145d6c21db4bf20
work/01_MC200_TT_LOW_W4/source_snapshot/project/current_goal.md,21487,59c8aeb872793fb42ec0b287dd56e06d15b8581b1cc29c159191205d4010773c
work/01_MC200_TT_LOW_W4/source_snapshot/sar_current/README.md,4196,048d47ed2683aa21a3cf5107b24b9b09c88bb41da2e57045b9102aea66ea47cf
work/01_MC200_TT_LOW_W4/source_snapshot/sar_current/SOURCE_BINDING.md,3171,5e8222a19e92050001f8508e9b89e291ee8534e060d0a2fbeb7c3bf31e5563d6
work/01_MC200_TT_LOW_W4/source_snapshot/sar_current/assembly_checks.json,5028,34880e6c569570c71f846ff702beeb47ec889f4c207c7d1d779639869c864473
work/01_MC200_TT_LOW_W4/source_snapshot/sar_current/package_manifest_sha256.csv,14602,0f2c184678ee1c7fc142d8e9fb29689b3df281f369aa5a74a9e68867fdb05904
work/01_MC200_TT_LOW_W4/source_snapshot/timing/sar_bit_trial_trace_actual_logic.csv,2733,6a60bf3f5ad44f34108c4084135a3d86c7396cdbc284b53b3079edd2b883cb07
work/01_MC200_TT_LOW_W4/source_snapshot/timing/sar_logic_async_core_RTL.sv,7383,be43ce73959afb150e9987401eccf6aecb38c8e29d4ad5b780525b6b5e90afb9
work/01_MC200_TT_LOW_W4/source_snapshot/timing/system_timing_actual_logic.csv,658,452094c2261235d9d2cf0eb786e366fbb45c55a4b00ba9034f2260db33e3eafd
work/01_MC200_TT_LOW_W4/source_snapshot/timing/timing_model_parameters.csv,2365,c143c4a6f246a3f7f248d98ee7610fb25b60a4b4b54e3e18a09ca7dfaef9ac5d
work/01_MC200_TT_LOW_W4/source_snapshot/timing/unit_timing_metrics.csv,1761,2ccb95ae564eef737413e8ca4a52165d81994240e0d16c79feaed41202674b42
work/01_MC200_TT_LOW_W4/tb/tb_actual_core_smoke_tt.spice,6007,cfb0ddf29999657e0d5d1296230d2b65d5f7d95906f2c60f4830cd895979fe7e
work/01_MC200_TT_LOW_W4/tb/tb_agauss_seed_probe.spice,161,08df74f6ba4ae17809ba2a8b068a057ddfdefea90cb122c3bdb280972842c39a
work/01_MC200_TT_LOW_W4/tb/tb_cmp_dynamic_noise_basis_probe.spice,905,05ef651f27f9c82259e49ac022ec29aecf800baa24edadb8b3e0dc71e8f56bfd
work/01_MC200_TT_LOW_W4/tb/tb_cmp_noise_clock_probe.spice,805,f4d390d23db84d29547264161969f5464e9b77e40c66725357c73a15518e7740
work/01_MC200_TT_LOW_W4/tb/tb_cosim_unit.spice,2945,1f03171e4e5cec2cba62b258766b2dd0aa7f00d226190ae32e3e192278a832b2
work/01_MC200_TT_LOW_W4/tb/tb_sample_noise_bandwidth_probe.spice,1137,a072ec9f3941737f7c77a9460d759064083454950d0044960a74fc3930015cea
work/01_MC200_TT_LOW_W4/tb/tb_sample_noise_track_probe.spice,949,600dd3202b3a2641792cd2e900b11d6bc3d7833580dc5ad4e789abcd749f99d4
work/02_PVT3_MC20_LOW_W4/STATUS.json,4479,3f3928b11caa1c9852dc40fe2dcea88cef64b750c41ab474dc6ed98132e735bc
work/02_PVT3_MC20_LOW_W4/config/frozen_dynamic_config.yaml,2348,2b7efb9bed89d0aed87472185a96eb1bfd8172273be22cee89594815e6fdc007
work/02_PVT3_MC20_LOW_W4/config/ngspice_userinit/.spiceinit,154,e4fedb09e98dc2f3df539fe215df79f4977d8fb3f7bcdd61c606d8bb90da1325
work/02_PVT3_MC20_LOW_W4/config/noise_model.yaml,2679,5e96592de86c239db9334c98f5c5d4d4c6b000eece41673de3c58ab148897f6e
work/02_PVT3_MC20_LOW_W4/config/plot_contract.json,2798,404c6c93d79a903aca609fd6f5fd873c73cb3a2150b240f5763d61a1684c98e7
work/02_PVT3_MC20_LOW_W4/config/plot_style.yaml,216,6ad9e1aa57f508075547673cbee45c9af9c2d86742f804e8045631cffa7ff676
work/02_PVT3_MC20_LOW_W4/config/pvt3_mc20_contract.json,4767,912c16b3e2960e67065dfc767cff4db56e3007f7e66e7f137fbfe5ad7b5579e4
work/02_PVT3_MC20_LOW_W4/config/timing_tt_3p3_27c.json,1664,b47114c90c2ea957e3f5f80eaeb2dd04e344646d29d49eb5fb8811273790ebee
work/02_PVT3_MC20_LOW_W4/csv/cdac_mismatch_weights.csv,549745,db6195e8cf650819603c0aba6e7d08d6bb03830e512a598fbe05699bfa36b824
work/02_PVT3_MC20_LOW_W4/csv/pvt3_mc20_by_seed_pivot.csv,33553,17111dd059c3baad3915ce8d45d9b7689ad1ddd462a712760127df1cfd8addeb
work/02_PVT3_MC20_LOW_W4/csv/pvt3_mc20_codes_all.csv,1601122,8fd3b94ea59577f0f85a3357e3958f5deb468c4a809c5709be82d6fafe2611a1
work/02_PVT3_MC20_LOW_W4/csv/pvt3_mc20_codes_w4.csv,1508259,937d7f5c959b2281c105de0e5f5acedbb1b8773096419c23f380b3c4067b5692
work/02_PVT3_MC20_LOW_W4/csv/pvt3_mc20_comparison_summary.csv,4052,75837d8a5439c0a6507b0435fd51f78b66b1c105f40a3fc6ab3d3ba0276eb45a
work/02_PVT3_MC20_LOW_W4/csv/pvt3_mc20_corner_summary.csv,4556,99da111711f935fbf87ee84a1e1d0cb8e1178012e6e97d31f3dabed92f300507
work/02_PVT3_MC20_LOW_W4/csv/pvt3_mc20_master.csv,91450,1e56f583c7f4470abd5135565d8ee3bea18c6d0a3093349743be81e3d4ba1358
work/02_PVT3_MC20_LOW_W4/csv/pvt3_mc20_paired_vs_t1p000.csv,44961,54aed8bbaee6fe8098d576cbd1c1bc4ab5d9d22cd9318b521a7b2d1ec772fd54
work/02_PVT3_MC20_LOW_W4/csv/resource_trace.csv,1308303,6b9ecc691480a97372d0e30a4a6caae8f4f14f36edb81f58af38c129a4f4d47a
work/02_PVT3_MC20_LOW_W4/manifest_audit.json,215,86591c922c375edaf09d65e52fd56b7561b19ffd3655c253279552469560aa76
work/02_PVT3_MC20_LOW_W4/manifest_sha256.csv,70702,dc9f0c9d2f00b0fced3bacf2fe1edf29c08df8112b1e167d7613c21fa00455a4
work/02_PVT3_MC20_LOW_W4/manifests/frozen_input_manifest.csv,1736,8d880a7e737cad2a7e935037cbdc0d2490f2af4ec48055e554e1997abce0c11c
work/02_PVT3_MC20_LOW_W4/manifests/job_matrix.csv,14508,a5114996162e03c63dff7eb7a6c747680d6cd5c7a1e1b15d0968a0960b3e966e
work/02_PVT3_MC20_LOW_W4/manifests/pvt_binding_formal_audit.csv,8707,2d8e976cdfcb9435a0e7182ada5db680810c7b9426ec268ed82721888699c3cb
work/02_PVT3_MC20_LOW_W4/manifests/smoke_job_matrix.csv,2327,f0281f5ea5c65ff832b5b8166e4db5d0db60dd93a3c439fd4652f9cf42ad9cb1
work/02_PVT3_MC20_LOW_W4/models/SAR_LOGIC_BEH_TT_3P3_27C,22628,f1fc99ff4fb0c43ec02a22719c9079247dc5f77d1aad0c90f2f49ec556d7e207
work/02_PVT3_MC20_LOW_W4/models/SAR_LOGIC_BEH_TT_3P3_27C.ivvp,24707,21b3c1deaf18c38f7df0449aef298f3391240290d96f0b04b483636fa5761165
work/02_PVT3_MC20_LOW_W4/models/SAR_LOGIC_BEH_TT_3P3_27C.so,286040,e6f8341531b50a0d59e1f2f2be60f501a43d84e887b7e6226f5cd4d9c431ea0c
work/02_PVT3_MC20_LOW_W4/models/SAR_LOGIC_BEH_TT_3P3_27C.v,8528,6df2fd07da2cf65f21f4c8f514cdaf2f2d5ca84a4fb61d5df54a66738420ded3
work/02_PVT3_MC20_LOW_W4/models/SAR_LOGIC_BEH_TT_3P3_27C.va,13525,481ba49c308b598f842b914d0defbb9fd28c337f70fef162bc7d759109458a9a
work/02_PVT3_MC20_LOW_W4/models/no_r6_equivalent_loads.inc,1176,e9a41dab2e5e52b4f6ecc1d8d0d0b17eca88e8854b1ef7e24f8d62578b76dda3
work/02_PVT3_MC20_LOW_W4/models/obj_dir/Vlng,244216,1eb1c33f44b759948675eb3aeead2234c4f859c378a19a1e1c144cd3a0a11aa9
work/02_PVT3_MC20_LOW_W4/models/obj_dir/Vlng.cpp,3768,ec1b88afbdeba6248d2f72ebde2839a46ff8a45a88c407d7d2afbbc09b7d91a3
work/02_PVT3_MC20_LOW_W4/models/obj_dir/Vlng.h,4037,3e4e10d242e5589c8e9a260fa279172e3d29b0e07e4d981141d264529df2368c
work/02_PVT3_MC20_LOW_W4/models/obj_dir/Vlng.mk,2309,5804490717ecfb7c96b221910e3edc76842c2226f36aa208550a044ef8c22696
work/02_PVT3_MC20_LOW_W4/models/obj_dir/Vlng__ALL.a,42614,8a96bd758d86bb902cf89b4b8317c282ca7b9cb687f7d63422ecfda95bfee32b
work/02_PVT3_MC20_LOW_W4/models/obj_dir/Vlng__ALL.cpp,252,970afa7c204d42a0a72313e62c93bb5165eafdee255c5a6b4178d8962c54799d
work/02_PVT3_MC20_LOW_W4/models/obj_dir/Vlng__ALL.d,645,76d9bd0c643740bcd33fbdc33653caa0fdf53e5944457bfefb2f4f383ece6273
work/02_PVT3_MC20_LOW_W4/models/obj_dir/Vlng__ALL.o,38824,484df69692e07771c0333ea9d662684b870082788411a142ddefbc20de70b6b2
work/02_PVT3_MC20_LOW_W4/models/obj_dir/Vlng__Syms.h,920,aeb6e7df227b939d4a20195740ac1aa2127408a4bcbcee2cd0e4f98b0fa27dbd
work/02_PVT3_MC20_LOW_W4/models/obj_dir/Vlng__Syms__Slow.cpp,852,1b944908094504e04580fca762fc59685e552f36e8f4c12fb7a2a234f2a69661
work/02_PVT3_MC20_LOW_W4/models/obj_dir/Vlng___024root.h,2115,18e7bbf88696d88d45faaf02488074948004525546ce5356cdcf52ee0713d35e
work/02_PVT3_MC20_LOW_W4/models/obj_dir/Vlng___024root__0.cpp,50855,debe12a0071c4499e6fde2d5bd50d4af6b6c0482a079240ae2452f94819bfe58
work/02_PVT3_MC20_LOW_W4/models/obj_dir/Vlng___024root__0__Slow.cpp,10776,967db0929949f9ac44f14e08d09997c895202eb2a1279370f1742628d71873a5
work/02_PVT3_MC20_LOW_W4/models/obj_dir/Vlng___024root__Slow.cpp,674,11f5fe9d02b86ebc4a1ee7c40bdb5268c2a171e029a5c7e862df4cc8ef03bb60
work/02_PVT3_MC20_LOW_W4/models/obj_dir/Vlng__pch.h,745,972b112d15bd0ce7e340a9c878e68245507fbff57439c854f9e61caf2fcf0d01
work/02_PVT3_MC20_LOW_W4/models/obj_dir/Vlng__ver.d,1647,f8a5eb40dacf64578f2580e9371cb4a464a9a6ac817a1ce4a02066f77595c088
work/02_PVT3_MC20_LOW_W4/models/obj_dir/Vlng__verFiles.dat,3856,4afd847216b409b3540e9d83e5c3e28bb289a675e31c69333b9b786862c880e7
work/02_PVT3_MC20_LOW_W4/models/obj_dir/Vlng_classes.mk,1636,315dde8243f844b56dfdfde4fc0dabe185a2728c2950497d05b849eceaf5b3d3
work/02_PVT3_MC20_LOW_W4/models/obj_dir/inouts.h,0,e3b0c44298fc1c149afbf4c8996fb92427ae41e4649b934ca495991b7852b855
work/02_PVT3_MC20_LOW_W4/models/obj_dir/inputs.h,62,ef07e09ec40a2fa7a75e253ab26cdf0a4713c9c94704c13d84b214b7b32e6de6
work/02_PVT3_MC20_LOW_W4/models/obj_dir/outputs.h,488,566fa14722145e129a4b6e266c7696e14b7a6bce432e7fbb5a63256b8dfdea61
work/02_PVT3_MC20_LOW_W4/models/obj_dir/verilated.d,802,e57e6cd1350f68d70ceaf86c835a6cdb8c5b6e460600abc120d8d31cca333ccf
work/02_PVT3_MC20_LOW_W4/models/obj_dir/verilated.o,258264,ee3f787e3720eb885783c5c4b6adc1a0817db32b342ad0a811897d14c1c3e0eb
work/02_PVT3_MC20_LOW_W4/models/obj_dir/verilated_threads.d,487,2c83c57cbc4b44ca75dc0d8dd62b3979479b04d50661c959103aa5ebe95b6cdf
work/02_PVT3_MC20_LOW_W4/models/obj_dir/verilated_threads.o,62480,68d59b5013fbd2d2dd85ad7f0472d8723fefe216d716b50b88defa59d53ade09
work/02_PVT3_MC20_LOW_W4/models/obj_dir/verilated_timing.d,484,84694bb905620efd259ba20ccfb9b2495be47eb8a37e643c801536defcc870f5
work/02_PVT3_MC20_LOW_W4/models/obj_dir/verilated_timing.o,13320,f143b715f3324f9d1528cda064f0e1d2bbffbc3d0632ac67ef751ba0c6c6ed59
work/02_PVT3_MC20_LOW_W4/models/obj_dir/verilator_main.d,286,b0b6e8e5f987b23ad2ba55a746e4d14dc6c18be0e0196f0d1d41dd50cb5876c4
work/02_PVT3_MC20_LOW_W4/models/obj_dir/verilator_main.o,1368,94057ff1588bbff9205817b9b381c3442750c928acfe6205c7573c72b3f3c743
work/02_PVT3_MC20_LOW_W4/models/obj_dir/verilator_shim.d,650,6a3b73c1a56992eb3a5a161b21569989e1905082f803445517005d118c38f78c
work/02_PVT3_MC20_LOW_W4/models/obj_dir/verilator_shim.o,6768,3327836e14a15ae42c5a8b5de85e768e49ccf434171fec3bb20584b007ed8b4e
work/02_PVT3_MC20_LOW_W4/netlists/core/subckts/CDAC_native_extracted.subckt.spice,4365,6e98da540b1c765b0dcec4d1e10399142dc37b7f1c21960d289a83f07ec10ada
work/02_PVT3_MC20_LOW_W4/netlists/core/subckts/Comparator_StrongARM_extracted.subckt.spice,3906,53f26155df31b8d1f50dd1bc99a17a6530de29233c11faabe63906debd1b5b49
work/02_PVT3_MC20_LOW_W4/netlists/core/subckts/SWITCH_BOOT_SP_native_extracted.subckt.spice,3195,3ef9735c56374250575394bbc2dbbf4e33ad4cc4c02af0055205160908e0daf1
work/02_PVT3_MC20_LOW_W4/plots/pvt3_mc20_ecdf.pdf,19549,67b9b25ba951cc3b9c8289768b9801fb8e139cef7751e256f8d20133fddfa54a
work/02_PVT3_MC20_LOW_W4/plots/pvt3_mc20_ecdf.png,130807,563a82e4448eaffd492cb6d5edd3abc825f9fbbaccb5f4b1e51c82aac90b7f2b
work/02_PVT3_MC20_LOW_W4/plots/pvt3_mc20_hard_status_map.pdf,16046,85b0584c1e473b0fe597de746fcb57586f6049db97893ea6784b16d8ba3ea66f
work/02_PVT3_MC20_LOW_W4/plots/pvt3_mc20_hard_status_map.png,144439,8349d87711a641c572b549855a2ebe0a1719ae2e0e9888bd93af22655d5e3d27
work/02_PVT3_MC20_LOW_W4/plots/pvt3_mc20_paired_sndr_delta.pdf,23806,a7c33ddaa5d0b8cb41fe6f57c8c7065fe75f24a56ce23fba4bb5b819198bbdd3
work/02_PVT3_MC20_LOW_W4/plots/pvt3_mc20_paired_sndr_delta.png,213153,0b3838b27415c50e22ebbf4d36a5bff807684f4012d9a39e1c39179fcac0b80f
work/02_PVT3_MC20_LOW_W4/plots/pvt3_mc20_representative_spectra.pdf,25140,f063021cb11e8a45a99f0f4a6389ba534f49f0698a96b31d25ea397f614a641c
work/02_PVT3_MC20_LOW_W4/plots/pvt3_mc20_representative_spectra.png,296367,fc236963d9c0e588bf7e9f2c4dbef740ce9a2517d8f7e4833354d66f9e5c8cd9
work/02_PVT3_MC20_LOW_W4/plots/pvt3_mc20_seed_sndr.pdf,19982,4b2e893e6dd12a2de37e7085012689f90e34191c41d4a97f16dfcef81edf42ea
work/02_PVT3_MC20_LOW_W4/plots/pvt3_mc20_seed_sndr.png,381427,43ded4bd796df07c8b104d748f21c3d2a4d2b277e6970cbec1f7893d5ba847ab
work/02_PVT3_MC20_LOW_W4/references/baseline_t1p000_STATUS.json,2821,191c83ee1333f7b61a86590aa4b5bed48c03df086e7fd0abbc9b723fe03a6158
work/02_PVT3_MC20_LOW_W4/references/baseline_t1p000_comparator.subckt.spice,3896,e30b2055a880b83176f9389c8b79a13201fdd0e689ca46f3dc3f32b19436f303
work/02_PVT3_MC20_LOW_W4/references/baseline_t1p000_manifest_audit.json,215,a9b23cd4908356edbbd0194d914f4b9a470b6d021a057ad783c3c57cf7ddef5c
work/02_PVT3_MC20_LOW_W4/references/baseline_t1p000_pvt3_mc20_master.csv,88021,8ef011ad3e11cb01625bda4bbac7e3cb41cefda13a2edcb37c77c8a7f2e562c5
work/02_PVT3_MC20_LOW_W4/references/baseline_t1p000_pvt3_mc20_reference.csv,88021,8ef011ad3e11cb01625bda4bbac7e3cb41cefda13a2edcb37c77c8a7f2e562c5
work/02_PVT3_MC20_LOW_W4/references/baseline_t1p000_tt_mc20.csv,30326,a77a65cd294b9f0d7c3292e5345b9c6ab2e1433dd30a425cbbf4f4c83cf81c86
work/02_PVT3_MC20_LOW_W4/references/current_w3p61_tt_mc20_master.csv,30082,952ad49750b4629488049f07fd279159d39dcb29ad33d3a9f2431bd82b0a8ff8
work/02_PVT3_MC20_LOW_W4/reports/pvt3_mc20_report_cn.md,1680,6f18be9721d98a645eae9c0d961615014347b40cab714b6a93e9a0b3711775a8
work/02_PVT3_MC20_LOW_W4/results/baseline_pairing_audit.csv,14740,5d13f401db10ef54025fe1232f8fb4baae09829aaab5ba683ac0fc20f512f02f
work/02_PVT3_MC20_LOW_W4/results/baseline_pairing_audit.json,205,90c44835d62e4cac2204ce960b7a625932876f93e3fd1676629099089d4afda0
work/02_PVT3_MC20_LOW_W4/results/final_verification.json,701,0a4fea795ec75c6216463cefb3193258841168a609dde620a4d58e75166bfd1c
work/02_PVT3_MC20_LOW_W4/results/frame0_pvt3_summary.json,425,de522e929779f19447a51cf7dc884651db3ee0118e652708f367a098d5975adc
work/02_PVT3_MC20_LOW_W4/results/frozen_input_recheck.json,4505,14b5acad0a15b1b602de36f21fee731ad495b45a140ffb9a947ad30df773d632
work/02_PVT3_MC20_LOW_W4/results/manual_visual_review.json,975,bc76d699e9988408f828c09be5011377e3a816592533ba627f7e351787739c24
work/02_PVT3_MC20_LOW_W4/results/pvt_binding_static_audit.json,7035,09fca784f0c16eaa9c8128affde6fe963b7e85e1d156f067e7be662859eeaea3
work/02_PVT3_MC20_LOW_W4/results/pvt_pairing_audit.json,7895,45468ab8ddc43ad7ba7205913f34a991d223461b99e64c61698bb0918b96b2b1
work/02_PVT3_MC20_LOW_W4/results/rng_burn_search.json,9275,82fffd938a7c631c54865f571e4adbd43572f497e9e37c0e0a60f2ad7e6addbc
work/02_PVT3_MC20_LOW_W4/results/setup_audit.json,638,d99763717288b8e7ce471bd8d2f2d310638e24bfc2c58f96421c79ad1537bb5c
work/02_PVT3_MC20_LOW_W4/results/smoke_audit_pvt3.json,7780,ab7af5ac25f4c0b13c6012c41582f3f345d5a683f1e97eb5152974e304a0e4aa
work/02_PVT3_MC20_LOW_W4/scripts/__pycache__/analyze_tt_mc20_candidate.cpython-312.pyc,16913,9d6716a511ccfb1ad470ba9eb8b4b53c0d119e6452ea3423ca6f5c7a8134b3c3
work/02_PVT3_MC20_LOW_W4/scripts/__pycache__/audit_pvt3_smoke.cpython-312.pyc,8382,90f1280d6b243e31453a1fd151c2681647cd94add1fee8823fc75f04c05900d1
work/02_PVT3_MC20_LOW_W4/scripts/__pycache__/dynamic_analysis.cpython-312.pyc,11253,21b9398c204e01896034b093b97f049965163b07a47d24882ae431e8e24b0eb0
work/02_PVT3_MC20_LOW_W4/scripts/__pycache__/fast64_v2_common.cpython-312.pyc,13828,6d6b1c9a895241fae646edcde111a0156e373939ceab28f2d16b600df807d34d
work/02_PVT3_MC20_LOW_W4/scripts/__pycache__/finalize_pvt3_mc20.cpython-312.pyc,51530,e6d346cc8c0853c9f4c542e18688a0086720a098380315a84d510aa8e3df045a
work/02_PVT3_MC20_LOW_W4/scripts/__pycache__/finalize_tt_mc20.cpython-312.pyc,28809,51dd705decc09ba987c17e4a63ff85e22adde577e8820052e13984984cc36379
work/02_PVT3_MC20_LOW_W4/scripts/__pycache__/sar_campaign_common.cpython-312.pyc,34811,48a122981ad0062bbf4f614bf607081b42da7c2fe0790fa0807538b428542859
work/02_PVT3_MC20_LOW_W4/scripts/__pycache__/sar_event_noise.cpython-312.pyc,24163,71b938a5e61f254ada75416cf67a0ece5572ca1a156d09ef1415214beaf4b994
work/02_PVT3_MC20_LOW_W4/scripts/__pycache__/setup_pvt3_mc20.cpython-312.pyc,21145,ce7355b275246dd45f3a32b66a46ea4e0c69a159b27a750f7529b8754444f88d
work/02_PVT3_MC20_LOW_W4/scripts/__pycache__/setup_tt_mc20_candidate.cpython-312.pyc,11051,f26a4e4f3e1d610e859f9db8e64650a4329dd794650cd40c533f486c6a13eed7
work/02_PVT3_MC20_LOW_W4/scripts/analyze_tt_mc20_candidate.py,12611,f8ac1f454e005cef89faed44c147a34aa027f4f69729106b7a3a93a107e46d6e
work/02_PVT3_MC20_LOW_W4/scripts/audit_pvt3_smoke.py,5449,1868b4013977d1d15418ce155b36f0a6e1b05dfd32e30b8139c02374efac69c3
work/02_PVT3_MC20_LOW_W4/scripts/audit_tt_formal_compatibility.py,2562,a5204d24c464b503319d7d9195c267856ee8891539cec9d657c9d397c1984ff5
work/02_PVT3_MC20_LOW_W4/scripts/dynamic_analysis.py,8050,327628f51fdc0b88ee72ee14dc0c33ceb2d93a56a17c61093db9053990e0a90a
work/02_PVT3_MC20_LOW_W4/scripts/fast64_v2_common.py,10238,3a5a9fc4967d141ca337f2280ead34e4ab7d935b46f2508cfde4fa74db1de198
work/02_PVT3_MC20_LOW_W4/scripts/finalize_pvt3_mc20.py,37187,041105ce21c119d46c668dac997b822b1a3cf73eb95b49ca44e205289fb382a2
work/02_PVT3_MC20_LOW_W4/scripts/finalize_tt_mc20.py,20974,5faea1c6f1bde3d639de3bb57dbb9020ba3ce360602aa95b0b62730dac3c05bf
work/02_PVT3_MC20_LOW_W4/scripts/find_legacy_rng_burn.py,3152,8e3580649f3c8240cc715adca1f2c0728a3e7e62c4d7231602de7421c5f1491a
work/02_PVT3_MC20_LOW_W4/scripts/probe_pvt_model_stacks.py,3814,2c8040d7b79fbfca19216d235ef434a79db5ab84b78b9f0f58d8ee9c9652ab2e
work/02_PVT3_MC20_LOW_W4/scripts/run_fast64_v2.py,37037,57b82e2a458fd05dab6bd756c3496044cf1f610d6b94f39a7bec9dbf0257c268
work/02_PVT3_MC20_LOW_W4/scripts/run_pvt_pairing_probe.py,5416,f6513ccd6684bde561a9719e9c49e7b90d6562e090da42dfc8724295ff9ac0b0
work/02_PVT3_MC20_LOW_W4/scripts/sar_campaign_common.py,27246,c628fbf50c0bd172d387fae84b4d53b1ffc96ea564b125709c1edef53694094d
work/02_PVT3_MC20_LOW_W4/scripts/sar_event_noise.py,18387,0ebaab2b2a6d3caec8b12a0b2857f8e6e8c3b8f17c6bcd93c88d3dae8b0776f3
work/02_PVT3_MC20_LOW_W4/scripts/setup_pvt3_mc20.py,17715,5f345052d9e6093c6b1e9d1976f1924e3fb80e1371a0e9e0b19acd78955d5d2c
work/02_PVT3_MC20_LOW_W4/scripts/setup_tt_mc20_candidate.py,8249,2a5901e7e1463d9125cfa8c2e9b2e1adb2ab80a91dd21852521e9097e000a54a
work/03_FULL255_STATIC/cases/S044_FF/STATUS.json,578,78d6801c05e989b3e79ccb07d3451f4954255286ec1a13f65cf344ff6e83d65d
work/03_FULL255_STATIC/cases/S044_FF/config/cdac_mismatch_model.yaml,2700,6e15822f9689ea72feb9bbe86b9146dec7ddbe282d37503a5eeb42f81a75e968
work/03_FULL255_STATIC/cases/S044_FF/config/current_static_case.json,339,5097136f86f668b947c767589ce3b1dca2017ba1e3b5dc5de401c3fe25bfd010
work/03_FULL255_STATIC/cases/S044_FF/config/dependency_hashes.json,2963,c82859a97fef9479131104caf704296c69ad9a3a43fa2df74f1bfb39c853d259
work/03_FULL255_STATIC/cases/S044_FF/config/frame_method_resolution.json,173,f817c6276534c8b6e928e7060287d4a7a6df8c3d72eebd1cdf583e40055e4787
work/03_FULL255_STATIC/cases/S044_FF/config/ngspice_userinit/.spiceinit,154,e4fedb09e98dc2f3df539fe215df79f4977d8fb3f7bcdd61c606d8bb90da1325
work/03_FULL255_STATIC/cases/S044_FF/config/paired_static_contract.json,5439,d6fd97f6690abebe485d7a297c4488ab60482e5a15a70bfa13724ec0635a60ac
work/03_FULL255_STATIC/cases/S044_FF/config/ramp_contract.json,507,9db8775fe67344f09cd16492e69bd62d4a50b9df9c4ba91afb9a1f8f371b31ff
work/03_FULL255_STATIC/cases/S044_FF/config/seed116_selection_provenance.json,1724,c49e6aa871ac89baae52486a4691fe880798c3ea632d52678c9eb7683dfbe54c
work/03_FULL255_STATIC/cases/S044_FF/config/timing_tt_3p3_27c.json,1664,b47114c90c2ea957e3f5f80eaeb2dd04e344646d29d49eb5fb8811273790ebee
work/03_FULL255_STATIC/cases/S044_FF/csv/cdac_mismatch_weights.csv,549745,db6195e8cf650819603c0aba6e7d08d6bb03830e512a598fbe05699bfa36b824
work/03_FULL255_STATIC/cases/S044_FF/csv/current_full255_code_widths.csv,21421,c0d4da800ce6905dd4687d97af1cb0d91026f97bd6d0f6a0a54bf950294dce50
work/03_FULL255_STATIC/cases/S044_FF/csv/current_full255_inl.csv,21424,69134175e26aa5d5da514de4ffa4cf3f58782e3eddb90e9a8d752e755029887d
work/03_FULL255_STATIC/cases/S044_FF/csv/pilot_current_evaluations.csv,55675,10342e67844a37f6d1e9a0d7fe7dbf830eb36d1f5218bd69397454070395c260
work/03_FULL255_STATIC/cases/S044_FF/models/SAR_LOGIC_BEH_TT_3P3_27C.so,286040,e6f8341531b50a0d59e1f2f2be60f501a43d84e887b7e6226f5cd4d9c431ea0c
work/03_FULL255_STATIC/cases/S044_FF/models/no_r6_equivalent_loads.inc,1176,e9a41dab2e5e52b4f6ecc1d8d0d0b17eca88e8854b1ef7e24f8d62578b76dda3
work/03_FULL255_STATIC/cases/S044_FF/netlists/baseline/Comparator_StrongARM_extracted.subckt.spice,3896,27da9f627ade204e4481ae399e1fb606002fad24a7cfe581e518dc0e5813cba8
work/03_FULL255_STATIC/cases/S044_FF/netlists/candidate/Comparator_StrongARM_CMP_IN_A2P25_W.subckt.spice,3896,e30b2055a880b83176f9389c8b79a13201fdd0e689ca46f3dc3f32b19436f303
work/03_FULL255_STATIC/cases/S044_FF/netlists/candidate/Comparator_StrongARM_CURRENT.subckt.spice,3906,53f26155df31b8d1f50dd1bc99a17a6530de29233c11faabe63906debd1b5b49
work/03_FULL255_STATIC/cases/S044_FF/netlists/core/subckts/CDAC_native_extracted.subckt.spice,4365,6e98da540b1c765b0dcec4d1e10399142dc37b7f1c21960d289a83f07ec10ada
work/03_FULL255_STATIC/cases/S044_FF/netlists/core/subckts/SWITCH_BOOT_SP_native_extracted.subckt.spice,3195,3ef9735c56374250575394bbc2dbbf4e33ad4cc4c02af0055205160908e0daf1
work/03_FULL255_STATIC/cases/S044_FF/references/historical_selection/static_mc200_reconstructed_summary.csv,78694,d3a30841163a66cfc6fb935209bdc70d5ef5da70a23feb4e5637965d6e099d77
work/03_FULL255_STATIC/cases/S044_FF/references/historical_selection/static_mc_exact_validation.csv,34007,2d218ded08973148f108a77c7d5e6bbe32c1b9d25a624f47bba91fa7dcf18787
work/03_FULL255_STATIC/cases/S044_FF/results/setup_audit.json,1271,19099d32b8a74417c23009e5f65abc31acb28c053fb06eddccbdbc4a62b7762e
work/03_FULL255_STATIC/cases/S044_FF/scripts/__pycache__/freeze_current_static_case.cpython-312.pyc,4293,7c6aae9babd42b5c3c6ed8224600388445a689bfbe03a526759bdb3f9b3f3a6d
work/03_FULL255_STATIC/cases/S044_FF/scripts/__pycache__/run_paired_static.cpython-312.pyc,52275,fc8da38525ded127594c8606790e16e53d045095708521cc907273b1bb575d0c
work/03_FULL255_STATIC/cases/S044_FF/scripts/__pycache__/sar_campaign_common.cpython-312.pyc,34216,c089d4d783734366d6c1dd540b8bd80d50b72cddf82f5b9246de11c7589a8e49
work/03_FULL255_STATIC/cases/S044_FF/scripts/analyze_current_full255.py,4110,75dce6bf057dcd169781ede057d10b6600199560303e20d47443bda2a4be4016
work/03_FULL255_STATIC/cases/S044_FF/scripts/analyze_paired_static.py,30774,da408d1399683ec43240c901a44727bbd543338dfbbf32500d5db4bed995630f
work/03_FULL255_STATIC/cases/S044_FF/scripts/audit_preflight.py,6392,611b57af0605c92d782228693d70959d17206e710a2511dfdbac1dceaf08d4d3
work/03_FULL255_STATIC/cases/S044_FF/scripts/freeze_current_static_case.py,2627,1b0a63624ca0ec70f2fc127bbabb0553acdaa17796189a9e47eff6531098b103
work/03_FULL255_STATIC/cases/S044_FF/scripts/probe_mismatch_parameters.py,7092,6f1009882da721bb3226f7b96a101e5d162f3326ef88be0abedff41ea2173f68
work/03_FULL255_STATIC/cases/S044_FF/scripts/run_paired_static.py,44697,b0bb6cd28f603250dedee232a89c9967c9c26067e2d69f3ed1501b4f98b06369
work/03_FULL255_STATIC/cases/S044_FF/scripts/sar_campaign_common.py,26750,5b44323d20e3621baa1d4be17cd39e6ad4d7ca50cb670afacca5a88c09db5e82
work/03_FULL255_STATIC/cases/S044_FF/scripts/setup_paired_static.py,13519,d15e09844a18f0bf383dc1121e3e3a9f461438a32486d26b7c288457819fcad9
work/03_FULL255_STATIC/cases/S044_SS/STATUS.json,578,f9569bf7e7ed8b0372429329f81fd71505cf4b9cb941f3af063f67d56eed5c8a
work/03_FULL255_STATIC/cases/S044_SS/config/cdac_mismatch_model.yaml,2700,6e15822f9689ea72feb9bbe86b9146dec7ddbe282d37503a5eeb42f81a75e968
work/03_FULL255_STATIC/cases/S044_SS/config/current_static_case.json,339,9a3006f0fe849a0279fde0f0e5922f667c21e684b3a7f909992be76decc36f39
work/03_FULL255_STATIC/cases/S044_SS/config/dependency_hashes.json,2963,c82859a97fef9479131104caf704296c69ad9a3a43fa2df74f1bfb39c853d259
work/03_FULL255_STATIC/cases/S044_SS/config/frame_method_resolution.json,173,f817c6276534c8b6e928e7060287d4a7a6df8c3d72eebd1cdf583e40055e4787
work/03_FULL255_STATIC/cases/S044_SS/config/ngspice_userinit/.spiceinit,154,e4fedb09e98dc2f3df539fe215df79f4977d8fb3f7bcdd61c606d8bb90da1325
work/03_FULL255_STATIC/cases/S044_SS/config/paired_static_contract.json,5439,d6fd97f6690abebe485d7a297c4488ab60482e5a15a70bfa13724ec0635a60ac
work/03_FULL255_STATIC/cases/S044_SS/config/ramp_contract.json,507,9db8775fe67344f09cd16492e69bd62d4a50b9df9c4ba91afb9a1f8f371b31ff
work/03_FULL255_STATIC/cases/S044_SS/config/seed116_selection_provenance.json,1724,c49e6aa871ac89baae52486a4691fe880798c3ea632d52678c9eb7683dfbe54c
work/03_FULL255_STATIC/cases/S044_SS/config/timing_tt_3p3_27c.json,1664,b47114c90c2ea957e3f5f80eaeb2dd04e344646d29d49eb5fb8811273790ebee
work/03_FULL255_STATIC/cases/S044_SS/csv/cdac_mismatch_weights.csv,549745,db6195e8cf650819603c0aba6e7d08d6bb03830e512a598fbe05699bfa36b824
work/03_FULL255_STATIC/cases/S044_SS/csv/current_full255_code_widths.csv,21417,a7c80359c709dc914625cc5c35dbb29e505d69cf1900639e6c69cc01df2f9d2d
work/03_FULL255_STATIC/cases/S044_SS/csv/current_full255_inl.csv,21399,ddc33a71c0492a7b81be7943e71c61f588e03aea408a09d7b2fbdbc44ac2a6d1
work/03_FULL255_STATIC/cases/S044_SS/csv/pilot_current_evaluations.csv,56790,9f7550572c6825e847dadfb4d92707e988c3c8130f0137a110b04889b7c1ead4
work/03_FULL255_STATIC/cases/S044_SS/models/SAR_LOGIC_BEH_TT_3P3_27C.so,286040,e6f8341531b50a0d59e1f2f2be60f501a43d84e887b7e6226f5cd4d9c431ea0c
work/03_FULL255_STATIC/cases/S044_SS/models/no_r6_equivalent_loads.inc,1176,e9a41dab2e5e52b4f6ecc1d8d0d0b17eca88e8854b1ef7e24f8d62578b76dda3
work/03_FULL255_STATIC/cases/S044_SS/netlists/baseline/Comparator_StrongARM_extracted.subckt.spice,3896,27da9f627ade204e4481ae399e1fb606002fad24a7cfe581e518dc0e5813cba8
work/03_FULL255_STATIC/cases/S044_SS/netlists/candidate/Comparator_StrongARM_CMP_IN_A2P25_W.subckt.spice,3896,e30b2055a880b83176f9389c8b79a13201fdd0e689ca46f3dc3f32b19436f303
work/03_FULL255_STATIC/cases/S044_SS/netlists/candidate/Comparator_StrongARM_CURRENT.subckt.spice,3906,53f26155df31b8d1f50dd1bc99a17a6530de29233c11faabe63906debd1b5b49
work/03_FULL255_STATIC/cases/S044_SS/netlists/core/subckts/CDAC_native_extracted.subckt.spice,4365,6e98da540b1c765b0dcec4d1e10399142dc37b7f1c21960d289a83f07ec10ada
work/03_FULL255_STATIC/cases/S044_SS/netlists/core/subckts/SWITCH_BOOT_SP_native_extracted.subckt.spice,3195,3ef9735c56374250575394bbc2dbbf4e33ad4cc4c02af0055205160908e0daf1
work/03_FULL255_STATIC/cases/S044_SS/references/historical_selection/static_mc200_reconstructed_summary.csv,78694,d3a30841163a66cfc6fb935209bdc70d5ef5da70a23feb4e5637965d6e099d77
work/03_FULL255_STATIC/cases/S044_SS/references/historical_selection/static_mc_exact_validation.csv,34007,2d218ded08973148f108a77c7d5e6bbe32c1b9d25a624f47bba91fa7dcf18787
work/03_FULL255_STATIC/cases/S044_SS/results/setup_audit.json,1271,c3936dc4e9a1c61225b5006a811528165c8ffede63db18725377fcba6b39ca98
work/03_FULL255_STATIC/cases/S044_SS/scripts/__pycache__/freeze_current_static_case.cpython-312.pyc,4293,ddd177028616f7567c8b5d78def5c10599ab7f932d994f4e38e55ee3c08a3245
work/03_FULL255_STATIC/cases/S044_SS/scripts/__pycache__/run_paired_static.cpython-312.pyc,52275,72079b970ac0a2316544fc4c92183dc0cffc227df4b0c08deed9de3352e9e779
work/03_FULL255_STATIC/cases/S044_SS/scripts/__pycache__/sar_campaign_common.cpython-312.pyc,34216,15e6800cff166483a15ab3cda30c4f8d8256bdb02aaf218746aa12dbc5b9418d
work/03_FULL255_STATIC/cases/S044_SS/scripts/analyze_current_full255.py,4110,75dce6bf057dcd169781ede057d10b6600199560303e20d47443bda2a4be4016
work/03_FULL255_STATIC/cases/S044_SS/scripts/analyze_paired_static.py,30774,da408d1399683ec43240c901a44727bbd543338dfbbf32500d5db4bed995630f
work/03_FULL255_STATIC/cases/S044_SS/scripts/audit_preflight.py,6392,611b57af0605c92d782228693d70959d17206e710a2511dfdbac1dceaf08d4d3
work/03_FULL255_STATIC/cases/S044_SS/scripts/freeze_current_static_case.py,2627,1b0a63624ca0ec70f2fc127bbabb0553acdaa17796189a9e47eff6531098b103
work/03_FULL255_STATIC/cases/S044_SS/scripts/probe_mismatch_parameters.py,7092,6f1009882da721bb3226f7b96a101e5d162f3326ef88be0abedff41ea2173f68
work/03_FULL255_STATIC/cases/S044_SS/scripts/run_paired_static.py,44697,5ca92980465649d0fbe22776580d4112e592285a635fde17e56c2932299c5901
work/03_FULL255_STATIC/cases/S044_SS/scripts/sar_campaign_common.py,26750,5b44323d20e3621baa1d4be17cd39e6ad4d7ca50cb670afacca5a88c09db5e82
work/03_FULL255_STATIC/cases/S044_SS/scripts/setup_paired_static.py,13519,d15e09844a18f0bf383dc1121e3e3a9f461438a32486d26b7c288457819fcad9
work/03_FULL255_STATIC/cases/S044_TT/STATUS.json,585,21df3d75064b548d0d5896fd133d34c7a3260bd2d7f911fbe4e3c361fcaa8d43
work/03_FULL255_STATIC/cases/S044_TT/config/cdac_mismatch_model.yaml,2700,6e15822f9689ea72feb9bbe86b9146dec7ddbe282d37503a5eeb42f81a75e968
work/03_FULL255_STATIC/cases/S044_TT/config/current_static_case.json,338,bcbc3796b31fa258ae2acaae9c1100f0c09debd224cdc4d4dbfc1ae5fac0da4c
work/03_FULL255_STATIC/cases/S044_TT/config/dependency_hashes.json,2963,c82859a97fef9479131104caf704296c69ad9a3a43fa2df74f1bfb39c853d259
work/03_FULL255_STATIC/cases/S044_TT/config/frame_method_resolution.json,171,a3d3e2b698a61b20e08068cc441dc4fbfd48f44f8b3d46e673c6e78c3d7c1d12
work/03_FULL255_STATIC/cases/S044_TT/config/ngspice_userinit/.spiceinit,154,e4fedb09e98dc2f3df539fe215df79f4977d8fb3f7bcdd61c606d8bb90da1325
work/03_FULL255_STATIC/cases/S044_TT/config/paired_static_contract.json,5439,d6fd97f6690abebe485d7a297c4488ab60482e5a15a70bfa13724ec0635a60ac
work/03_FULL255_STATIC/cases/S044_TT/config/ramp_contract.json,507,9db8775fe67344f09cd16492e69bd62d4a50b9df9c4ba91afb9a1f8f371b31ff
work/03_FULL255_STATIC/cases/S044_TT/config/seed116_selection_provenance.json,1724,c49e6aa871ac89baae52486a4691fe880798c3ea632d52678c9eb7683dfbe54c
work/03_FULL255_STATIC/cases/S044_TT/config/timing_tt_3p3_27c.json,1664,b47114c90c2ea957e3f5f80eaeb2dd04e344646d29d49eb5fb8811273790ebee
work/03_FULL255_STATIC/cases/S044_TT/csv/cdac_mismatch_weights.csv,549745,db6195e8cf650819603c0aba6e7d08d6bb03830e512a598fbe05699bfa36b824
work/03_FULL255_STATIC/cases/S044_TT/csv/conditioning_protocol_current_f2.csv,5927,6efe78c5c633c27fe256672423509b9377fbc2a885e64b7a0fadfd9df1714d9e
work/03_FULL255_STATIC/cases/S044_TT/csv/conditioning_protocol_current_f3.csv,8781,fb89f0874b6f88a1a29905abc6e7d6dd8ba47143b43e4a4fd8fd1f5f0e3db935
work/03_FULL255_STATIC/cases/S044_TT/csv/conditioning_threshold_comparison.csv,500,a301916800dc8d53953d609da00d0d047f7b7c069e31ddfb13386565b26a8fc9
work/03_FULL255_STATIC/cases/S044_TT/csv/current_full255_code_widths.csv,21303,21f9ed160ce624e95b40bd37bc43b5655fac5dd0155a68946a96ca3fda4c6901
work/03_FULL255_STATIC/cases/S044_TT/csv/current_full255_inl.csv,21397,c8ffc295ef509c0135759f1c0a7a4d017c1b1560e2955c1146cfe64a477cbb89
work/03_FULL255_STATIC/cases/S044_TT/csv/pilot_current_evaluations.csv,55620,e8f86686401ae2615893b02ba9c44aef8a249f864f9151821555c30682525df3
work/03_FULL255_STATIC/cases/S044_TT/csv/qualification_current_f2_transitions.csv,884,b94a1abf57e2fc47a1f9cecde78693d3b1c9e16e212217d9ee3cd135df7fb12a
work/03_FULL255_STATIC/cases/S044_TT/csv/qualification_current_f3_transitions.csv,884,828310bf55908614a422a37e503c56a2b5432c05796081b4cbfdf5db2d8bbfd5
work/03_FULL255_STATIC/cases/S044_TT/csv/qualification_evaluations.csv,25082,d9fbd25138d3f93004b45bbdf46758613109631ed177c3e689ef8e716c6c52c0
work/03_FULL255_STATIC/cases/S044_TT/csv/seed44_tt_full_static_transfer_curve.csv,10980,531d68f57548066524420c6da8fc29e3cbaa6ab9472d09e4caef79b5db2b1354
work/03_FULL255_STATIC/cases/S044_TT/models/SAR_LOGIC_BEH_TT_3P3_27C.so,286040,e6f8341531b50a0d59e1f2f2be60f501a43d84e887b7e6226f5cd4d9c431ea0c
work/03_FULL255_STATIC/cases/S044_TT/models/no_r6_equivalent_loads.inc,1176,e9a41dab2e5e52b4f6ecc1d8d0d0b17eca88e8854b1ef7e24f8d62578b76dda3
work/03_FULL255_STATIC/cases/S044_TT/netlists/baseline/Comparator_StrongARM_extracted.subckt.spice,3896,27da9f627ade204e4481ae399e1fb606002fad24a7cfe581e518dc0e5813cba8
work/03_FULL255_STATIC/cases/S044_TT/netlists/candidate/Comparator_StrongARM_CMP_IN_A2P25_W.subckt.spice,3896,e30b2055a880b83176f9389c8b79a13201fdd0e689ca46f3dc3f32b19436f303
work/03_FULL255_STATIC/cases/S044_TT/netlists/candidate/Comparator_StrongARM_CURRENT.subckt.spice,3906,53f26155df31b8d1f50dd1bc99a17a6530de29233c11faabe63906debd1b5b49
work/03_FULL255_STATIC/cases/S044_TT/netlists/core/subckts/CDAC_native_extracted.subckt.spice,4365,6e98da540b1c765b0dcec4d1e10399142dc37b7f1c21960d289a83f07ec10ada
work/03_FULL255_STATIC/cases/S044_TT/netlists/core/subckts/SWITCH_BOOT_SP_native_extracted.subckt.spice,3195,3ef9735c56374250575394bbc2dbbf4e33ad4cc4c02af0055205160908e0daf1
work/03_FULL255_STATIC/cases/S044_TT/plots/seed44_tt_full_static_transfer_curve.pdf,34990,8fe7d2a90bda4a8ee0690316180f9fbf0d6f9407e8dd8e369f2965c5c8b2cedb
work/03_FULL255_STATIC/cases/S044_TT/plots/seed44_tt_full_static_transfer_curve.png,180332,1d1ed21b45e87b0ece0e53fea390c171550138d2a89cfab129d20fc11ad79271
work/03_FULL255_STATIC/cases/S044_TT/references/historical_selection/static_mc200_reconstructed_summary.csv,78694,d3a30841163a66cfc6fb935209bdc70d5ef5da70a23feb4e5637965d6e099d77
work/03_FULL255_STATIC/cases/S044_TT/references/historical_selection/static_mc_exact_validation.csv,34007,2d218ded08973148f108a77c7d5e6bbe32c1b9d25a624f47bba91fa7dcf18787
work/03_FULL255_STATIC/cases/S044_TT/results/conditioning_method_qualification.json,1687,915888ddbd0f2b8b1904ce5f390b19e956e5a1d801ead037ba11c70496839778
work/03_FULL255_STATIC/cases/S044_TT/results/setup_audit.json,1270,1ecf43b2cc5a677abd6b4e0576c0180ecf18448e53a8824bb29eb93a7cda22a7
work/03_FULL255_STATIC/cases/S044_TT/scripts/__pycache__/freeze_current_static_case.cpython-312.pyc,4293,837d1b789c9bc0b6d5010aa13bf94c0006ec7900f307bb25ea47088190e577bf
work/03_FULL255_STATIC/cases/S044_TT/scripts/__pycache__/run_paired_static.cpython-312.pyc,52275,993b4a2859c01301168df3a8aa65f59748a0ef78ad7a95bb458c262414feb0d1
work/03_FULL255_STATIC/cases/S044_TT/scripts/__pycache__/sar_campaign_common.cpython-312.pyc,34216,7e9a4824ffa8349be988b77db76c176d91894bd5d37a7fd246d76dcba6077313
work/03_FULL255_STATIC/cases/S044_TT/scripts/analyze_current_full255.py,4110,75dce6bf057dcd169781ede057d10b6600199560303e20d47443bda2a4be4016
work/03_FULL255_STATIC/cases/S044_TT/scripts/analyze_paired_static.py,30774,da408d1399683ec43240c901a44727bbd543338dfbbf32500d5db4bed995630f
work/03_FULL255_STATIC/cases/S044_TT/scripts/audit_preflight.py,6392,611b57af0605c92d782228693d70959d17206e710a2511dfdbac1dceaf08d4d3
work/03_FULL255_STATIC/cases/S044_TT/scripts/freeze_current_static_case.py,2627,1b0a63624ca0ec70f2fc127bbabb0553acdaa17796189a9e47eff6531098b103
work/03_FULL255_STATIC/cases/S044_TT/scripts/plot_seed44_tt_transfer.m,4607,3422bbb455d4a43b4ac27fbe35021d7baf7ba0baf23b52711fbcd94e9e25ca48
work/03_FULL255_STATIC/cases/S044_TT/scripts/probe_mismatch_parameters.py,7092,6f1009882da721bb3226f7b96a101e5d162f3326ef88be0abedff41ea2173f68
work/03_FULL255_STATIC/cases/S044_TT/scripts/run_paired_static.py,44697,5ca92980465649d0fbe22776580d4112e592285a635fde17e56c2932299c5901
work/03_FULL255_STATIC/cases/S044_TT/scripts/sar_campaign_common.py,26750,5b44323d20e3621baa1d4be17cd39e6ad4d7ca50cb670afacca5a88c09db5e82
work/03_FULL255_STATIC/cases/S044_TT/scripts/setup_paired_static.py,13519,d15e09844a18f0bf383dc1121e3e3a9f461438a32486d26b7c288457819fcad9
work/03_FULL255_STATIC/cases/S106_TT/STATUS.json,578,f65717a98070567cc5cd330292215f990e968ad01a2c5239f9d743531e4aebfc
work/03_FULL255_STATIC/cases/S106_TT/config/cdac_mismatch_model.yaml,2700,6e15822f9689ea72feb9bbe86b9146dec7ddbe282d37503a5eeb42f81a75e968
work/03_FULL255_STATIC/cases/S106_TT/config/current_static_case.json,339,9226c8354f7c47e749a62a35e230ffd873caeaa6910215875a967f97ae4a3b5f
work/03_FULL255_STATIC/cases/S106_TT/config/dependency_hashes.json,2963,c82859a97fef9479131104caf704296c69ad9a3a43fa2df74f1bfb39c853d259
work/03_FULL255_STATIC/cases/S106_TT/config/frame_method_resolution.json,173,f817c6276534c8b6e928e7060287d4a7a6df8c3d72eebd1cdf583e40055e4787
work/03_FULL255_STATIC/cases/S106_TT/config/ngspice_userinit/.spiceinit,154,e4fedb09e98dc2f3df539fe215df79f4977d8fb3f7bcdd61c606d8bb90da1325
work/03_FULL255_STATIC/cases/S106_TT/config/paired_static_contract.json,5439,d6fd97f6690abebe485d7a297c4488ab60482e5a15a70bfa13724ec0635a60ac
work/03_FULL255_STATIC/cases/S106_TT/config/ramp_contract.json,507,9db8775fe67344f09cd16492e69bd62d4a50b9df9c4ba91afb9a1f8f371b31ff
work/03_FULL255_STATIC/cases/S106_TT/config/seed116_selection_provenance.json,1724,c49e6aa871ac89baae52486a4691fe880798c3ea632d52678c9eb7683dfbe54c
work/03_FULL255_STATIC/cases/S106_TT/config/timing_tt_3p3_27c.json,1664,b47114c90c2ea957e3f5f80eaeb2dd04e344646d29d49eb5fb8811273790ebee
work/03_FULL255_STATIC/cases/S106_TT/csv/cdac_mismatch_weights.csv,549745,db6195e8cf650819603c0aba6e7d08d6bb03830e512a598fbe05699bfa36b824
work/03_FULL255_STATIC/cases/S106_TT/csv/current_full255_code_widths.csv,21515,984125b2562fff8ecb9b003afbc8b2327d4a4d832451651db8539ddf724e1d9b
work/03_FULL255_STATIC/cases/S106_TT/csv/current_full255_inl.csv,21491,3c9a40eb66989bf9306548de3e402b91ded436a4b920c161b7b5cf38e962dbc2
work/03_FULL255_STATIC/cases/S106_TT/csv/pilot_current_evaluations.csv,55620,6922ef9c2e31c0f5156a530fcc034217891f8fa13f82813014f7a26afa945b03
work/03_FULL255_STATIC/cases/S106_TT/models/SAR_LOGIC_BEH_TT_3P3_27C.so,286040,e6f8341531b50a0d59e1f2f2be60f501a43d84e887b7e6226f5cd4d9c431ea0c
work/03_FULL255_STATIC/cases/S106_TT/models/no_r6_equivalent_loads.inc,1176,e9a41dab2e5e52b4f6ecc1d8d0d0b17eca88e8854b1ef7e24f8d62578b76dda3
work/03_FULL255_STATIC/cases/S106_TT/netlists/baseline/Comparator_StrongARM_extracted.subckt.spice,3896,27da9f627ade204e4481ae399e1fb606002fad24a7cfe581e518dc0e5813cba8
work/03_FULL255_STATIC/cases/S106_TT/netlists/candidate/Comparator_StrongARM_CMP_IN_A2P25_W.subckt.spice,3896,e30b2055a880b83176f9389c8b79a13201fdd0e689ca46f3dc3f32b19436f303
work/03_FULL255_STATIC/cases/S106_TT/netlists/candidate/Comparator_StrongARM_CURRENT.subckt.spice,3906,53f26155df31b8d1f50dd1bc99a17a6530de29233c11faabe63906debd1b5b49
work/03_FULL255_STATIC/cases/S106_TT/netlists/core/subckts/CDAC_native_extracted.subckt.spice,4365,6e98da540b1c765b0dcec4d1e10399142dc37b7f1c21960d289a83f07ec10ada
work/03_FULL255_STATIC/cases/S106_TT/netlists/core/subckts/SWITCH_BOOT_SP_native_extracted.subckt.spice,3195,3ef9735c56374250575394bbc2dbbf4e33ad4cc4c02af0055205160908e0daf1
work/03_FULL255_STATIC/cases/S106_TT/references/historical_selection/static_mc200_reconstructed_summary.csv,78694,d3a30841163a66cfc6fb935209bdc70d5ef5da70a23feb4e5637965d6e099d77
work/03_FULL255_STATIC/cases/S106_TT/references/historical_selection/static_mc_exact_validation.csv,34007,2d218ded08973148f108a77c7d5e6bbe32c1b9d25a624f47bba91fa7dcf18787
work/03_FULL255_STATIC/cases/S106_TT/results/setup_audit.json,1271,1de6f6e20c6e1f527a7e2ded0034e0158da41d0cbfa34d4b92df1af806d641a5
work/03_FULL255_STATIC/cases/S106_TT/scripts/__pycache__/freeze_current_static_case.cpython-312.pyc,4293,bc962a91fa634398bed90126d55f5dec40d280152be6c0ecc17a77518fa3c190
work/03_FULL255_STATIC/cases/S106_TT/scripts/__pycache__/run_paired_static.cpython-312.pyc,52275,69e4664bbf392e9e6a4837a6ae1cc326c1c0b725656387748e7acd96f252f83c
work/03_FULL255_STATIC/cases/S106_TT/scripts/__pycache__/sar_campaign_common.cpython-312.pyc,34216,aeec5b02c04aa75daffd5d74ad4cd5c397eb165ba06b56d43eb94b6d686ba0f7
work/03_FULL255_STATIC/cases/S106_TT/scripts/analyze_current_full255.py,4110,75dce6bf057dcd169781ede057d10b6600199560303e20d47443bda2a4be4016
work/03_FULL255_STATIC/cases/S106_TT/scripts/analyze_paired_static.py,30774,da408d1399683ec43240c901a44727bbd543338dfbbf32500d5db4bed995630f
work/03_FULL255_STATIC/cases/S106_TT/scripts/audit_preflight.py,6392,611b57af0605c92d782228693d70959d17206e710a2511dfdbac1dceaf08d4d3
work/03_FULL255_STATIC/cases/S106_TT/scripts/freeze_current_static_case.py,2627,1b0a63624ca0ec70f2fc127bbabb0553acdaa17796189a9e47eff6531098b103
work/03_FULL255_STATIC/cases/S106_TT/scripts/probe_mismatch_parameters.py,7092,6f1009882da721bb3226f7b96a101e5d162f3326ef88be0abedff41ea2173f68
work/03_FULL255_STATIC/cases/S106_TT/scripts/run_paired_static.py,44697,5ca92980465649d0fbe22776580d4112e592285a635fde17e56c2932299c5901
work/03_FULL255_STATIC/cases/S106_TT/scripts/sar_campaign_common.py,26750,5b44323d20e3621baa1d4be17cd39e6ad4d7ca50cb670afacca5a88c09db5e82
work/03_FULL255_STATIC/cases/S106_TT/scripts/setup_paired_static.py,13519,d15e09844a18f0bf383dc1121e3e3a9f461438a32486d26b7c288457819fcad9
work/03_FULL255_STATIC/cases/S116_TT/STATUS.json,578,a5b38e2b1862637bae73bc58a36680ff0d0ddfe3c0e02556d4be84c266834391
work/03_FULL255_STATIC/cases/S116_TT/config/cdac_mismatch_model.yaml,2700,6e15822f9689ea72feb9bbe86b9146dec7ddbe282d37503a5eeb42f81a75e968
work/03_FULL255_STATIC/cases/S116_TT/config/current_static_case.json,339,0e78e916e91e80e78222fdbd6f90058f2e7d2a99c538f109c25cd3e557ed01ba
work/03_FULL255_STATIC/cases/S116_TT/config/dependency_hashes.json,2963,c82859a97fef9479131104caf704296c69ad9a3a43fa2df74f1bfb39c853d259
work/03_FULL255_STATIC/cases/S116_TT/config/frame_method_resolution.json,173,f817c6276534c8b6e928e7060287d4a7a6df8c3d72eebd1cdf583e40055e4787
work/03_FULL255_STATIC/cases/S116_TT/config/ngspice_userinit/.spiceinit,154,e4fedb09e98dc2f3df539fe215df79f4977d8fb3f7bcdd61c606d8bb90da1325
work/03_FULL255_STATIC/cases/S116_TT/config/paired_static_contract.json,5439,d6fd97f6690abebe485d7a297c4488ab60482e5a15a70bfa13724ec0635a60ac
work/03_FULL255_STATIC/cases/S116_TT/config/ramp_contract.json,507,9db8775fe67344f09cd16492e69bd62d4a50b9df9c4ba91afb9a1f8f371b31ff
work/03_FULL255_STATIC/cases/S116_TT/config/seed116_selection_provenance.json,1724,c49e6aa871ac89baae52486a4691fe880798c3ea632d52678c9eb7683dfbe54c
work/03_FULL255_STATIC/cases/S116_TT/config/timing_tt_3p3_27c.json,1664,b47114c90c2ea957e3f5f80eaeb2dd04e344646d29d49eb5fb8811273790ebee
work/03_FULL255_STATIC/cases/S116_TT/csv/cdac_mismatch_weights.csv,549745,db6195e8cf650819603c0aba6e7d08d6bb03830e512a598fbe05699bfa36b824
work/03_FULL255_STATIC/cases/S116_TT/csv/current_full255_code_widths.csv,21454,2aafd455dde68af3bb9bdbd08fda76e1d8542e9e9210f9765b18d16dc38ba8eb
work/03_FULL255_STATIC/cases/S116_TT/csv/current_full255_inl.csv,21500,7b648913fffc95702a8077af290db0603f19f2afe78b288232e02f14ddae8aa8
work/03_FULL255_STATIC/cases/S116_TT/csv/pilot_current_evaluations.csv,54024,3d1090843d350b6b8793f33d37cb1ca3285f097531ea4f23fd3fb8c3c1e0a2e9
work/03_FULL255_STATIC/cases/S116_TT/models/SAR_LOGIC_BEH_TT_3P3_27C.so,286040,e6f8341531b50a0d59e1f2f2be60f501a43d84e887b7e6226f5cd4d9c431ea0c
work/03_FULL255_STATIC/cases/S116_TT/models/no_r6_equivalent_loads.inc,1176,e9a41dab2e5e52b4f6ecc1d8d0d0b17eca88e8854b1ef7e24f8d62578b76dda3
work/03_FULL255_STATIC/cases/S116_TT/netlists/baseline/Comparator_StrongARM_extracted.subckt.spice,3896,27da9f627ade204e4481ae399e1fb606002fad24a7cfe581e518dc0e5813cba8
work/03_FULL255_STATIC/cases/S116_TT/netlists/candidate/Comparator_StrongARM_CMP_IN_A2P25_W.subckt.spice,3896,e30b2055a880b83176f9389c8b79a13201fdd0e689ca46f3dc3f32b19436f303
work/03_FULL255_STATIC/cases/S116_TT/netlists/candidate/Comparator_StrongARM_CURRENT.subckt.spice,3906,53f26155df31b8d1f50dd1bc99a17a6530de29233c11faabe63906debd1b5b49
work/03_FULL255_STATIC/cases/S116_TT/netlists/core/subckts/CDAC_native_extracted.subckt.spice,4365,6e98da540b1c765b0dcec4d1e10399142dc37b7f1c21960d289a83f07ec10ada
work/03_FULL255_STATIC/cases/S116_TT/netlists/core/subckts/SWITCH_BOOT_SP_native_extracted.subckt.spice,3195,3ef9735c56374250575394bbc2dbbf4e33ad4cc4c02af0055205160908e0daf1
work/03_FULL255_STATIC/cases/S116_TT/references/historical_selection/static_mc200_reconstructed_summary.csv,78694,d3a30841163a66cfc6fb935209bdc70d5ef5da70a23feb4e5637965d6e099d77
work/03_FULL255_STATIC/cases/S116_TT/references/historical_selection/static_mc_exact_validation.csv,34007,2d218ded08973148f108a77c7d5e6bbe32c1b9d25a624f47bba91fa7dcf18787
work/03_FULL255_STATIC/cases/S116_TT/results/setup_audit.json,1271,ed5629034d33a12c25ba94c0346ab7387a943871fb504f2855575a4c9b4e355b
work/03_FULL255_STATIC/cases/S116_TT/scripts/__pycache__/freeze_current_static_case.cpython-312.pyc,4293,34ce5c37486e78c07200f4aa997a2f4604c487396a83f530f90b35f6c7a79580
work/03_FULL255_STATIC/cases/S116_TT/scripts/__pycache__/run_paired_static.cpython-312.pyc,52275,221e52ec8888c3c90421f9c0ea0faa3a4220f5fcaf692620a29f022645a03681
work/03_FULL255_STATIC/cases/S116_TT/scripts/__pycache__/sar_campaign_common.cpython-312.pyc,34216,5945ed105dedc99075e7d20646d71c20f75ab2040972cfe1bfd0c640f1b32bcc
work/03_FULL255_STATIC/cases/S116_TT/scripts/analyze_current_full255.py,4110,75dce6bf057dcd169781ede057d10b6600199560303e20d47443bda2a4be4016
work/03_FULL255_STATIC/cases/S116_TT/scripts/analyze_paired_static.py,30774,da408d1399683ec43240c901a44727bbd543338dfbbf32500d5db4bed995630f
work/03_FULL255_STATIC/cases/S116_TT/scripts/audit_preflight.py,6392,611b57af0605c92d782228693d70959d17206e710a2511dfdbac1dceaf08d4d3
work/03_FULL255_STATIC/cases/S116_TT/scripts/freeze_current_static_case.py,2627,1b0a63624ca0ec70f2fc127bbabb0553acdaa17796189a9e47eff6531098b103
work/03_FULL255_STATIC/cases/S116_TT/scripts/probe_mismatch_parameters.py,7092,6f1009882da721bb3226f7b96a101e5d162f3326ef88be0abedff41ea2173f68
work/03_FULL255_STATIC/cases/S116_TT/scripts/run_paired_static.py,44697,5ca92980465649d0fbe22776580d4112e592285a635fde17e56c2932299c5901
work/03_FULL255_STATIC/cases/S116_TT/scripts/sar_campaign_common.py,26750,5b44323d20e3621baa1d4be17cd39e6ad4d7ca50cb670afacca5a88c09db5e82
work/03_FULL255_STATIC/cases/S116_TT/scripts/setup_paired_static.py,13519,d15e09844a18f0bf383dc1121e3e3a9f461438a32486d26b7c288457819fcad9
work/03_FULL255_STATIC/cases/S180_TT/STATUS.json,578,c37d21b908cb30ca0726925890d67394aabb41028881d1d5f62006bff51d2212
work/03_FULL255_STATIC/cases/S180_TT/config/cdac_mismatch_model.yaml,2700,6e15822f9689ea72feb9bbe86b9146dec7ddbe282d37503a5eeb42f81a75e968
work/03_FULL255_STATIC/cases/S180_TT/config/current_static_case.json,339,f4f26c7fe4246e5d6b8740e9e644deee55b0e47979471e400be6b8f8d8935ee2
work/03_FULL255_STATIC/cases/S180_TT/config/dependency_hashes.json,2963,c82859a97fef9479131104caf704296c69ad9a3a43fa2df74f1bfb39c853d259
work/03_FULL255_STATIC/cases/S180_TT/config/frame_method_resolution.json,173,f817c6276534c8b6e928e7060287d4a7a6df8c3d72eebd1cdf583e40055e4787
work/03_FULL255_STATIC/cases/S180_TT/config/ngspice_userinit/.spiceinit,154,e4fedb09e98dc2f3df539fe215df79f4977d8fb3f7bcdd61c606d8bb90da1325
work/03_FULL255_STATIC/cases/S180_TT/config/paired_static_contract.json,5439,d6fd97f6690abebe485d7a297c4488ab60482e5a15a70bfa13724ec0635a60ac
work/03_FULL255_STATIC/cases/S180_TT/config/ramp_contract.json,507,9db8775fe67344f09cd16492e69bd62d4a50b9df9c4ba91afb9a1f8f371b31ff
work/03_FULL255_STATIC/cases/S180_TT/config/seed116_selection_provenance.json,1724,c49e6aa871ac89baae52486a4691fe880798c3ea632d52678c9eb7683dfbe54c
work/03_FULL255_STATIC/cases/S180_TT/config/timing_tt_3p3_27c.json,1664,b47114c90c2ea957e3f5f80eaeb2dd04e344646d29d49eb5fb8811273790ebee
work/03_FULL255_STATIC/cases/S180_TT/csv/cdac_mismatch_weights.csv,549745,db6195e8cf650819603c0aba6e7d08d6bb03830e512a598fbe05699bfa36b824
work/03_FULL255_STATIC/cases/S180_TT/csv/current_full255_code_widths.csv,21461,64e01cbb4b98abcdd0817f8b51819b180a7a823955de3d5c82bbc25b7c435b84
work/03_FULL255_STATIC/cases/S180_TT/csv/current_full255_inl.csv,21506,1ca4ac85e5329b9ce36cba09c46638c81e1eb1ef4f2e0f2b8a807c2b2f24fa8c
work/03_FULL255_STATIC/cases/S180_TT/csv/pilot_current_evaluations.csv,54058,a7be29ff5b77055055ba7b633dd0f01c4af11fd6aa6d562b141b5b194d1b2d46
work/03_FULL255_STATIC/cases/S180_TT/models/SAR_LOGIC_BEH_TT_3P3_27C.so,286040,e6f8341531b50a0d59e1f2f2be60f501a43d84e887b7e6226f5cd4d9c431ea0c
work/03_FULL255_STATIC/cases/S180_TT/models/no_r6_equivalent_loads.inc,1176,e9a41dab2e5e52b4f6ecc1d8d0d0b17eca88e8854b1ef7e24f8d62578b76dda3
work/03_FULL255_STATIC/cases/S180_TT/netlists/baseline/Comparator_StrongARM_extracted.subckt.spice,3896,27da9f627ade204e4481ae399e1fb606002fad24a7cfe581e518dc0e5813cba8
work/03_FULL255_STATIC/cases/S180_TT/netlists/candidate/Comparator_StrongARM_CMP_IN_A2P25_W.subckt.spice,3896,e30b2055a880b83176f9389c8b79a13201fdd0e689ca46f3dc3f32b19436f303
work/03_FULL255_STATIC/cases/S180_TT/netlists/candidate/Comparator_StrongARM_CURRENT.subckt.spice,3906,53f26155df31b8d1f50dd1bc99a17a6530de29233c11faabe63906debd1b5b49
work/03_FULL255_STATIC/cases/S180_TT/netlists/core/subckts/CDAC_native_extracted.subckt.spice,4365,6e98da540b1c765b0dcec4d1e10399142dc37b7f1c21960d289a83f07ec10ada
work/03_FULL255_STATIC/cases/S180_TT/netlists/core/subckts/SWITCH_BOOT_SP_native_extracted.subckt.spice,3195,3ef9735c56374250575394bbc2dbbf4e33ad4cc4c02af0055205160908e0daf1
work/03_FULL255_STATIC/cases/S180_TT/references/historical_selection/static_mc200_reconstructed_summary.csv,78694,d3a30841163a66cfc6fb935209bdc70d5ef5da70a23feb4e5637965d6e099d77
work/03_FULL255_STATIC/cases/S180_TT/references/historical_selection/static_mc_exact_validation.csv,34007,2d218ded08973148f108a77c7d5e6bbe32c1b9d25a624f47bba91fa7dcf18787
work/03_FULL255_STATIC/cases/S180_TT/results/setup_audit.json,1271,fb2e28054f0f4bb54186683089c78b4e20968a20159c93ab27ddb84c71023fb3
work/03_FULL255_STATIC/cases/S180_TT/scripts/__pycache__/freeze_current_static_case.cpython-312.pyc,4293,b9c03536868e6028ff1cf5b65e6cdb18852d4eebfb9afc9d0cf8d3b980455565
work/03_FULL255_STATIC/cases/S180_TT/scripts/__pycache__/run_paired_static.cpython-312.pyc,52275,03b3ed3afdfb1a03657d23de65c5ee462f47cbb302ddeeaded5f9aac6add7e79
work/03_FULL255_STATIC/cases/S180_TT/scripts/__pycache__/sar_campaign_common.cpython-312.pyc,34216,dc9adaf884c67ba636e3acccaa915d9e5d050aa2a14378dc3e5a4ee09a8e8610
work/03_FULL255_STATIC/cases/S180_TT/scripts/analyze_current_full255.py,4110,75dce6bf057dcd169781ede057d10b6600199560303e20d47443bda2a4be4016
work/03_FULL255_STATIC/cases/S180_TT/scripts/analyze_paired_static.py,30774,da408d1399683ec43240c901a44727bbd543338dfbbf32500d5db4bed995630f
work/03_FULL255_STATIC/cases/S180_TT/scripts/audit_preflight.py,6392,611b57af0605c92d782228693d70959d17206e710a2511dfdbac1dceaf08d4d3
work/03_FULL255_STATIC/cases/S180_TT/scripts/freeze_current_static_case.py,2627,1b0a63624ca0ec70f2fc127bbabb0553acdaa17796189a9e47eff6531098b103
work/03_FULL255_STATIC/cases/S180_TT/scripts/probe_mismatch_parameters.py,7092,6f1009882da721bb3226f7b96a101e5d162f3326ef88be0abedff41ea2173f68
work/03_FULL255_STATIC/cases/S180_TT/scripts/run_paired_static.py,44697,5ca92980465649d0fbe22776580d4112e592285a635fde17e56c2932299c5901
work/03_FULL255_STATIC/cases/S180_TT/scripts/sar_campaign_common.py,26750,5b44323d20e3621baa1d4be17cd39e6ad4d7ca50cb670afacca5a88c09db5e82
work/03_FULL255_STATIC/cases/S180_TT/scripts/setup_paired_static.py,13519,d15e09844a18f0bf383dc1121e3e3a9f461438a32486d26b7c288457819fcad9
work/03_FULL255_STATIC/results/queue_A_driver.log,14258,a7346a64f1bca02fde617c216b698e05cf2d1df2326f1fb5f6b6e36c48f39e57
work/03_FULL255_STATIC/results/queue_A_status.json,1289,2eb99c61c71ac07f6de47b051cc1bb63192e167410c42f87f3927e7d497ae6cd
work/03_FULL255_STATIC/results/queue_B_driver.log,14856,f486bf63c130ee31a542b7618458a4c1359727e2a47b0b1f45c1499d0f3b6e37
work/03_FULL255_STATIC/results/queue_B_status.json,1318,9e63a557f2f8a4739d4ca4c089d8a1720bb975c5cdf2812c5f5fdb70b39c760f
work/03_FULL255_STATIC/run_static_queue.py,4198,41390b50bf7b6be801ced03e664ee391c40002091cc2c6a38717af2d52e9948d
work/04_CROSS_CAMPAIGN_SUMMARY/build_final_summary.py,15340,0b7743355361f671954486fe6a3c3f8b23f54fa8dad96780ed8ff00ee036839e
work/04_CROSS_CAMPAIGN_SUMMARY/manifests/manifest_audit.json,486,10ec3141038113411432fe00a04aa64d7646626191d8990bc36d7c01bde39d13
work/04_CROSS_CAMPAIGN_SUMMARY/manifests/package_manifest_sha256.csv,521132,174bc7fbddbbe11fe7667cabeb268207200935d5136e0d46376157690e0a6e0e
work/04_CROSS_CAMPAIGN_SUMMARY/plots/full255_static_dnl_inl_summary.pdf,14291,ec0f32d7b176574e40687cd29bf8e3012dcdff45a7ca359af302095a4e46407d
work/04_CROSS_CAMPAIGN_SUMMARY/plots/full255_static_dnl_inl_summary.png,55210,89b46457462a2bf995ba50e915b9508fe88d16532ff51970703fc1b207955a00
work/04_CROSS_CAMPAIGN_SUMMARY/reports/FINAL_REPORT_CN.md,2176,82cccbdee48ce015fad03e7973dec46b35f9c97e5e2593159353c51c0f740025
work/04_CROSS_CAMPAIGN_SUMMARY/results/cross_campaign_summary.json,11134,2f9c523e56382f0e694d0fc467de7fce1047e0fa7de40cf00c3f071b6b781b42
work/04_CROSS_CAMPAIGN_SUMMARY/results/full255_static_summary.csv,885,f74685289f2c495e77f13d86f7ef82762c5e8a34f64a37433436f2e41696e347
work/PDK/gf180mcuD/libs.tech/ngspice/design.ngspice,3173,091cb530bf85160a1f07878fb81f789ca367d018991c8ab41a584cd1a85c6692
work/PDK/gf180mcuD/libs.tech/ngspice/sm141064.ngspice,1307272,677822db50bf8968f77854bb455006ac5c245deb46ecfc8b352934e752135c46
work/PDK/gf180mcuD/libs.tech/ngspice/sm141064_mim.ngspice,14763,b7918b5ad4f4dad0ce5cb2fc08114e25b10ff5f9f827754334bb0bdfe2a89767
