job_id,phase,role,method_id,mismatch_seed,noise_mode,noise_seed,band,warmup_frames,total_frames,maxstep_ns,frame_index,phase_index,view,retained,ideal_vid_v,commanded_vid_v,code,bits,valid,complete_v,invalid_v,timeout_v,sampled_diff_v,input_diff_v,complete_time_s,stable_margin_s
SMOKE_CMP_XM5_XM6_W8P2524_XM7_XM11_W16P8587_S001_LOW_W4,P1_SMOKE,SMOKE_CMP_XM5_XM6_W8P2524_XM7_XM11_W16P8587_MC200_LOW,FAST64_V2_FIRST_CONVERSION_SEPARATED,1,ON,100001,LOW,4,68,0.05,0,0,FIRST_CONVERSION,False,1.2827920356296627,1.2827642395654932,224,11100000,True,3.3,0.0,0.0,1.28102,1.28277,3.75497e-07,1.0450299999999994e-07
SMOKE_CMP_XM5_XM6_W8P2524_XM7_XM11_W16P8587_S001_LOW_W4,P1_SMOKE,SMOKE_CMP_XM5_XM6_W8P2524_XM7_XM11_W16P8587_MC200_LOW,FAST64_V2_FIRST_CONVERSION_SEPARATED,1,ON,100001,LOW,4,68,0.05,1,1,STARTUP_DIAGNOSTIC,False,1.4848272767569515,1.4847728581698183,240,11110000,True,3.3,0.0,0.0,1.48443,1.48478,8.75503e-07,1.0449699999999993e-07
SMOKE_CMP_XM5_XM6_W8P2524_XM7_XM11_W16P8587_S001_LOW_W4,P1_SMOKE,SMOKE_CMP_XM5_XM6_W8P2524_XM7_XM11_W16P8587_MC200_LOW,FAST64_V2_FIRST_CONVERSION_SEPARATED,1,ON,100001,LOW,4,68,0.05,2,2,STARTUP_DIAGNOSTIC,False,1.0127819771128357,1.0128098982242102,204,11001100,True,3.3,0.0,0.0,1.01214,1.01282,1.3755e-06,1.0450000000000002e-07
SMOKE_CMP_XM5_XM6_W8P2524_XM7_XM11_W16P8587_S001_LOW_W4,P1_SMOKE,SMOKE_CMP_XM5_XM6_W8P2524_XM7_XM11_W16P8587_MC200_LOW,FAST64_V2_FIRST_CONVERSION_SEPARATED,1,ON,100001,LOW,4,68,0.05,3,3,STARTUP_DIAGNOSTIC,False,0.08095483381425314,0.08091612070784752,134,10000110,True,3.3,0.0,0.0,0.0825526,0.0809261,1.8755e-06,1.0450000000000002e-07
SMOKE_CMP_XM5_XM6_W8P2524_XM7_XM11_W16P8587_S001_LOW_W4,P1_SMOKE,SMOKE_CMP_XM5_XM6_W8P2524_XM7_XM11_W16P8587_MC200_LOW,FAST64_V2_FIRST_CONVERSION_SEPARATED,1,ON,100001,LOW,4,68,0.05,4,4,STEADY_STATE_RETAINED,True,-0.887624111535514,-0.8874809752386567,61,00111101,True,3.3,0.0,0.0,-0.886723,-0.887471,2.37549e-06,1.0450999999999987e-07
SMOKE_CMP_XM5_XM6_W8P2524_XM7_XM11_W16P8587_S001_LOW_W4,P1_SMOKE,SMOKE_CMP_XM5_XM6_W8P2524_XM7_XM11_W16P8587_MC200_LOW,FAST64_V2_FIRST_CONVERSION_SEPARATED,1,ON,100001,LOW,4,68,0.05,5,5,STEADY_STATE_RETAINED,True,-1.4532402675617817,-1.4532218318760444,18,00010010,True,3.3,0.0,0.0,-1.45236,-1.45321,2.87548e-06,1.0451999999999972e-07
SMOKE_CMP_XM5_XM6_W8P2524_XM7_XM11_W16P8587_S001_LOW_W4,P1_SMOKE,SMOKE_CMP_XM5_XM6_W8P2524_XM7_XM11_W16P8587_MC200_LOW,FAST64_V2_FIRST_CONVERSION_SEPARATED,1,ON,100001,LOW,4,68,0.05,6,6,STEADY_STATE_RETAINED,True,-1.359115724610322,-1.3591341312788658,25,00011001,True,3.3,0.0,0.0,-1.36026,-1.35912,3.3755e-06,1.0450000000000002e-07
SMOKE_CMP_XM5_XM6_W8P2524_XM7_XM11_W16P8587_S001_LOW_W4,P1_SMOKE,SMOKE_CMP_XM5_XM6_W8P2524_XM7_XM11_W16P8587_MC200_LOW,FAST64_V2_FIRST_CONVERSION_SEPARATED,1,ON,100001,LOW,4,68,0.05,7,7,STEADY_STATE_RETAINED,True,-0.6479810573451181,-0.6478507479575234,79,01001111,True,3.3,0.0,0.0,-0.645103,-0.647841,3.8755e-06,1.0449999999999959e-07
SMOKE_CMP_XM5_XM6_W8P2524_XM7_XM11_W16P8587_S001_LOW_W4,P1_SMOKE,SMOKE_CMP_XM5_XM6_W8P2524_XM7_XM11_W16P8587_MC200_LOW,FAST64_V2_FIRST_CONVERSION_SEPARATED,1,ON,100001,LOW,4,68,0.05,8,8,STEADY_STATE_RETAINED,True,0.35732346279269056,0.3573234287428174,155,10011011,True,3.3,0.0,0.0,0.354466,0.357333,4.37551e-06,1.0449000000000059e-07
SMOKE_CMP_XM5_XM6_W8P2524_XM7_XM11_W16P8587_S001_LOW_W4,P1_SMOKE,SMOKE_CMP_XM5_XM6_W8P2524_XM7_XM11_W16P8587_MC200_LOW,FAST64_V2_FIRST_CONVERSION_SEPARATED,1,ON,100001,LOW,4,68,0.05,9,9,STEADY_STATE_RETAINED,True,1.200410601286161,1.200446423702894,218,11011010,True,3.3,0.0,0.0,1.20145,1.20046,4.8755e-06,1.0450000000000044e-07
SMOKE_CMP_XM5_XM6_W8P2524_XM7_XM11_W16P8587_S001_LOW_W4,P1_SMOKE,SMOKE_CMP_XM5_XM6_W8P2524_XM7_XM11_W16P8587_MC200_LOW,FAST64_V2_FIRST_CONVERSION_SEPARATED,1,ON,100001,LOW,4,68,0.05,10,10,STEADY_STATE_RETAINED,True,1.4985364234506107,1.4984437125959578,240,11110000,True,3.3,0.0,0.0,1.50003,1.49845,5.37548e-06,1.0452000000000014e-07
SMOKE_CMP_XM5_XM6_W8P2524_XM7_XM11_W16P8587_S001_LOW_W4,P1_SMOKE,SMOKE_CMP_XM5_XM6_W8P2524_XM7_XM11_W16P8587_MC200_LOW,FAST64_V2_FIRST_CONVERSION_SEPARATED,1,ON,100001,LOW,4,68,0.05,11,11,STEADY_STATE_RETAINED,True,1.1163580388581014,1.1163011122335333,212,11010100,True,3.3,0.0,0.0,1.11335,1.11631,5.8755e-06,1.0450000000000044e-07
SMOKE_CMP_XM5_XM6_W8P2524_XM7_XM11_W16P8587_S001_LOW_W4,P1_SMOKE,SMOKE_CMP_XM5_XM6_W8P2524_XM7_XM11_W16P8587_MC200_LOW,FAST64_V2_FIRST_CONVERSION_SEPARATED,1,ON,100001,LOW,4,68,0.05,12,12,STEADY_STATE_RETAINED,True,0.22737644401506385,0.22730304133747228,145,10010001,True,3.3,0.0,0.0,0.225732,0.227313,6.37551e-06,1.0449000000000059e-07
SMOKE_CMP_XM5_XM6_W8P2524_XM7_XM11_W16P8587_S001_LOW_W4,P1_SMOKE,SMOKE_CMP_XM5_XM6_W8P2524_XM7_XM11_W16P8587_MC200_LOW,FAST64_V2_FIRST_CONVERSION_SEPARATED,1,ON,100001,LOW,4,68,0.05,13,13,STEADY_STATE_RETAINED,True,-0.7648293027139206,-0.7649389442597956,70,01000110,True,3.3,0.0,0.0,-0.765679,-0.764929,6.8755e-06,1.0450000000000044e-07
SMOKE_CMP_XM5_XM6_W8P2524_XM7_XM11_W16P8587_S001_LOW_W4,P1_SMOKE,SMOKE_CMP_XM5_XM6_W8P2524_XM7_XM11_W16P8587_MC200_LOW,FAST64_V2_FIRST_CONVERSION_SEPARATED,1,ON,100001,LOW,4,68,0.05,14,14,STEADY_STATE_RETAINED,True,-1.40981853608705,-1.4098152872896281,21,00010101,True,3.3,0.0,0.0,-1.40922,-1.40981,7.3755e-06,1.0450000000000044e-07
SMOKE_CMP_XM5_XM6_W8P2524_XM7_XM11_W16P8587_S001_LOW_W4,P1_SMOKE,SMOKE_CMP_XM5_XM6_W8P2524_XM7_XM11_W16P8587_MC200_LOW,FAST64_V2_FIRST_CONVERSION_SEPARATED,1,ON,100001,LOW,4,68,0.05,15,15,STEADY_STATE_RETAINED,True,-1.4147796287657606,-1.4146179983546536,21,00010101,True,3.3,0.0,0.0,-1.41697,-1.41461,7.8755e-06,1.0450000000000044e-07
SMOKE_CMP_XM5_XM6_W8P2524_XM7_XM11_W16P8587_S001_LOW_W4,P1_SMOKE,SMOKE_CMP_XM5_XM6_W8P2524_XM7_XM11_W16P8587_MC200_LOW,FAST64_V2_FIRST_CONVERSION_SEPARATED,1,ON,100001,LOW,4,68,0.05,16,16,STEADY_STATE_RETAINED,True,-0.7774603483941246,-0.7774342475124628,69,01000101,True,3.3,0.0,0.0,-0.777249,-0.777424,8.3755e-06,1.0450000000000044e-07
SMOKE_CMP_XM5_XM6_W8P2524_XM7_XM11_W16P8587_S001_LOW_W4,P1_SMOKE,SMOKE_CMP_XM5_XM6_W8P2524_XM7_XM11_W16P8587_MC200_LOW,FAST64_V2_FIRST_CONVERSION_SEPARATED,1,ON,100001,LOW,4,68,0.05,17,17,STEADY_STATE_RETAINED,True,0.21280967599837608,0.21279075457169827,144,10010000,True,3.3,0.0,0.0,0.211022,0.212801,8.87551e-06,1.0448999999999974e-07
SMOKE_CMP_XM5_XM6_W8P2524_XM7_XM11_W16P8587_S001_LOW_W4,P1_SMOKE,SMOKE_CMP_XM5_XM6_W8P2524_XM7_XM11_W16P8587_MC200_LOW,FAST64_V2_FIRST_CONVERSION_SEPARATED,1,ON,100001,LOW,4,68,0.05,18,18,STEADY_STATE_RETAINED,True,1.106468556641088,1.1064611136092575,211,11010011,True,3.3,0.0,0.0,1.10446,1.10647,9.3755e-06,1.0450000000000044e-07
SMOKE_CMP_XM5_XM6_W8P2524_XM7_XM11_W16P8587_S001_LOW_W4,P1_SMOKE,SMOKE_CMP_XM5_XM6_W8P2524_XM7_XM11_W16P8587_MC200_LOW,FAST64_V2_FIRST_CONVERSION_SEPARATED,1,ON,100001,LOW,4,68,0.05,19,19,STEADY_STATE_RETAINED,True,1.4978138452031033,1.497722968272729,240,11110000,True,3.3,0.0,0.0,1.49643,1.49773,9.87548e-06,1.0452000000000014e-07
SMOKE_CMP_XM5_XM6_W8P2524_XM7_XM11_W16P8587_S001_LOW_W4,P1_SMOKE,SMOKE_CMP_XM5_XM6_W8P2524_XM7_XM11_W16P8587_MC200_LOW,FAST64_V2_FIRST_CONVERSION_SEPARATED,1,ON,100001,LOW,4,68,0.05,20,20,STEADY_STATE_RETAINED,True,1.2091829624257837,1.2091726639388387,219,11011011,True,3.3,0.0,0.0,1.21166,1.20918,1.03755e-05,1.0450000000000044e-07
SMOKE_CMP_XM5_XM6_W8P2524_XM7_XM11_W16P8587_S001_LOW_W4,P1_SMOKE,SMOKE_CMP_XM5_XM6_W8P2524_XM7_XM11_W16P8587_MC200_LOW,FAST64_V2_FIRST_CONVERSION_SEPARATED,1,ON,100001,LOW,4,68,0.05,21,21,STEADY_STATE_RETAINED,True,0.3716082947633996,0.37151807792451175,155,10011011,True,3.3,0.0,0.0,0.373522,0.371528,1.08755e-05,1.0450000000000044e-07
SMOKE_CMP_XM5_XM6_W8P2524_XM7_XM11_W16P8587_S001_LOW_W4,P1_SMOKE,SMOKE_CMP_XM5_XM6_W8P2524_XM7_XM11_W16P8587_MC200_LOW,FAST64_V2_FIRST_CONVERSION_SEPARATED,1,ON,100001,LOW,4,68,0.05,22,22,STEADY_STATE_RETAINED,True,-0.6346687696089611,-0.6347052596268696,80,01010000,True,3.3,0.0,0.0,-0.63264,-0.634695,1.13755e-05,1.0450000000000044e-07
SMOKE_CMP_XM5_XM6_W8P2524_XM7_XM11_W16P8587_S001_LOW_W4,P1_SMOKE,SMOKE_CMP_XM5_XM6_W8P2524_XM7_XM11_W16P8587_MC200_LOW,FAST64_V2_FIRST_CONVERSION_SEPARATED,1,ON,100001,LOW,4,68,0.05,23,23,STEADY_STATE_RETAINED,True,-1.3528194814245906,-1.3526691312184733,25,00011001,True,3.3,0.0,0.0,-1.35546,-1.35266,1.18755e-05,1.0450000000000044e-07
SMOKE_CMP_XM5_XM6_W8P2524_XM7_XM11_W16P8587_S001_LOW_W4,P1_SMOKE,SMOKE_CMP_XM5_XM6_W8P2524_XM7_XM11_W16P8587_MC200_LOW,FAST64_V2_FIRST_CONVERSION_SEPARATED,1,ON,100001,LOW,4,68,0.05,24,24,STEADY_STATE_RETAINED,True,-1.4568184316989683,-1.4569497902177082,18,00010010,True,3.3,0.0,0.0,-1.45587,-1.45694,1.23755e-05,1.0450000000000044e-07
SMOKE_CMP_XM5_XM6_W8P2524_XM7_XM11_W16P8587_S001_LOW_W4,P1_SMOKE,SMOKE_CMP_XM5_XM6_W8P2524_XM7_XM11_W16P8587_MC200_LOW,FAST64_V2_FIRST_CONVERSION_SEPARATED,1,ON,100001,LOW,4,68,0.05,25,25,STEADY_STATE_RETAINED,True,-0.8994522712850329,-0.8994606648638924,60,00111100,True,3.3,0.0,0.0,-0.901056,-0.89945,1.28755e-05,1.0449999999999875e-07
SMOKE_CMP_XM5_XM6_W8P2524_XM7_XM11_W16P8587_S001_LOW_W4,P1_SMOKE,SMOKE_CMP_XM5_XM6_W8P2524_XM7_XM11_W16P8587_MC200_LOW,FAST64_V2_FIRST_CONVERSION_SEPARATED,1,ON,100001,LOW,4,68,0.05,26,26,STEADY_STATE_RETAINED,True,0.0662464156905973,0.06618571332838652,132,10000100,True,3.3,0.0,0.0,0.0668375,0.0661957,1.33755e-05,1.0450000000000044e-07
SMOKE_CMP_XM5_XM6_W8P2524_XM7_XM11_W16P8587_S001_LOW_W4,P1_SMOKE,SMOKE_CMP_XM5_XM6_W8P2524_XM7_XM11_W16P8587_MC200_LOW,FAST64_V2_FIRST_CONVERSION_SEPARATED,1,ON,100001,LOW,4,68,0.05,27,27,STEADY_STATE_RETAINED,True,1.0018706149383227,1.0019000120649877,203,11001011,True,3.3,0.0,0.0,1.00257,1.00191,1.38755e-05,1.0450000000000044e-07
SMOKE_CMP_XM5_XM6_W8P2524_XM7_XM11_W16P8587_S001_LOW_W4,P1_SMOKE,SMOKE_CMP_XM5_XM6_W8P2524_XM7_XM11_W16P8587_MC200_LOW,FAST64_V2_FIRST_CONVERSION_SEPARATED,1,ON,100001,LOW,4,68,0.05,28,28,STEADY_STATE_RETAINED,True,1.482666500837955,1.4827125670118946,239,11101111,True,3.3,0.0,0.0,1.48411,1.48272,1.43755e-05,1.0450000000000044e-07
SMOKE_CMP_XM5_XM6_W8P2524_XM7_XM11_W16P8587_S001_LOW_W4,P1_SMOKE,SMOKE_CMP_XM5_XM6_W8P2524_XM7_XM11_W16P8587_MC200_LOW,FAST64_V2_FIRST_CONVERSION_SEPARATED,1,ON,100001,LOW,4,68,0.05,29,29,STEADY_STATE_RETAINED,True,1.2903627930586585,1.2904721297359905,225,11100001,True,3.3,0.0,0.0,1.28745,1.29048,1.48755e-05,1.0450000000000044e-07
SMOKE_CMP_XM5_XM6_W8P2524_XM7_XM11_W16P8587_S001_LOW_W4,P1_SMOKE,SMOKE_CMP_XM5_XM6_W8P2524_XM7_XM11_W16P8587_MC200_LOW,FAST64_V2_FIRST_CONVERSION_SEPARATED,1,ON,100001,LOW,4,68,0.05,30,30,STEADY_STATE_RETAINED,True,0.5122613544914112,0.5122167479916166,166,10100110,True,3.3,0.0,0.0,0.511425,0.512227,1.53755e-05,1.0449999999999875e-07
SMOKE_CMP_XM5_XM6_W8P2524_XM7_XM11_W16P8587_S001_LOW_W4,P1_SMOKE,SMOKE_CMP_XM5_XM6_W8P2524_XM7_XM11_W16P8587_MC200_LOW,FAST64_V2_FIRST_CONVERSION_SEPARATED,1,ON,100001,LOW,4,68,0.05,31,31,STEADY_STATE_RETAINED,True,-0.4983960293074411,-0.4983636179550319,90,01011010,True,3.3,0.0,0.0,-0.495515,-0.498354,1.58755e-05,1.0449999999999875e-07
SMOKE_CMP_XM5_XM6_W8P2524_XM7_XM11_W16P8587_S001_LOW_W4,P1_SMOKE,SMOKE_CMP_XM5_XM6_W8P2524_XM7_XM11_W16P8587_MC200_LOW,FAST64_V2_FIRST_CONVERSION_SEPARATED,1,ON,100001,LOW,4,68,0.05,32,32,STEADY_STATE_RETAINED,True,-1.2827920356296636,-1.2826523144726518,31,00011111,True,3.3,0.0,0.0,-1.28485,-1.28264,1.63755e-05,1.0449999999999875e-07
SMOKE_CMP_XM5_XM6_W8P2524_XM7_XM11_W16P8587_S001_LOW_W4,P1_SMOKE,SMOKE_CMP_XM5_XM6_W8P2524_XM7_XM11_W16P8587_MC200_LOW,FAST64_V2_FIRST_CONVERSION_SEPARATED,1,ON,100001,LOW,4,68,0.05,33,33,STEADY_STATE_RETAINED,True,-1.4848272767569517,-1.4847929795824906,16,00010000,True,3.3,0.0,0.0,-1.48677,-1.48478,1.68755e-05,1.0449999999999536e-07
SMOKE_CMP_XM5_XM6_W8P2524_XM7_XM11_W16P8587_S001_LOW_W4,P1_SMOKE,SMOKE_CMP_XM5_XM6_W8P2524_XM7_XM11_W16P8587_MC200_LOW,FAST64_V2_FIRST_CONVERSION_SEPARATED,1,ON,100001,LOW,4,68,0.05,34,34,STEADY_STATE_RETAINED,True,-1.0127819771128357,-1.012818514698205,51,00110011,True,3.3,0.0,0.0,-1.01248,-1.01281,1.73755e-05,1.0449999999999875e-07
SMOKE_CMP_XM5_XM6_W8P2524_XM7_XM11_W16P8587_S001_LOW_W4,P1_SMOKE,SMOKE_CMP_XM5_XM6_W8P2524_XM7_XM11_W16P8587_MC200_LOW,FAST64_V2_FIRST_CONVERSION_SEPARATED,1,ON,100001,LOW,4,68,0.05,35,35,STEADY_STATE_RETAINED,True,-0.08095483381425642,-0.08098575489881336,121,01111001,True,3.3,0.0,0.0,-0.0823056,-0.0809757,1.78755e-05,1.0449999999999875e-07
SMOKE_CMP_XM5_XM6_W8P2524_XM7_XM11_W16P8587_S001_LOW_W4,P1_SMOKE,SMOKE_CMP_XM5_XM6_W8P2524_XM7_XM11_W16P8587_MC200_LOW,FAST64_V2_FIRST_CONVERSION_SEPARATED,1,ON,100001,LOW,4,68,0.05,36,36,STEADY_STATE_RETAINED,True,0.8876241115355172,0.8876480666077592,194,11000010,True,3.3,0.0,0.0,0.886082,0.887658,1.83755e-05,1.0449999999999875e-07
SMOKE_CMP_XM5_XM6_W8P2524_XM7_XM11_W16P8587_S001_LOW_W4,P1_SMOKE,SMOKE_CMP_XM5_XM6_W8P2524_XM7_XM11_W16P8587_MC200_LOW,FAST64_V2_FIRST_CONVERSION_SEPARATED,1,ON,100001,LOW,4,68,0.05,37,37,STEADY_STATE_RETAINED,True,1.453240267561782,1.4531868705195834,237,11101101,True,3.3,0.0,0.0,1.4537,1.4532,1.88755e-05,1.0449999999999875e-07
SMOKE_CMP_XM5_XM6_W8P2524_XM7_XM11_W16P8587_S001_LOW_W4,P1_SMOKE,SMOKE_CMP_XM5_XM6_W8P2524_XM7_XM11_W16P8587_MC200_LOW,FAST64_V2_FIRST_CONVERSION_SEPARATED,1,ON,100001,LOW,4,68,0.05,38,38,STEADY_STATE_RETAINED,True,1.3591157246103238,1.359170463654316,230,11100110,True,3.3,0.0,0.0,1.35858,1.35918,1.93755e-05,1.0449999999999536e-07
SMOKE_CMP_XM5_XM6_W8P2524_XM7_XM11_W16P8587_S001_LOW_W4,P1_SMOKE,SMOKE_CMP_XM5_XM6_W8P2524_XM7_XM11_W16P8587_MC200_LOW,FAST64_V2_FIRST_CONVERSION_SEPARATED,1,ON,100001,LOW,4,68,0.05,39,39,STEADY_STATE_RETAINED,True,0.6479810573451193,0.6479741231079473,177,10110001,True,3.3,0.0,0.0,0.649036,0.647984,1.98755e-05,1.0449999999999875e-07
SMOKE_CMP_XM5_XM6_W8P2524_XM7_XM11_W16P8587_S001_LOW_W4,P1_SMOKE,SMOKE_CMP_XM5_XM6_W8P2524_XM7_XM11_W16P8587_MC200_LOW,FAST64_V2_FIRST_CONVERSION_SEPARATED,1,ON,100001,LOW,4,68,0.05,40,40,STEADY_STATE_RETAINED,True,-0.3573234627926919,-0.357306008473645,100,01100100,True,3.3,0.0,0.0,-0.357128,-0.357296,2.03755e-05,1.0449999999999536e-07
SMOKE_CMP_XM5_XM6_W8P2524_XM7_XM11_W16P8587_S001_LOW_W4,P1_SMOKE,SMOKE_CMP_XM5_XM6_W8P2524_XM7_XM11_W16P8587_MC200_LOW,FAST64_V2_FIRST_CONVERSION_SEPARATED,1,ON,100001,LOW,4,68,0.05,41,41,STEADY_STATE_RETAINED,True,-1.2004106012861624,-1.2003844071313987,37,00100101,True,3.3,0.0,0.0,-1.19953,-1.20037,2.08755e-05,1.0449999999999875e-07
SMOKE_CMP_XM5_XM6_W8P2524_XM7_XM11_W16P8587_S001_LOW_W4,P1_SMOKE,SMOKE_CMP_XM5_XM6_W8P2524_XM7_XM11_W16P8587_MC200_LOW,FAST64_V2_FIRST_CONVERSION_SEPARATED,1,ON,100001,LOW,4,68,0.05,42,42,STEADY_STATE_RETAINED,True,-1.4985364234506107,-1.4986410346602852,14,00001110,True,3.3,0.0,0.0,-1.49892,-1.49863,2.13755e-05,1.0449999999999875e-07
SMOKE_CMP_XM5_XM6_W8P2524_XM7_XM11_W16P8587_S001_LOW_W4,P1_SMOKE,SMOKE_CMP_XM5_XM6_W8P2524_XM7_XM11_W16P8587_MC200_LOW,FAST64_V2_FIRST_CONVERSION_SEPARATED,1,ON,100001,LOW,4,68,0.05,43,43,STEADY_STATE_RETAINED,True,-1.116358038858104,-1.116306013441672,43,00101011,True,3.3,0.0,0.0,-1.11526,-1.1163,2.18755e-05,1.0449999999999536e-07
SMOKE_CMP_XM5_XM6_W8P2524_XM7_XM11_W16P8587_S001_LOW_W4,P1_SMOKE,SMOKE_CMP_XM5_XM6_W8P2524_XM7_XM11_W16P8587_MC200_LOW,FAST64_V2_FIRST_CONVERSION_SEPARATED,1,ON,100001,LOW,4,68,0.05,44,44,STEADY_STATE_RETAINED,True,-0.22737644401505985,-0.22751457399565644,110,01101110,True,3.3,0.0,0.0,-0.228,-0.227505,2.23755e-05,1.0449999999999875e-07
SMOKE_CMP_XM5_XM6_W8P2524_XM7_XM11_W16P8587_S001_LOW_W4,P1_SMOKE,SMOKE_CMP_XM5_XM6_W8P2524_XM7_XM11_W16P8587_MC200_LOW,FAST64_V2_FIRST_CONVERSION_SEPARATED,1,ON,100001,LOW,4,68,0.05,45,45,STEADY_STATE_RETAINED,True,0.7648293027139195,0.7648064745245092,185,10111001,True,3.3,0.0,0.0,0.76311,0.764816,2.28755e-05,1.0449999999999536e-07
SMOKE_CMP_XM5_XM6_W8P2524_XM7_XM11_W16P8587_S001_LOW_W4,P1_SMOKE,SMOKE_CMP_XM5_XM6_W8P2524_XM7_XM11_W16P8587_MC200_LOW,FAST64_V2_FIRST_CONVERSION_SEPARATED,1,ON,100001,LOW,4,68,0.05,46,46,STEADY_STATE_RETAINED,True,1.4098185360870479,1.4098712139875254,234,11101010,True,3.3,0.0,0.0,1.41007,1.40988,2.33755e-05,1.0449999999999875e-07
SMOKE_CMP_XM5_XM6_W8P2524_XM7_XM11_W16P8587_S001_LOW_W4,P1_SMOKE,SMOKE_CMP_XM5_XM6_W8P2524_XM7_XM11_W16P8587_MC200_LOW,FAST64_V2_FIRST_CONVERSION_SEPARATED,1,ON,100001,LOW,4,68,0.05,47,47,STEADY_STATE_RETAINED,True,1.414779628765761,1.4148799237053138,234,11101010,True,3.3,0.0,0.0,1.41282,1.41489,2.38755e-05,1.0449999999999875e-07
SMOKE_CMP_XM5_XM6_W8P2524_XM7_XM11_W16P8587_S001_LOW_W4,P1_SMOKE,SMOKE_CMP_XM5_XM6_W8P2524_XM7_XM11_W16P8587_MC200_LOW,FAST64_V2_FIRST_CONVERSION_SEPARATED,1,ON,100001,LOW,4,68,0.05,48,48,STEADY_STATE_RETAINED,True,0.7774603483941213,0.7775382460259709,186,10111010,True,3.3,0.0,0.0,0.775957,0.777548,2.43755e-05,1.0449999999999875e-07
SMOKE_CMP_XM5_XM6_W8P2524_XM7_XM11_W16P8587_S001_LOW_W4,P1_SMOKE,SMOKE_CMP_XM5_XM6_W8P2524_XM7_XM11_W16P8587_MC200_LOW,FAST64_V2_FIRST_CONVERSION_SEPARATED,1,ON,100001,LOW,4,68,0.05,49,49,STEADY_STATE_RETAINED,True,-0.2128096759983695,-0.21281107634352295,111,01101111,True,3.3,0.0,0.0,-0.213112,-0.212801,2.48755e-05,1.0449999999999875e-07
SMOKE_CMP_XM5_XM6_W8P2524_XM7_XM11_W16P8587_S001_LOW_W4,P1_SMOKE,SMOKE_CMP_XM5_XM6_W8P2524_XM7_XM11_W16P8587_MC200_LOW,FAST64_V2_FIRST_CONVERSION_SEPARATED,1,ON,100001,LOW,4,68,0.05,50,50,STEADY_STATE_RETAINED,True,-1.1064685566410837,-1.1064253041478582,44,00101100,True,3.3,0.0,0.0,-1.10676,-1.10642,2.53755e-05,1.0449999999999536e-07
SMOKE_CMP_XM5_XM6_W8P2524_XM7_XM11_W16P8587_S001_LOW_W4,P1_SMOKE,SMOKE_CMP_XM5_XM6_W8P2524_XM7_XM11_W16P8587_MC200_LOW,FAST64_V2_FIRST_CONVERSION_SEPARATED,1,ON,100001,LOW,4,68,0.05,51,51,STEADY_STATE_RETAINED,True,-1.4978138452031033,-1.4978328836662715,15,00001111,True,3.3,0.0,0.0,-1.49855,-1.49782,2.58755e-05,1.0449999999999875e-07
SMOKE_CMP_XM5_XM6_W8P2524_XM7_XM11_W16P8587_S001_LOW_W4,P1_SMOKE,SMOKE_CMP_XM5_XM6_W8P2524_XM7_XM11_W16P8587_MC200_LOW,FAST64_V2_FIRST_CONVERSION_SEPARATED,1,ON,100001,LOW,4,68,0.05,52,52,STEADY_STATE_RETAINED,True,-1.2091829624257844,-1.2093190934153004,36,00100100,True,3.3,0.0,0.0,-1.20887,-1.20931,2.63755e-05,1.0449999999999875e-07
SMOKE_CMP_XM5_XM6_W8P2524_XM7_XM11_W16P8587_S001_LOW_W4,P1_SMOKE,SMOKE_CMP_XM5_XM6_W8P2524_XM7_XM11_W16P8587_MC200_LOW,FAST64_V2_FIRST_CONVERSION_SEPARATED,1,ON,100001,LOW,4,68,0.05,53,53,STEADY_STATE_RETAINED,True,-0.37160829476340085,-0.3716519833680557,100,01100100,True,3.3,0.0,0.0,-0.371917,-0.371642,2.68755e-05,1.0449999999999875e-07
SMOKE_CMP_XM5_XM6_W8P2524_XM7_XM11_W16P8587_S001_LOW_W4,P1_SMOKE,SMOKE_CMP_XM5_XM6_W8P2524_XM7_XM11_W16P8587_MC200_LOW,FAST64_V2_FIRST_CONVERSION_SEPARATED,1,ON,100001,LOW,4,68,0.05,54,54,STEADY_STATE_RETAINED,True,0.6346687696089551,0.6346329321242696,175,10101111,True,3.3,0.0,0.0,0.634686,0.634643,2.73755e-05,1.0449999999999875e-07
SMOKE_CMP_XM5_XM6_W8P2524_XM7_XM11_W16P8587_S001_LOW_W4,P1_SMOKE,SMOKE_CMP_XM5_XM6_W8P2524_XM7_XM11_W16P8587_MC200_LOW,FAST64_V2_FIRST_CONVERSION_SEPARATED,1,ON,100001,LOW,4,68,0.05,55,55,STEADY_STATE_RETAINED,True,1.352819481424588,1.352831428734126,229,11100101,True,3.3,0.0,0.0,1.35278,1.35284,2.78755e-05,1.0449999999999536e-07
SMOKE_CMP_XM5_XM6_W8P2524_XM7_XM11_W16P8587_S001_LOW_W4,P1_SMOKE,SMOKE_CMP_XM5_XM6_W8P2524_XM7_XM11_W16P8587_MC200_LOW,FAST64_V2_FIRST_CONVERSION_SEPARATED,1,ON,100001,LOW,4,68,0.05,56,56,STEADY_STATE_RETAINED,True,1.4568184316989696,1.4568458601521765,237,11101101,True,3.3,0.0,0.0,1.45552,1.45686,2.83755e-05,1.0449999999999875e-07
SMOKE_CMP_XM5_XM6_W8P2524_XM7_XM11_W16P8587_S001_LOW_W4,P1_SMOKE,SMOKE_CMP_XM5_XM6_W8P2524_XM7_XM11_W16P8587_MC200_LOW,FAST64_V2_FIRST_CONVERSION_SEPARATED,1,ON,100001,LOW,4,68,0.05,57,57,STEADY_STATE_RETAINED,True,0.8994522712850339,0.8994987448807923,195,11000011,True,3.3,0.0,0.0,0.899235,0.899509,2.88755e-05,1.0449999999999536e-07
SMOKE_CMP_XM5_XM6_W8P2524_XM7_XM11_W16P8587_S001_LOW_W4,P1_SMOKE,SMOKE_CMP_XM5_XM6_W8P2524_XM7_XM11_W16P8587_MC200_LOW,FAST64_V2_FIRST_CONVERSION_SEPARATED,1,ON,100001,LOW,4,68,0.05,58,58,STEADY_STATE_RETAINED,True,-0.06624641569059603,-0.06629763736494743,123,01111011,True,3.3,0.0,0.0,-0.0662138,-0.0662876,2.93755e-05,1.0449999999999875e-07
SMOKE_CMP_XM5_XM6_W8P2524_XM7_XM11_W16P8587_S001_LOW_W4,P1_SMOKE,SMOKE_CMP_XM5_XM6_W8P2524_XM7_XM11_W16P8587_MC200_LOW,FAST64_V2_FIRST_CONVERSION_SEPARATED,1,ON,100001,LOW,4,68,0.05,59,59,STEADY_STATE_RETAINED,True,-1.0018706149383219,-1.0018518081170997,52,00110100,True,3.3,0.0,0.0,-0.99969,-1.00184,2.98755e-05,1.0449999999999875e-07
SMOKE_CMP_XM5_XM6_W8P2524_XM7_XM11_W16P8587_S001_LOW_W4,P1_SMOKE,SMOKE_CMP_XM5_XM6_W8P2524_XM7_XM11_W16P8587_MC200_LOW,FAST64_V2_FIRST_CONVERSION_SEPARATED,1,ON,100001,LOW,4,68,0.05,60,60,STEADY_STATE_RETAINED,True,-1.4826665008379531,-1.4826902516356293,16,00010000,True,3.3,0.0,0.0,-1.48252,-1.48268,3.03755e-05,1.0449999999999536e-07
SMOKE_CMP_XM5_XM6_W8P2524_XM7_XM11_W16P8587_S001_LOW_W4,P1_SMOKE,SMOKE_CMP_XM5_XM6_W8P2524_XM7_XM11_W16P8587_MC200_LOW,FAST64_V2_FIRST_CONVERSION_SEPARATED,1,ON,100001,LOW,4,68,0.05,61,61,STEADY_STATE_RETAINED,True,-1.2903627930586619,-1.2902801003623903,30,00011110,True,3.3,0.0,0.0,-1.29312,-1.29027,3.08755e-05,1.0449999999999875e-07
SMOKE_CMP_XM5_XM6_W8P2524_XM7_XM11_W16P8587_S001_LOW_W4,P1_SMOKE,SMOKE_CMP_XM5_XM6_W8P2524_XM7_XM11_W16P8587_MC200_LOW,FAST64_V2_FIRST_CONVERSION_SEPARATED,1,ON,100001,LOW,4,68,0.05,62,62,STEADY_STATE_RETAINED,True,-0.5122613544914125,-0.5122806558178201,89,01011001,True,3.3,0.0,0.0,-0.511237,-0.512271,3.13755e-05,1.0449999999999875e-07
SMOKE_CMP_XM5_XM6_W8P2524_XM7_XM11_W16P8587_S001_LOW_W4,P1_SMOKE,SMOKE_CMP_XM5_XM6_W8P2524_XM7_XM11_W16P8587_MC200_LOW,FAST64_V2_FIRST_CONVERSION_SEPARATED,1,ON,100001,LOW,4,68,0.05,63,63,STEADY_STATE_RETAINED,True,0.4983960293074198,0.49841268678580747,165,10100101,True,3.3,0.0,0.0,0.500572,0.498423,3.18755e-05,1.0449999999999197e-07
SMOKE_CMP_XM5_XM6_W8P2524_XM7_XM11_W16P8587_S001_LOW_W4,P1_SMOKE,SMOKE_CMP_XM5_XM6_W8P2524_XM7_XM11_W16P8587_MC200_LOW,FAST64_V2_FIRST_CONVERSION_SEPARATED,1,ON,100001,LOW,4,68,0.05,64,0,STEADY_STATE_RETAINED,True,1.2827920356296547,1.2827540716791346,224,11100000,True,3.3,0.0,0.0,1.2818,1.28276,3.23755e-05,1.0449999999999197e-07
SMOKE_CMP_XM5_XM6_W8P2524_XM7_XM11_W16P8587_S001_LOW_W4,P1_SMOKE,SMOKE_CMP_XM5_XM6_W8P2524_XM7_XM11_W16P8587_MC200_LOW,FAST64_V2_FIRST_CONVERSION_SEPARATED,1,ON,100001,LOW,4,68,0.05,65,1,STEADY_STATE_RETAINED,True,1.4848272767569535,1.484810153987201,239,11101111,True,3.3,0.0,0.0,1.48517,1.48482,3.28755e-05,1.0449999999999197e-07
SMOKE_CMP_XM5_XM6_W8P2524_XM7_XM11_W16P8587_S001_LOW_W4,P1_SMOKE,SMOKE_CMP_XM5_XM6_W8P2524_XM7_XM11_W16P8587_MC200_LOW,FAST64_V2_FIRST_CONVERSION_SEPARATED,1,ON,100001,LOW,4,68,0.05,66,2,STEADY_STATE_RETAINED,True,1.0127819771128523,1.0128096603723147,204,11001100,True,3.3,0.0,0.0,1.01098,1.01282,3.33755e-05,1.0449999999999197e-07
SMOKE_CMP_XM5_XM6_W8P2524_XM7_XM11_W16P8587_S001_LOW_W4,P1_SMOKE,SMOKE_CMP_XM5_XM6_W8P2524_XM7_XM11_W16P8587_MC200_LOW,FAST64_V2_FIRST_CONVERSION_SEPARATED,1,ON,100001,LOW,4,68,0.05,67,3,STEADY_STATE_RETAINED,True,0.08095483381426302,0.08090262771551762,134,10000110,True,3.3,0.0,0.0,0.0829651,0.0809126,3.38755e-05,1.0449999999999875e-07
