mismatch_seed,noise_seed,band,nfft,bin,fin_hz,maxstep_ps,solver_profile,execution_mode,compact_code_checksum_sha256,state,hard_dynamic_pass,snr_budget_pass,preferred_nominal_pass,snr_db,sndr_db,enob_raw,sfdr_dbc,thd_db,mismatch_checksum_sha256,noise_draw_checksum_sha256
1,100001,LOW,64,7,218750.0,50,ROBUST_GEAR,SEPARATE_PROCESS_FALLBACK,8cd4a6797de4ad159c651863c14c11a63783539eca361a203cca377e8200719a,VALID_PASS,True,True,True,48.64751403750985,48.01213435571317,7.683078796630096,55.923969962231475,-56.67346156158462,46ecd0a5648d88974bdfa2ff91550ecf1eda3cd91504a20350fa677b20b6e420,812f1a7933dceb73b5642e657b8f7fd2dc9dc27b170ebd56c12d240ccdee9b6d
1,100001,NEAR_NYQUIST,64,29,906250.0,50,ROBUST_GEAR,SEPARATE_PROCESS_FALLBACK,a4c95905ad50ed93298fcc899dd9403e2127a25bd75905199d95f164d2cf6de5,VALID_PASS,True,True,True,49.741017665466714,48.67516919975111,7.793217475041714,57.42726140022434,-55.29808814838973,46ecd0a5648d88974bdfa2ff91550ecf1eda3cd91504a20350fa677b20b6e420,812f1a7933dceb73b5642e657b8f7fd2dc9dc27b170ebd56c12d240ccdee9b6d
2,100002,LOW,64,7,218750.0,50,ROBUST_GEAR,SEPARATE_PROCESS_FALLBACK,0f41220687728bc54cc049e05d994a73291eb272d939dff201f089d718b3685a,VALID_FAIL,False,False,False,45.57828300774726,44.4999247561066,7.0996552751007656,53.81088082441653,-51.078165495126875,7a16a78409eac597885a9b24441039d365792f43a1e553ed97db2bdd7d5ba5bf,61972ea84845cd14941cac277745c959d0689267f80f22c5ffdf58ecc56376d1
2,100002,NEAR_NYQUIST,64,29,906250.0,50,ROBUST_GEAR,SEPARATE_PROCESS_FALLBACK,559af9407142bff0994620f4762f74b3dc403fd62ed99cbd67a3bd34cf5b6b53,VALID_FAIL,False,False,False,46.576356413151004,45.74773515456724,7.306932749928113,55.86028924221392,-53.34974274445745,7a16a78409eac597885a9b24441039d365792f43a1e553ed97db2bdd7d5ba5bf,61972ea84845cd14941cac277745c959d0689267f80f22c5ffdf58ecc56376d1
3,100003,LOW,64,7,218750.0,50,ROBUST_GEAR,SEPARATE_PROCESS_FALLBACK,b2fb4d3c4cdb2eb760810d12d9ae764bb556029a824ee7f21264a668584e74bf,VALID_PASS,True,True,False,48.35983381424316,47.68955498872475,7.629494184173548,56.43855163344011,-56.13567299083095,74d62364abce6e0d5993d4932718a585eaa950076bb66d07f1ebc5b5b4377f00,5daa207aa94b783299d55e4022acacb284bd93a157a0da5b90e155731e5c204e
3,100003,NEAR_NYQUIST,64,29,906250.0,50,ROBUST_GEAR,SEPARATE_PROCESS_FALLBACK,33cb0c3fa41fd7e36148419da5c5bfdef2a6a6d3009088ecd4cf5b02f5353a85,VALID_PASS,True,True,True,48.73975619674986,48.20842449587638,7.71568513220538,55.77551719388361,-57.5955679728424,74d62364abce6e0d5993d4932718a585eaa950076bb66d07f1ebc5b5b4377f00,5daa207aa94b783299d55e4022acacb284bd93a157a0da5b90e155731e5c204e
47,100047,LOW,64,7,218750.0,50,ROBUST_GEAR,SEPARATE_PROCESS_FALLBACK,57bb79c88e495b45c08001bc78df659e39b4d00fd249bc27ea8471a6faa63a6f,VALID_PASS,True,False,False,47.99165978683902,47.8182688551281,7.650875225104337,55.76372873602848,-61.89225519393145,4b79e529f5ea4d8e31db266aff52e1f39b05f591058048c74d3591d81bb9b8ee,a99e0e6b132a39c6ea8c4859781b2464e2d46953035175d0acf88e3ec06c08cf
47,100047,NEAR_NYQUIST,64,29,906250.0,50,ROBUST_GEAR,SEPARATE_PROCESS_FALLBACK,1b8f85f3f43c25f0e0f4698efe2f73f874093d638aaca5a99d9a850abd21699d,VALID_FAIL,False,False,False,26.67028355729225,26.06239238989683,4.0369422574579445,39.69037028577616,-34.902378008066684,4b79e529f5ea4d8e31db266aff52e1f39b05f591058048c74d3591d81bb9b8ee,a99e0e6b132a39c6ea8c4859781b2464e2d46953035175d0acf88e3ec06c08cf
53,100053,LOW,64,7,218750.0,50,ROBUST_GEAR,SEPARATE_PROCESS_FALLBACK,14b74a0828d07ac08dbfd23e68588b47619f5328af92b0e4ff1182279e6db257,VALID_FAIL,False,False,False,23.556306059036398,23.29699685264964,3.577574228014891,34.906323636043325,-35.66567010807952,e52e0a1c4f31e1b19f5f77d0a9d6ba9fe4d91376f6b320fa3e060e638ccc827c,c2f303c0ecd35d70e3317ef58ce9c0bb86b47822789f49d575a49cda096fdf14
53,100053,NEAR_NYQUIST,64,29,906250.0,50,ROBUST_GEAR,SEPARATE_PROCESS_FALLBACK,e07e5e415d6027249a1b13d415c96d480a3eb2a62dfdfb2bb5c70c3ef0d41355,VALID_PASS,True,True,True,48.861783173409805,48.59747639681983,7.780311693823893,60.17646813880114,-60.885719711181764,e52e0a1c4f31e1b19f5f77d0a9d6ba9fe4d91376f6b320fa3e060e638ccc827c,c2f303c0ecd35d70e3317ef58ce9c0bb86b47822789f49d575a49cda096fdf14
71,100071,LOW,64,7,218750.0,50,ROBUST_GEAR,SEPARATE_PROCESS_FALLBACK,655542f118c748962a2d0fb1cf5ed3b9d29f4183c4c2f5b1b8efba47648dae30,VALID_FAIL,False,False,False,32.50033958542691,32.055740219687586,5.032514986659067,45.46459785648426,-42.17429833994862,0bdb29cf8c937e5d247453be2b2913e51d2ea21b041bed677fb4c6316bd35718,0486ca2cad31a3bcd302393189f83ee061992f8157333f2f1a804e0e16fadcb6
71,100071,NEAR_NYQUIST,64,29,906250.0,50,ROBUST_GEAR,SEPARATE_PROCESS_FALLBACK,2bbf0b085c0e1e0077bb7382f457eb8e024bab3db50b2487646f009099b9d4b9,VALID_FAIL,False,False,False,33.07831306596833,32.5269318462437,5.110786020970714,45.24926717819553,-41.76302945145886,0bdb29cf8c937e5d247453be2b2913e51d2ea21b041bed677fb4c6316bd35718,0486ca2cad31a3bcd302393189f83ee061992f8157333f2f1a804e0e16fadcb6
74,100074,LOW,64,7,218750.0,50,ROBUST_GEAR,SEPARATE_PROCESS_FALLBACK,9da9f973f6907e71a2bdbb5ed3b1e2c6d8116d33c6913d73842790bf3106a604,VALID_PASS,True,True,True,48.90692078907289,48.41203712443835,7.7495078279797935,60.154892399981904,-58.08994144693537,0108cf247969958bc05717dffb7919a6cf49df6703087d35a1ba20556597ca86,891d763ff1b04f857383e78f4a46cacf245416dfaf15b0631f38ff3c2972447e
74,100074,NEAR_NYQUIST,64,29,906250.0,50,ROBUST_GEAR,SEPARATE_PROCESS_FALLBACK,74f8749b328e28457d27e5c9af4cd80413e74037acb5e5259ae101bb8905329c,VALID_PASS,True,True,True,48.94234596323276,48.64717692155502,7.788567594942696,57.14150805953743,-60.47106065075611,0108cf247969958bc05717dffb7919a6cf49df6703087d35a1ba20556597ca86,891d763ff1b04f857383e78f4a46cacf245416dfaf15b0631f38ff3c2972447e
109,100109,LOW,64,7,218750.0,50,ROBUST_GEAR,SEPARATE_PROCESS_FALLBACK,bd2c5c2bf3427e257d0a0d6c18b400ea5cfd25956dc3ad17ade4bc03ab2352d1,VALID_FAIL,False,False,False,23.660524999431264,23.344589782650104,3.5854800303405487,34.93369281602502,-34.88346252316144,7cf0a79aaf109556d42e01852399e738f2b1232ac2b464581078f5e74110c2fe,027feeca2e56fd5211e84440d59ccbf03c71b73c9febde57e394123e2077d08a
109,100109,NEAR_NYQUIST,64,29,906250.0,50,ROBUST_GEAR,SEPARATE_PROCESS_FALLBACK,99262380b16dc7dcfa51a0164951287aa557afbe7601585edab1b76dd77bc323,VALID_FAIL,False,False,False,47.71249709838531,46.891509976907024,7.49692856759253,56.71877677634776,-54.5300185128052,7cf0a79aaf109556d42e01852399e738f2b1232ac2b464581078f5e74110c2fe,027feeca2e56fd5211e84440d59ccbf03c71b73c9febde57e394123e2077d08a
110,100110,LOW,64,7,218750.0,50,ROBUST_GEAR,SEPARATE_PROCESS_FALLBACK,8bed52be903215ddb6de05dfd9e3f9de45fef66264de92d39486836835588a48,VALID_FAIL,False,False,False,32.80687569702867,32.12923052072839,5.044722677861859,45.53765661304393,-40.53146796169259,c00f427e88d30236f9eefd5498e702991f64598b149bd9c16e4d1ae8df02f7c5,eb965e187906a10e11b32f968f37dc492b728e8db08fa3ef2fc75e6c66908c9f
110,100110,NEAR_NYQUIST,64,29,906250.0,50,ROBUST_GEAR,SEPARATE_PROCESS_FALLBACK,06ce95cc96f80178f47737f06fdf5213e36e17991263931c789b999606d753d5,VALID_PASS,True,True,True,48.59819797461707,48.30562990990002,7.731832210946848,55.66707819715636,-60.16666667926309,c00f427e88d30236f9eefd5498e702991f64598b149bd9c16e4d1ae8df02f7c5,eb965e187906a10e11b32f968f37dc492b728e8db08fa3ef2fc75e6c66908c9f
195,100195,LOW,64,7,218750.0,50,ROBUST_GEAR,SEPARATE_PROCESS_FALLBACK,c1b41aaeed2a5f38a5e1f101815aa51e0c6293ec6f1d721d99401508602fc5ae,VALID_FAIL,False,False,False,23.468576125015282,23.194033221231393,3.5604706347560455,34.61404399680751,-35.322322437895544,6e39be409355f87b484e77452ff0b9fdbebe3437ff2172066ffda74e138c2fb2,4bf0028178cd54c60e05fe7138fa6f5a648fc31f2ac93e82e08c32bde843fb7e
195,100195,NEAR_NYQUIST,64,29,906250.0,50,ROBUST_GEAR,SEPARATE_PROCESS_FALLBACK,cf3ebb943bc98928985c3ddeeca0abdf7c7c097951b5c0247a9e3e7acd69ae7a,VALID_PASS,True,False,False,47.66621907884556,47.24001730798786,7.554820150828549,55.920640631240055,-57.533066198202015,6e39be409355f87b484e77452ff0b9fdbebe3437ff2172066ffda74e138c2fb2,4bf0028178cd54c60e05fe7138fa6f5a648fc31f2ac93e82e08c32bde843fb7e
