variant,mismatch_seed,target_transition,lower_v,upper_v,transition_v,lower_code,upper_code,final_bracket_width_lsb,center_v,expansion_half_width_lsb,bisection_rounds,frames_per_point,maxstep_ps,status,reason
CURRENT,180,1,-1.6912322998046876,-1.6910766601562501,-1.6911544799804688,0.0,1.0,0.011718749999996657,-1.68671875,0.75,7.0,2.0,50.0,PASS,BRACKETED
CURRENT,180,2,-1.6780503160371554,-1.677894676388718,-1.6779724962129365,1.0,2.0,0.011718749999996657,-1.677894676388718,0.75,7.0,2.0,50.0,PASS,BRACKETED
CURRENT,180,3,-1.6647905124454048,-1.6646348727969673,-1.664712692621186,2,3,0.011718749999996657,-1.6646348727969673,0.75,7,2,50,PASS,BRACKETED
CURRENT,180,4,-1.651530708853654,-1.6513750692052165,-1.6514528890294353,3,4,0.011718749999996657,-1.6513750692052165,0.75,7,2,50,PASS,BRACKETED
CURRENT,180,5,-1.6379596259650284,-1.637803986316591,-1.6378818061408098,4,5,0.011718749999996657,-1.6381152656134659,0.75,7,2,50,PASS,BRACKETED
CURRENT,180,6,-1.624855462021715,-1.6246998223732776,-1.6247776421974964,5,6,0.011718749999996657,-1.624855462021715,0.75,7,2,50,PASS,BRACKETED
CURRENT,180,7,-1.6115956584299642,-1.6114400187815268,-1.6115178386057454,6,7,0.011718749999996657,-1.6115956584299642,0.75,7,2,50,PASS,BRACKETED
CURRENT,180,8,-1.598491494486651,-1.5983358548382136,-1.5984136746624324,7,8,0.011718749999996657,-1.5983358548382136,0.75,7,2,50,PASS,BRACKETED
CURRENT,180,9,-1.5847647719495876,-1.5846091323011502,-1.5846869521253688,8,9,0.011718749999996657,-1.5850760512464628,0.75,7,2,50,PASS,BRACKETED
CURRENT,180,10,-1.5716606080062747,-1.571504968357837,-1.5715827881820559,9,10,0.011718750000013375,-1.5718162476547122,0.75,7,2,50,PASS,BRACKETED
CURRENT,180,11,-1.5584008044145239,-1.5582451647660864,-1.5583229845903053,10,11,0.011718749999996657,-1.5585564440629613,0.75,7,2,50,PASS,BRACKETED
CURRENT,180,12,-1.5449853611743358,-1.5448297215258981,-1.544907541350117,11,12,0.011718750000013375,-1.5452966404712107,0.75,7,2,50,PASS,BRACKETED
CURRENT,180,13,-1.5315699179341473,-1.5314142782857099,-1.5314920981099287,12,13,0.011718749999996657,-1.53203683687946,0.75,7,2,50,PASS,BRACKETED
CURRENT,180,14,-1.5183101143423965,-1.518154474693959,-1.5182322945181776,13,14,0.011718749999996657,-1.518777033287709,0.75,7,2,50,PASS,BRACKETED
CURRENT,180,15,-1.5050503107506459,-1.5048946711022084,-1.504972490926427,14,15,0.011718749999996657,-1.5055172296959585,0.75,7,2,50,PASS,BRACKETED
CURRENT,180,16,-1.4927243450495202,-1.4925687054010828,-1.4926465252253016,15.0,16.0,0.011718749999996657,-1.4922574261042076,0.75,7.0,2.0,50.0,PASS,BRACKETED
CURRENT,180,17,-1.4793089018093317,-1.4791532621608943,-1.4792310819851129,16,17,0.011718749999996657,-1.4789976225124568,0.75,7,2,50,PASS,BRACKETED
CURRENT,180,18,-1.4662047378660188,-1.4660490982175811,-1.4661269180418,17,18,0.011718750000013375,-1.4657378189207062,0.75,7,2,50,PASS,BRACKETED
CURRENT,180,19,-1.452944934274268,-1.4527892946258305,-1.4528671144500493,18,19,0.011718749999996657,-1.4524780153289554,0.75,7,2,50,PASS,BRACKETED
CURRENT,180,20,-1.43952949103408,-1.4393738513856422,-1.439451671209861,19,20,0.011718750000013375,-1.4392182117372048,0.75,7,2,50,PASS,BRACKETED
CURRENT,180,21,-1.425958408145454,-1.4258027684970165,-1.425880588321235,20,21,0.011718749999996657,-1.425958408145454,0.75,7,2,50,PASS,BRACKETED
CURRENT,180,22,-1.4128542442021408,-1.4126986045537033,-1.4127764243779222,21,22,0.011718749999996657,-1.4126986045537033,0.75,7,2,50,PASS,BRACKETED
CURRENT,180,23,-1.39959444061039,-1.3994388009619525,-1.3995166207861711,22,23,0.011718749999996657,-1.3994388009619525,0.75,7,2,50,PASS,BRACKETED
CURRENT,180,24,-1.3864902766670766,-1.3863346370186391,-1.3864124568428577,23,24,0.011718749999996657,-1.3861789973702017,0.75,7,2,50,PASS,BRACKETED
CURRENT,180,25,-1.372919193778451,-1.3727635541300136,-1.3728413739542322,24,25,0.011718749999996657,-1.372919193778451,0.75,7,2,50,PASS,BRACKETED
CURRENT,180,26,-1.3596593901867002,-1.3595037505382628,-1.3595815703624816,25,26,0.011718749999996657,-1.3596593901867002,0.75,7,2,50,PASS,BRACKETED
CURRENT,180,27,-1.3465552262433869,-1.3463995865949494,-1.3464774064191682,26,27,0.011718749999996657,-1.3463995865949494,0.75,7,2,50,PASS,BRACKETED
CURRENT,180,28,-1.3331397830031988,-1.3329841433547613,-1.33306196317898,27,28,0.011718749999996657,-1.3331397830031988,0.75,7,2,50,PASS,BRACKETED
CURRENT,180,29,-1.3195687001145733,-1.3194130604661356,-1.3194908802903544,28,29,0.011718750000013375,-1.3198799794114482,0.75,7,2,50,PASS,BRACKETED
CURRENT,180,30,-1.30646453617126,-1.3063088965228222,-1.306386716347041,29,30,0.011718750000013375,-1.3066201758196974,0.75,7,2,50,PASS,BRACKETED
CURRENT,180,31,-1.293204732579509,-1.2930490929310716,-1.2931269127552905,30.0,31.0,0.011718749999996657,-1.2933603722279465,0.75,7.0,2.0,50.0,PASS,BRACKETED
CURRENT,180,32,-1.2818126047690084,-1.281656965120571,-1.2817347849447898,31.0,32.0,0.011718749999996657,-1.280100568636196,0.75,7.0,2.0,50.0,PASS,BRACKETED
CURRENT,180,33,-1.2671520443413202,-1.2669964046928825,-1.2670742245171014,32.0,33.0,0.011718750000013375,-1.266840765044445,0.75,7.0,2.0,50.0,PASS,BRACKETED
CURRENT,180,34,-1.2540478803980069,-1.2538922407495692,-1.253970060573788,33,34,0.011718750000013375,-1.2535809614526943,0.75,7,2,50,PASS,BRACKETED
CURRENT,180,35,-1.2407880768062562,-1.2406324371578186,-1.2407102569820374,34,35,0.011718750000013375,-1.2403211578609437,0.75,7,2,50,PASS,BRACKETED
CURRENT,180,36,-1.227372633566068,-1.2272169939176303,-1.2272948137418491,35,36,0.011718750000013375,-1.2270613542691928,0.75,7,2,50,PASS,BRACKETED
CURRENT,180,37,-1.213801550677442,-1.2136459110290045,-1.2137237308532232,36,37,0.011718749999996657,-1.213801550677442,0.75,7,2,50,PASS,BRACKETED
CURRENT,180,38,-1.2006973867341288,-1.2005417470856914,-1.2006195669099102,37,38,0.011718749999996657,-1.2005417470856914,0.75,7,2,50,PASS,BRACKETED
CURRENT,180,39,-1.1874375831423782,-1.1872819434939408,-1.1873597633181596,38,39,0.011718749999996657,-1.1872819434939408,0.75,7,2,50,PASS,BRACKETED
CURRENT,180,40,-1.174333419199065,-1.1741777795506274,-1.1742555993748462,39,40,0.011718750000013375,-1.17402213990219,0.75,7,2,50,PASS,BRACKETED
CURRENT,180,41,-1.1607623363104391,-1.1606066966620017,-1.1606845164862203,40,41,0.011718749999996657,-1.1607623363104391,0.75,7,2,50,PASS,BRACKETED
CURRENT,180,42,-1.147658172367126,-1.1475025327186885,-1.1475803525429074,41,42,0.011718749999996657,-1.1475025327186885,0.75,7,2,50,PASS,BRACKETED
CURRENT,180,43,-1.1343983687753751,-1.1342427291269377,-1.1343205489511563,42,43,0.011718749999996657,-1.1342427291269377,0.75,7,2,50,PASS,BRACKETED
CURRENT,180,44,-1.1209829255351869,-1.1208272858867494,-1.120905105710968,43,44,0.011718749999996657,-1.1209829255351869,0.75,7,2,50,PASS,BRACKETED
CURRENT,180,45,-1.1074118426465613,-1.1072562029981237,-1.1073340228223425,44,45,0.011718750000013375,-1.1077231219434363,0.75,7,2,50,PASS,BRACKETED
CURRENT,180,46,-1.0943076787032482,-1.0941520390548107,-1.0942298588790296,45,46,0.011718749999996657,-1.0944633183516856,0.75,7,2,50,PASS,BRACKETED
CURRENT,180,47,-1.0810478751114971,-1.0808922354630597,-1.0809700552872785,46,47,0.011718749999996657,-1.0812035147599346,0.75,7,2,50,PASS,BRACKETED
CURRENT,180,48,-1.0687219094103715,-1.068566269761934,-1.0686440895861526,47.0,48.0,0.011718749999996657,-1.067943711168184,0.75,7.0,2.0,50.0,PASS,BRACKETED
CURRENT,180,49,-1.0553064661701834,-1.055150826521746,-1.0552286463459648,48,49,0.011718749999996657,-1.0546839075764334,0.75,7,2,50,PASS,BRACKETED
CURRENT,180,50,-1.0420466625784326,-1.0418910229299951,-1.0419688427542138,49,50,0.011718749999996657,-1.0414241039846825,0.75,7,2,50,PASS,BRACKETED
CURRENT,180,51,-1.0289424986351192,-1.0287868589866818,-1.0288646788109004,50,51,0.011718749999996657,-1.0281643003929317,0.75,7,2,50,PASS,BRACKETED
CURRENT,180,52,-1.0155270553949312,-1.0153714157464937,-1.0154492355707125,51,52,0.011718749999996657,-1.014904496801181,0.75,7,2,50,PASS,BRACKETED
CURRENT,180,53,-1.0019559725063054,-1.0018003328578677,-1.0018781526820866,52,53,0.011718750000013375,-1.0016446932094303,0.75,7,2,50,PASS,BRACKETED
CURRENT,180,54,-0.988851808562992,-0.9886961689145546,-0.9887739887387733,53,54,0.011718749999996657,-0.9883848896176796,0.75,7,2,50,PASS,BRACKETED
CURRENT,180,55,-0.9755920049712414,-0.9754363653228039,-0.9755141851470226,54,55,0.011718750000005015,-0.9751250860259288,0.75,7,2,50,PASS,BRACKETED
CURRENT,180,56,-0.9624878410279281,-0.9623322013794906,-0.9624100212037093,55,56,0.011718749999996657,-0.9618652824341781,0.75,7,2,50,PASS,BRACKETED
CURRENT,180,57,-0.9489167581393024,-0.9487611184908649,-0.9488389383150837,56,57,0.011718750000005015,-0.9486054788424274,0.75,7,2,50,PASS,BRACKETED
CURRENT,180,58,-0.9356569545475516,-0.935501314899114,-0.9355791347233329,57,58,0.011718750000005015,-0.9353456752506766,0.75,7,2,50,PASS,BRACKETED
CURRENT,180,59,-0.9223971509558009,-0.9222415113073634,-0.9223193311315822,58,59,0.011718749999996657,-0.9220858716589259,0.75,7,2,50,PASS,BRACKETED
CURRENT,180,60,-0.9091373473640502,-0.9089817077156126,-0.9090595275398314,59,60,0.011718750000005015,-0.9088260680671751,0.75,7,2,50,PASS,BRACKETED
CURRENT,180,61,-0.8955662644754244,-0.8954106248269869,-0.8954884446512057,60,61,0.011718750000005015,-0.8955662644754244,0.75,7,2,50,PASS,BRACKETED
CURRENT,180,62,-0.8824621005321112,-0.8823064608836737,-0.8823842807078924,61,62,0.011718749999996657,-0.8823064608836737,0.75,7,2,50,PASS,BRACKETED
CURRENT,180,63,-0.8692022969403603,-0.8690466572919229,-0.8691244771161416,62.0,63.0,0.011718749999996657,-0.8690466572919229,0.75,7.0,2.0,50.0,PASS,BRACKETED
CURRENT,180,64,-0.8618567999892346,-0.8617011603407971,-0.8617789801650159,63.0,64.0,0.011718749999996657,-0.8557868537001722,0.75,7.0,2.0,50.0,PASS,BRACKETED
CURRENT,180,65,-0.8433052483506089,-0.8431496087021715,-0.8432274285263902,64.0,65.0,0.011718749999996657,-0.8425270501084214,0.75,7.0,2.0,50.0,PASS,BRACKETED
CURRENT,180,66,-0.8300454447588581,-0.8298898051104207,-0.8299676249346394,65,66,0.011718749999996657,-0.8292672465166707,0.75,7,2,50,PASS,BRACKETED
CURRENT,180,67,-0.816941280815545,-0.8167856411671075,-0.8168634609913262,66,67,0.011718749999996657,-0.81600744292492,0.75,7,2,50,PASS,BRACKETED
CURRENT,180,68,-0.8035258375753567,-0.8033701979269192,-0.8034480177511379,67,68,0.011718749999996657,-0.8027476393331692,0.75,7,2,50,PASS,BRACKETED
CURRENT,180,69,-0.7899547546867309,-0.7897991150382935,-0.7898769348625122,68,69,0.011718749999996657,-0.7894878357414185,0.75,7,2,50,PASS,BRACKETED
CURRENT,180,70,-0.7768505907434178,-0.7766949510949803,-0.776772770919199,69,70,0.011718749999996657,-0.7762280321496677,0.75,7,2,50,PASS,BRACKETED
CURRENT,180,71,-0.763590787151667,-0.7634351475032295,-0.7635129673274482,70,71,0.011718749999996657,-0.762968228557917,0.75,7,2,50,PASS,BRACKETED
CURRENT,180,72,-0.7504866232083538,-0.7503309835599163,-0.7504088033841351,71,72,0.011718749999996657,-0.7497084249661663,0.75,7,2,50,PASS,BRACKETED
CURRENT,180,73,-0.7369155403197281,-0.7367599006712905,-0.7368377204955092,72,73,0.011718750000005015,-0.7364486213744155,0.75,7,2,50,PASS,BRACKETED
CURRENT,180,74,-0.7236557367279772,-0.7235000970795398,-0.7235779169037585,73,74,0.011718749999996657,-0.7231888177826648,0.75,7,2,50,PASS,BRACKETED
CURRENT,180,75,-0.7103959331362266,-0.710240293487789,-0.7103181133120078,74,75,0.011718750000005015,-0.709929014190914,0.75,7,2,50,PASS,BRACKETED
CURRENT,180,76,-0.6971361295444758,-0.6969804898960383,-0.6970583097202571,75,76,0.011718749999996657,-0.6966692105991633,0.75,7,2,50,PASS,BRACKETED
CURRENT,180,77,-0.68356504665585,-0.6834094070074126,-0.6834872268316313,76,77,0.011718749999996657,-0.6834094070074126,0.75,7,2,50,PASS,BRACKETED
CURRENT,180,78,-0.6704608827125368,-0.6703052430640992,-0.6703830628883181,77,78,0.011718750000005015,-0.6701496034156618,0.75,7,2,50,PASS,BRACKETED
CURRENT,180,79,-0.6572010791207862,-0.6570454394723486,-0.6571232592965675,78,79,0.011718750000005015,-0.6568897998239112,0.75,7,2,50,PASS,BRACKETED
CURRENT,180,80,-0.6448751134196603,-0.6447194737712227,-0.6447972935954416,79.0,80.0,0.011718750000005015,-0.6436299962321603,0.75,7.0,2.0,50.0,PASS,BRACKETED
CURRENT,180,81,-0.6314596701794719,-0.6313040305310345,-0.6313818503552532,80,81,0.011718749999996657,-0.6303701926404095,0.75,7,2,50,PASS,BRACKETED
CURRENT,180,82,-0.6181998665877213,-0.6180442269392838,-0.6181220467635026,81,82,0.011718749999996657,-0.6171103890486589,0.75,7,2,50,PASS,BRACKETED
CURRENT,180,83,-0.6049400629959705,-0.604784423347533,-0.6048622431717517,82,83,0.011718749999996657,-0.6038505854569081,0.75,7,2,50,PASS,BRACKETED
CURRENT,180,84,-0.5916802594042199,-0.5915246197557824,-0.5916024395800011,83,84,0.011718749999996657,-0.5905907818651575,0.75,7,2,50,PASS,BRACKETED
CURRENT,180,85,-0.5781091765155941,-0.5779535368671567,-0.5780313566913754,84,85,0.011718749999996657,-0.5773309782734066,0.75,7,2,50,PASS,BRACKETED
CURRENT,180,86,-0.565005012572281,-0.5648493729238435,-0.5649271927480622,85,86,0.011718749999996657,-0.564071174681656,0.75,7,2,50,PASS,BRACKETED
CURRENT,180,87,-0.5517452089805301,-0.5515895693320927,-0.5516673891563114,86,87,0.011718749999996657,-0.5508113710899052,0.75,7,2,50,PASS,BRACKETED
CURRENT,180,88,-0.5386410450372168,-0.5384854053887793,-0.538563225212998,87,88,0.011718749999996657,-0.5375515674981544,0.75,7,2,50,PASS,BRACKETED
CURRENT,180,89,-0.5249143225001538,-0.5247586828517163,-0.5248365026759351,88,89,0.011718749999996657,-0.5242917639064038,0.75,7,2,50,PASS,BRACKETED
CURRENT,180,90,-0.5118101585568404,-0.511654518908403,-0.5117323387326217,89,90,0.011718749999996657,-0.5110319603146529,0.75,7,2,50,PASS,BRACKETED
CURRENT,180,91,-0.4985503549650898,-0.4983947153166523,-0.4984725351408711,90,91,0.011718750000000836,-0.4977721567229023,0.75,7,2,50,PASS,BRACKETED
CURRENT,180,92,-0.485290551373339,-0.4851349117249015,-0.48521273154912026,91,92,0.011718750000000836,-0.4845123531311515,0.75,7,2,50,PASS,BRACKETED
CURRENT,180,93,-0.47171946848471313,-0.4715638288362757,-0.4716416486604944,92,93,0.011718749999996657,-0.47125254953940066,0.75,7,2,50,PASS,BRACKETED
CURRENT,180,94,-0.45861530454140004,-0.4584596648929625,-0.45853748471718125,93,94,0.011718750000000836,-0.45799274594765005,0.75,7,2,50,PASS,BRACKETED
CURRENT,180,95,-0.4453555009496492,-0.4451998613012117,-0.4452776811254304,94.0,95.0,0.011718750000000836,-0.4447329423558992,0.75,7.0,2.0,50.0,PASS,BRACKETED
CURRENT,180,96,-0.4339633731391486,-0.4338077334907111,-0.43388555331492984,95.0,96.0,0.011718750000000836,-0.4314731387641486,0.75,7.0,2.0,50.0,PASS,BRACKETED
CURRENT,180,97,-0.41930281271146025,-0.41914717306302274,-0.41922499288724147,96.0,97.0,0.011718750000000836,-0.4182133351723978,0.75,7.0,2.0,50.0,PASS,BRACKETED
CURRENT,180,98,-0.40619864876814693,-0.4060430091197094,-0.4061208289439282,97,98,0.011718750000000836,-0.40495353158064695,0.75,7,2,50,PASS,BRACKETED
CURRENT,180,99,-0.3929388451763963,-0.3927832055279588,-0.3928610253521776,98,99,0.011718750000000836,-0.39169372798889635,0.75,7,2,50,PASS,BRACKETED
CURRENT,180,100,-0.379523401936208,-0.37936776228777047,-0.3794455821119892,99,100,0.011718750000000836,-0.3784339243971455,0.75,7,2,50,PASS,BRACKETED
CURRENT,180,101,-0.36610795869601986,-0.3659523190475824,-0.36603013887180114,100,101,0.011718749999996657,-0.3651741208053949,0.75,7,2,50,PASS,BRACKETED
CURRENT,180,102,-0.35284815510426903,-0.3526925154558316,-0.3527703352800503,101,102,0.011718749999996657,-0.3519143172136441,0.75,7,2,50,PASS,BRACKETED
CURRENT,180,103,-0.3395883515125182,-0.33943271186408075,-0.3395105316882995,102,103,0.011718749999996657,-0.33865451362189325,0.75,7,2,50,PASS,BRACKETED
CURRENT,180,104,-0.3266398272176426,-0.3264841875692051,-0.3265620073934239,103,104,0.011718750000000836,-0.32539471003014264,0.75,7,2,50,PASS,BRACKETED
CURRENT,180,105,-0.3129131046805793,-0.3127574650321418,-0.3128352848563606,104,105,0.011718750000000836,-0.3121349064383918,0.75,7,2,50,PASS,BRACKETED
CURRENT,180,106,-0.29980894073726616,-0.2996533010888287,-0.29973112091304743,105,106,0.011718749999996657,-0.2988751028466412,0.75,7,2,50,PASS,BRACKETED
CURRENT,180,107,-0.28654913714551533,-0.2863934974970779,-0.2864713173212966,106,107,0.011718749999996657,-0.2856152992548904,0.75,7,2,50,PASS,BRACKETED
CURRENT,180,108,-0.27313369390532705,-0.27297805425688954,-0.2730558740811083,107,108,0.011718750000000836,-0.27235549566313955,0.75,7,2,50,PASS,BRACKETED
CURRENT,180,109,-0.2595626110167014,-0.25940697136826396,-0.2594847911924827,108,109,0.011718749999996657,-0.25909569207138894,0.75,7,2,50,PASS,BRACKETED
CURRENT,180,110,-0.2464584470733881,-0.2463028074249506,-0.24638062724916934,109,110,0.011718750000000836,-0.2458358884796381,0.75,7,2,50,PASS,BRACKETED
CURRENT,180,111,-0.2331986434816375,-0.23304300383319998,-0.23312082365741874,110,111,0.011718750000000836,-0.2325760848878875,0.75,7,2,50,PASS,BRACKETED
CURRENT,180,112,-0.22087267778051167,-0.22071703813207416,-0.22079485795629292,111.0,112.0,0.011718750000000836,-0.21931628129613667,0.75,7.0,2.0,50.0,PASS,BRACKETED
CURRENT,180,113,-0.20745723454032355,-0.20730159489188607,-0.20737941471610483,112,113,0.011718749999998746,-0.20605647770438607,0.75,7,2,50,PASS,BRACKETED
CURRENT,180,114,-0.19435307059701024,-0.19419743094857272,-0.19427525077279148,113,114,0.011718750000000836,-0.19279667411263524,0.75,7,2,50,PASS,BRACKETED
CURRENT,180,115,-0.1810932670052594,-0.1809376273568219,-0.18101544718104065,114,115,0.011718750000000836,-0.1795368705208844,0.75,7,2,50,PASS,BRACKETED
CURRENT,180,116,-0.1678334634135088,-0.1676778237650713,-0.16775564358929004,115,116,0.011718750000000836,-0.1662770669291338,0.75,7,2,50,PASS,BRACKETED
CURRENT,180,117,-0.15426238052488297,-0.1541067408764455,-0.15418456070066422,116,117,0.011718749999998746,-0.15301726333738297,0.75,7,2,50,PASS,BRACKETED
CURRENT,180,118,-0.14100257693313237,-0.14084693728469488,-0.1409247571089136,117,118,0.011718749999998746,-0.13975745974563236,0.75,7,2,50,PASS,BRACKETED
CURRENT,180,119,-0.12789841298981902,-0.12774277334138154,-0.1278205931656003,118,119,0.011718749999998746,-0.12649765615388153,0.75,7,2,50,PASS,BRACKETED
CURRENT,180,120,-0.1147942490465057,-0.1146386093980682,-0.11471642922228695,119,120,0.011718749999999792,-0.1132378525621307,0.75,7,2,50,PASS,BRACKETED
CURRENT,180,121,-0.1010675265094426,-0.1009118868610051,-0.10098970668522386,120,121,0.011718749999999792,-0.0999780489703801,0.75,7,2,50,PASS,BRACKETED
CURRENT,180,122,-0.08796336256612927,-0.08780772291769177,-0.08788554274191052,121,122,0.011718749999999792,-0.08671824537862927,0.75,7,2,50,PASS,BRACKETED
CURRENT,180,123,-0.07470355897437866,-0.07454791932594117,-0.07462573915015991,122,123,0.011718749999999792,-0.07345844178687866,0.75,7,2,50,PASS,BRACKETED
CURRENT,180,124,-0.06144375538262783,-0.061288115734190324,-0.06136593555840908,123,124,0.011718750000000314,-0.06019863819512783,0.75,7,2,50,PASS,BRACKETED
CURRENT,180,125,-0.047872672494002,-0.0477170328455645,-0.04779485266978325,124,125,0.011718749999999792,-0.046938834603377,0.75,7,2,50,PASS,BRACKETED
CURRENT,180,126,-0.03461286890225139,-0.03445722925381389,-0.03453504907803264,125,126,0.011718749999999792,-0.03367903101162639,0.75,7,2,50,PASS,BRACKETED
CURRENT,180,127,-0.02150870495893806,-0.02135306531050056,-0.02143088513471931,126.0,127.0,0.011718750000000052,-0.020419227419875563,0.75,7.0,2.0,50.0,PASS,BRACKETED
CURRENT,180,128,-0.0073150634765625,-0.007159423828124999,-0.007237243652343749,127.0,128.0,0.011718750000000052,0.0,0.75,7.0,2.0,50.0,PASS,BRACKETED
CURRENT,180,129,0.006878578005813374,0.0070342176542508746,0.006956397830032124,128.0,129.0,0.011718750000000052,0.006100379763625874,0.75,7.0,2.0,50.0,PASS,BRACKETED
CURRENT,180,130,0.020138381597564203,0.0202940212460017,0.020216201421782952,129,130,0.011718749999999792,0.019360183355376703,0.75,7,2,50,PASS,BRACKETED
CURRENT,180,131,0.03339818518931481,0.03355382483775231,0.03347600501353356,130,131,0.011718749999999792,0.03261998694712731,0.75,7,2,50,PASS,BRACKETED
CURRENT,180,132,0.04665798878106564,0.04681362842950314,0.04673580860528439,131,132,0.011718749999999792,0.04587979053887814,0.75,7,2,50,PASS,BRACKETED
CURRENT,180,133,0.06022907166969124,0.060384711318128746,0.06030689149391,132,133,0.011718750000000314,0.05913959413062875,0.75,7,2,50,PASS,BRACKETED
CURRENT,180,134,0.07333323561300459,0.07348887526144209,0.07341105543722334,133,134,0.011718749999999792,0.07239939772237958,0.75,7,2,50,PASS,BRACKETED
CURRENT,180,135,0.08659303920475542,0.08674867885319291,0.08667085902897417,134,135,0.011718749999999792,0.0856592013141304,0.75,7,2,50,PASS,BRACKETED
CURRENT,180,136,0.09969720314806851,0.09985284279650603,0.09977502297228727,135,136,0.011718750000000836,0.09891900490588101,0.75,7,2,50,PASS,BRACKETED
CURRENT,180,137,0.11326828603669435,0.11342392568513185,0.1133461058609131,136,137,0.011718749999999792,0.11217880849763184,0.75,7,2,50,PASS,BRACKETED
CURRENT,180,138,0.12652808962844497,0.12668372927688246,0.1266059094526637,137,138,0.011718749999998746,0.12543861208938245,0.75,7,2,50,PASS,BRACKETED
CURRENT,180,139,0.1397878932201958,0.13994353286863329,0.13986571304441453,138,139,0.011718749999998746,0.13869841568113328,0.75,7,2,50,PASS,BRACKETED
CURRENT,180,140,0.15304769681194663,0.15320333646038412,0.15312551663616536,139,140,0.011718749999998746,0.1519582192728841,0.75,7,2,50,PASS,BRACKETED
CURRENT,180,141,0.1666187797005722,0.16677441934900972,0.16669659952479096,140,141,0.011718750000000836,0.16521802286463472,0.75,7,2,50,PASS,BRACKETED
CURRENT,180,142,0.17972294364388555,0.17987858329232304,0.1798007634681043,141,142,0.011718749999998746,0.17847782645638555,0.75,7,2,50,PASS,BRACKETED
CURRENT,180,143,0.19298274723563616,0.19313838688407364,0.19306056705985492,142,143,0.011718749999998746,0.19173763004813615,0.75,7,2,50,PASS,BRACKETED
CURRENT,180,144,0.20530871293676198,0.20546435258519946,0.20538653276098073,143.0,144.0,0.011718749999998746,0.20499743363988698,0.75,7.0,2.0,50.0,PASS,BRACKETED
CURRENT,180,145,0.2187241561769503,0.2188797958253878,0.21880197600116905,144,145,0.011718750000000836,0.2182572372316378,0.75,7,2,50,PASS,BRACKETED
CURRENT,180,146,0.2319839597687009,0.2321395994171384,0.23206177959291965,145,146,0.011718750000000836,0.23151704082338842,0.75,7,2,50,PASS,BRACKETED
CURRENT,180,147,0.24508812371201424,0.24524376336045173,0.245165943536233,146,147,0.011718749999998746,0.24477684441513925,0.75,7,2,50,PASS,BRACKETED
CURRENT,180,148,0.25850356695220233,0.25865920660063985,0.25858138677642106,147,148,0.011718750000000836,0.25803664800688986,0.75,7,2,50,PASS,BRACKETED
CURRENT,180,149,0.2720746498408282,0.27223028948926564,0.2721524696650469,148,149,0.011718749999996657,0.2712964515986407,0.75,7,2,50,PASS,BRACKETED
CURRENT,180,150,0.2851788137841413,0.2853344534325788,0.28525663360836007,149,150,0.011718750000000836,0.2845562551903913,0.75,7,2,50,PASS,BRACKETED
CURRENT,180,151,0.2984386173758921,0.2985942570243296,0.2985164372001109,150,151,0.011718750000000836,0.2978160587821421,0.75,7,2,50,PASS,BRACKETED
CURRENT,180,152,0.31154278131920543,0.31169842096764294,0.31162060114342416,151,152,0.011718750000000836,0.31107586237389295,0.75,7,2,50,PASS,BRACKETED
CURRENT,180,153,0.32511386420783106,0.3252695038562685,0.3251916840320498,152,153,0.011718749999996657,0.32433566596564356,0.75,7,2,50,PASS,BRACKETED
CURRENT,180,154,0.33837366779958167,0.3385293074480191,0.3384514876238004,153,154,0.011718749999996657,0.33759546955739417,0.75,7,2,50,PASS,BRACKETED
CURRENT,180,155,0.3514778317428952,0.3516334713913327,0.351555651567114,154,155,0.011718750000000836,0.3508552731491452,0.75,7,2,50,PASS,BRACKETED
CURRENT,180,156,0.3648932749830833,0.3650489146315208,0.36497109480730205,155,156,0.011718749999996657,0.3641150767408958,0.75,7,2,50,PASS,BRACKETED
CURRENT,180,157,0.3784643578717089,0.3786199975201464,0.3785421776959277,156,157,0.011718750000000836,0.37737488033264643,0.75,7,2,50,PASS,BRACKETED
CURRENT,180,158,0.39156852181502244,0.39172416146345995,0.39164634163924117,157,158,0.011718750000000836,0.3906346839243975,0.75,7,2,50,PASS,BRACKETED
CURRENT,180,159,0.40482832540677305,0.40498396505521056,0.4049061452309918,158.0,159.0,0.011718750000000836,0.4038944875161481,0.75,7.0,2.0,50.0,PASS,BRACKETED
CURRENT,180,160,0.41606481356883623,0.41622045321727374,0.416142633393055,159.0,160.0,0.011718750000000836,0.4171542911078987,0.75,7.0,2.0,50.0,PASS,BRACKETED
CURRENT,180,161,0.43088101364496223,0.43103665329339974,0.43095883346918096,160.0,161.0,0.011718750000000836,0.43041409469964975,0.75,7.0,2.0,50.0,PASS,BRACKETED
CURRENT,180,162,0.4439851775882754,0.44414081723671284,0.4440629974124941,161,162,0.011718749999996657,0.44367389829140036,0.75,7,2,50,PASS,BRACKETED
CURRENT,180,163,0.457244981180026,0.45740062082846344,0.4573228010042447,162,163,0.011718749999996657,0.45693370188315097,0.75,7,2,50,PASS,BRACKETED
CURRENT,180,164,0.4705047847717766,0.47066042442021405,0.4705826045959953,163,164,0.011718749999996657,0.4701935054749016,0.75,7,2,50,PASS,BRACKETED
CURRENT,180,165,0.4840758676604026,0.4842315073088401,0.4841536874846214,164,165,0.011718750000000836,0.4834533090666526,0.75,7,2,50,PASS,BRACKETED
CURRENT,180,166,0.4973356712521532,0.49749131090059073,0.497413491076372,165,166,0.011718750000000836,0.49671311265840323,0.75,7,2,50,PASS,BRACKETED
CURRENT,180,167,0.5104398351954664,0.5105954748439039,0.5105176550196852,166,167,0.011718749999996657,0.5099729162501538,0.75,7,2,50,PASS,BRACKETED
CURRENT,180,168,0.5235439991387799,0.5236996387872175,0.5236218189629986,167,168,0.011718750000005015,0.5232327198419049,0.75,7,2,50,PASS,BRACKETED
CURRENT,180,169,0.537270721675843,0.5374263613242805,0.5373485415000617,168,169,0.011718749999996657,0.5364925234336555,0.75,7,2,50,PASS,BRACKETED
CURRENT,180,170,0.5503748856191562,0.5505305252675936,0.5504527054433749,169,170,0.011718749999996657,0.5497523270254061,0.75,7,2,50,PASS,BRACKETED
CURRENT,180,171,0.5636346892109068,0.5637903288593442,0.5637125090351255,170,171,0.011718749999996657,0.5630121306171567,0.75,7,2,50,PASS,BRACKETED
CURRENT,180,172,0.5768944928026578,0.5770501324510953,0.5769723126268765,171,172,0.011718749999996657,0.5762719342089078,0.75,7,2,50,PASS,BRACKETED
CURRENT,180,173,0.5904655756912833,0.5906212153397208,0.5905433955155021,172,173,0.011718749999996657,0.5895317378006584,0.75,7,2,50,PASS,BRACKETED
CURRENT,180,174,0.6037253792830339,0.6038810189314714,0.6038031991072527,173,174,0.011718749999996657,0.602791541392409,0.75,7,2,50,PASS,BRACKETED
CURRENT,180,175,0.6168295432263475,0.616985182874785,0.6169073630505663,174,175,0.011718749999996657,0.61605134498416,0.75,7,2,50,PASS,BRACKETED
CURRENT,180,176,0.6291555089274732,0.6293111485759106,0.6292333287516919,175.0,176.0,0.011718749999996657,0.6293111485759106,0.75,7.0,2.0,50.0,PASS,BRACKETED
CURRENT,180,177,0.6427265918160987,0.6428822314645363,0.6428044116403175,176,177,0.011718750000005015,0.6425709521676612,0.75,7,2,50,PASS,BRACKETED
CURRENT,180,178,0.6558307557594123,0.6559863954078498,0.655908575583631,177,178,0.011718749999996657,0.6558307557594123,0.75,7,2,50,PASS,BRACKETED
CURRENT,180,179,0.6690905593511629,0.6692461989996004,0.6691683791753816,178,179,0.011718749999996657,0.6690905593511629,0.75,7,2,50,PASS,BRACKETED
CURRENT,180,180,0.6823503629429135,0.682506002591351,0.6824281827671322,179,180,0.011718749999996657,0.6823503629429135,0.75,7,2,50,PASS,BRACKETED
CURRENT,180,181,0.6959214458315391,0.6960770854799767,0.6959992656557579,180,181,0.011718750000005015,0.6956101665346641,0.75,7,2,50,PASS,BRACKETED
CURRENT,180,182,0.7091812494232902,0.7093368890717278,0.7092590692475089,181,182,0.011718750000005015,0.7088699701264152,0.75,7,2,50,PASS,BRACKETED
CURRENT,180,183,0.7222854133666032,0.7224410530150408,0.7223632331908221,182,183,0.011718750000005015,0.7221297737181658,0.75,7,2,50,PASS,BRACKETED
CURRENT,180,184,0.7353895773099164,0.7355452169583538,0.7354673971341351,183,184,0.011718749999996657,0.7353895773099164,0.75,7,2,50,PASS,BRACKETED
CURRENT,180,185,0.74911629984698,0.7492719394954175,0.7491941196711988,184,185,0.011718749999996657,0.7486493809016674,0.75,7,2,50,PASS,BRACKETED
CURRENT,180,186,0.7622204637902931,0.7623761034387306,0.7622982836145118,185,186,0.011718750000005015,0.761909184493418,0.75,7,2,50,PASS,BRACKETED
CURRENT,180,187,0.7754802673820437,0.7756359070304812,0.7755580872062624,186,187,0.011718750000005015,0.7751689880851687,0.75,7,2,50,PASS,BRACKETED
CURRENT,180,188,0.7888957106222323,0.7890513502706697,0.788973530446451,187,188,0.011718749999996657,0.7884287916769197,0.75,7,2,50,PASS,BRACKETED
CURRENT,180,189,0.8024667935108578,0.8026224331592953,0.8025446133350765,188,189,0.011718749999996657,0.8016885952686703,0.75,7,2,50,PASS,BRACKETED
CURRENT,180,190,0.815570957454171,0.8157265971026084,0.8156487772783897,189.0,190.0,0.011718749999996657,0.8149483988604209,0.75,7.0,2.0,50.0,PASS,BRACKETED
CURRENT,180,191,0.8288307610459216,0.828986400694359,0.8289085808701403,190.0,191.0,0.011718749999996657,0.8282082024521715,0.75,7.0,2.0,50.0,PASS,BRACKETED
CURRENT,180,192,0.8358649787001726,0.8360206183486101,0.8359427985243914,191.0,192.0,0.011718749999996657,0.8414680060439226,0.75,7.0,2.0,50.0,PASS,BRACKETED
CURRENT,180,193,0.8547278096356732,0.8548834492841106,0.8548056294598919,192.0,193.0,0.011718749999996657,0.8547278096356732,0.75,7.0,2.0,50.0,PASS,BRACKETED
CURRENT,180,194,0.8678319735789863,0.8679876132274238,0.8679097934032051,193,194,0.011718749999996657,0.8679876132274238,0.75,7,2,50,PASS,BRACKETED
CURRENT,180,195,0.8810917771707374,0.8812474168191748,0.8811695969949561,194,195,0.011718749999996657,0.8812474168191748,0.75,7,2,50,PASS,BRACKETED
CURRENT,180,196,0.894351580762488,0.8945072204109255,0.8944294005867067,195,196,0.011718749999996657,0.8945072204109255,0.75,7,2,50,PASS,BRACKETED
CURRENT,180,197,0.9079226636511135,0.9080783032995511,0.9080004834753324,196,197,0.011718750000005015,0.9077670240026761,0.75,7,2,50,PASS,BRACKETED
CURRENT,180,198,0.9211824672428641,0.9213381068913017,0.921260287067083,197,198,0.011718750000005015,0.9210268275944267,0.75,7,2,50,PASS,BRACKETED
CURRENT,180,199,0.9342866311861777,0.9344422708346152,0.9343644510103964,198,199,0.011718749999996657,0.9342866311861777,0.75,7,2,50,PASS,BRACKETED
CURRENT,180,200,0.9473907951294909,0.9475464347779283,0.9474686149537096,199,200,0.011718749999996657,0.9475464347779283,0.75,7,2,50,PASS,BRACKETED
CURRENT,180,201,0.961117517666554,0.9612731573149915,0.9611953374907727,200,201,0.011718750000005015,0.9608062383696789,0.75,7,2,50,PASS,BRACKETED
CURRENT,180,202,0.9742216816098674,0.974377321258305,0.9742995014340863,201,202,0.011718750000005015,0.97406604196143,0.75,7,2,50,PASS,BRACKETED
CURRENT,180,203,0.987481485201618,0.9876371248500556,0.9875593050258369,202,203,0.011718750000005015,0.9873258455531806,0.75,7,2,50,PASS,BRACKETED
CURRENT,180,204,1.000896928441806,1.0010525680902438,1.000974748266025,203,204,0.011718750000013375,1.0005856491449312,0.75,7,2,50,PASS,BRACKETED
CURRENT,180,205,1.0144680113304323,1.0146236509788698,1.014545831154651,204,205,0.011718749999996657,1.0138454527366823,0.75,7,2,50,PASS,BRACKETED
CURRENT,180,206,1.0275721752737454,1.027727814922183,1.0276499950979643,205,206,0.011718749999996657,1.0271052563284329,0.75,7,2,50,PASS,BRACKETED
CURRENT,180,207,1.040831978865496,1.0409876185139335,1.040909798689715,206,207,0.011718749999996657,1.0403650599201835,0.75,7,2,50,PASS,BRACKETED
CURRENT,180,208,1.0531579445666215,1.0533135842150592,1.0532357643908403,207.0,208.0,0.011718750000013375,1.053624863511934,0.75,7.0,2.0,50.0,PASS,BRACKETED
CURRENT,180,209,1.0665733878068102,1.0667290274552477,1.066651207631029,208,209,0.011718749999996657,1.0668846671036851,0.75,7,2,50,PASS,BRACKETED
CURRENT,180,210,1.0796775517501231,1.0798331913985608,1.079755371574342,209,210,0.011718750000013375,1.0801444706954357,0.75,7,2,50,PASS,BRACKETED
CURRENT,180,211,1.0929373553418738,1.0930929949903114,1.0930151751660926,210,211,0.011718750000013375,1.0934042742871863,0.75,7,2,50,PASS,BRACKETED
CURRENT,180,212,1.1063527985820625,1.1065084382305,1.1064306184062813,211,212,0.011718749999996657,1.1066640778789374,0.75,7,2,50,PASS,BRACKETED
CURRENT,180,213,1.119923881470688,1.1200795211191255,1.1200017012949068,212,213,0.011718749999996657,1.119923881470688,0.75,7,2,50,PASS,BRACKETED
CURRENT,180,214,1.1330280454140012,1.1331836850624386,1.1331058652382198,213,214,0.011718749999996657,1.1331836850624386,0.75,7,2,50,PASS,BRACKETED
CURRENT,180,215,1.1462878490057522,1.1464434886541897,1.1463656688299708,214,215,0.011718749999996657,1.1464434886541897,0.75,7,2,50,PASS,BRACKETED
CURRENT,180,216,1.1593920129490654,1.1595476525975028,1.1594698327732842,215,216,0.011718749999996657,1.1597032922459403,0.75,7,2,50,PASS,BRACKETED
CURRENT,180,217,1.1729630958376909,1.1731187354861283,1.1730409156619097,216,217,0.011718749999996657,1.1729630958376909,0.75,7,2,50,PASS,BRACKETED
CURRENT,180,218,1.1862228994294415,1.186378539077879,1.1863007192536603,217,218,0.011718749999996657,1.1862228994294415,0.75,7,2,50,PASS,BRACKETED
CURRENT,180,219,1.199327063372755,1.1994827030211925,1.1994048831969737,218,219,0.011718749999996657,1.1994827030211925,0.75,7,2,50,PASS,BRACKETED
CURRENT,180,220,1.2127425066129431,1.2128981462613806,1.212820326437162,219,220,0.011718749999996657,1.2127425066129431,0.75,7,2,50,PASS,BRACKETED
CURRENT,180,221,1.2263135895015687,1.2264692291500063,1.2263914093257875,220,221,0.011718750000013375,1.2260023102046937,0.75,7,2,50,PASS,BRACKETED
CURRENT,180,222,1.2394177534448823,1.2395733930933197,1.2394955732691009,221,222,0.011718749999996657,1.2392621137964448,0.75,7,2,50,PASS,BRACKETED
CURRENT,180,223,1.2526775570366329,1.2528331966850703,1.2527553768608515,222.0,223.0,0.011718749999996657,1.2525219173881954,0.75,7.0,2.0,50.0,PASS,BRACKETED
CURRENT,180,224,1.263914045198696,1.2640696848471336,1.263991865022915,223.0,224.0,0.011718749999996657,1.265781720979946,0.75,7.0,2.0,50.0,PASS,BRACKETED
CURRENT,180,225,1.2787302452748217,1.2788858849232592,1.2788080650990405,224.0,225.0,0.011718749999996657,1.2790415245716966,0.75,7.0,2.0,50.0,PASS,BRACKETED
CURRENT,180,226,1.291834409218135,1.2919900488665728,1.291912229042354,225,226,0.011718750000013375,1.2923013281634477,0.75,7,2,50,PASS,BRACKETED
CURRENT,180,227,1.3050942128098857,1.3052498524583234,1.3051720326341045,226,227,0.011718750000013375,1.3055611317551983,0.75,7,2,50,PASS,BRACKETED
CURRENT,180,228,1.318509656050074,1.3186652956985114,1.3185874758742928,227,228,0.011718749999996657,1.3188209353469489,0.75,7,2,50,PASS,BRACKETED
CURRENT,180,229,1.3319250992902625,1.3320807389387,1.332002919114481,228,229,0.011718749999996657,1.3320807389387,0.75,7,2,50,PASS,BRACKETED
CURRENT,180,230,1.345184902882013,1.3453405425304505,1.3452627227062317,229,230,0.011718749999996657,1.3453405425304505,0.75,7,2,50,PASS,BRACKETED
CURRENT,180,231,1.3584447064737637,1.3586003461222012,1.3585225262979823,230,231,0.011718749999996657,1.3586003461222012,0.75,7,2,50,PASS,BRACKETED
CURRENT,180,232,1.3713932307686396,1.3715488704170773,1.3714710505928585,231,232,0.011718750000013375,1.3718601497139522,0.75,7,2,50,PASS,BRACKETED
CURRENT,180,233,1.3851199533057028,1.3852755929541403,1.3851977731299217,232,233,0.011718749999996657,1.3851199533057028,0.75,7,2,50,PASS,BRACKETED
CURRENT,180,234,1.398224117249016,1.3983797568974534,1.3983019370732346,233,234,0.011718749999996657,1.3983797568974534,0.75,7,2,50,PASS,BRACKETED
CURRENT,180,235,1.4114839208407666,1.411639560489204,1.4115617406649852,234,235,0.011718749999996657,1.411639560489204,0.75,7,2,50,PASS,BRACKETED
CURRENT,180,236,1.424899364080955,1.4250550037293925,1.424977183905174,235,236,0.011718749999996657,1.424899364080955,0.75,7,2,50,PASS,BRACKETED
CURRENT,180,237,1.4384704469695806,1.4386260866180183,1.4385482667937994,236,237,0.011718750000013375,1.4381591676727057,0.75,7,2,50,PASS,BRACKETED
CURRENT,180,238,1.4515746109128937,1.4517302505613312,1.4516524307371124,237,238,0.011718749999996657,1.4514189712644563,0.75,7,2,50,PASS,BRACKETED
CURRENT,180,239,1.4648344145046448,1.4649900541530823,1.4649122343288634,238,239,0.011718749999996657,1.4646787748562073,0.75,7,2,50,PASS,BRACKETED
CURRENT,180,240,1.4771603802057705,1.477316019854208,1.4772382000299893,239,240,0.011718749999996657,1.477938578447958,0.75,7,2,50,PASS,BRACKETED
CURRENT,180,241,1.4905758234459585,1.490731463094396,1.4906536432701771,240,241,0.011718749999996657,1.4911983820397086,0.75,7,2,50,PASS,BRACKETED
CURRENT,180,242,1.5038356270377096,1.503991266686147,1.5039134468619282,241,242,0.011718749999996657,1.5044581856314596,0.75,7,2,50,PASS,BRACKETED
CURRENT,180,243,1.5169397909810227,1.5170954306294602,1.5170176108052416,242,243,0.011718749999996657,1.5177179892232102,0.75,7,2,50,PASS,BRACKETED
CURRENT,180,244,1.5303552342212108,1.5305108738696482,1.5304330540454294,243,244,0.011718749999996657,1.5309777928149608,0.75,7,2,50,PASS,BRACKETED
CURRENT,180,245,1.5439263171098365,1.544081956758274,1.5440041369340554,244,245,0.011718749999996657,1.5442375964067114,0.75,7,2,50,PASS,BRACKETED
CURRENT,180,246,1.55703048105315,1.5571861207015876,1.5571083008773687,245,246,0.011718750000013375,1.5574973999984625,0.75,7,2,50,PASS,BRACKETED
CURRENT,180,247,1.5702902846449005,1.5704459242933382,1.5703681044691193,246,247,0.011718750000013375,1.570757203590213,0.75,7,2,50,PASS,BRACKETED
CURRENT,180,248,1.5833944485882137,1.583550088236651,1.5834722684124323,247,248,0.011718749999996657,1.5840170071819637,0.75,7,2,50,PASS,BRACKETED
CURRENT,180,249,1.5971211711252773,1.5972768107737148,1.597198990949496,248,249,0.011718749999996657,1.5972768107737148,0.75,7,2,50,PASS,BRACKETED
CURRENT,180,250,1.6102253350685904,1.610380974717028,1.6103031548928093,249,250,0.011718749999996657,1.6105366143654654,0.75,7,2,50,PASS,BRACKETED
CURRENT,180,251,1.623485138660341,1.6236407783087785,1.62356295848456,250,251,0.011718749999996657,1.623796417957216,0.75,7,2,50,PASS,BRACKETED
CURRENT,180,252,1.636744942252092,1.6369005819005296,1.636822762076311,251,252,0.011718749999996657,1.637056221548967,0.75,7,2,50,PASS,BRACKETED
CURRENT,180,253,1.6503160251407176,1.650471664789155,1.6503938449649365,252,253,0.011718749999996657,1.6503160251407176,0.75,7,2,50,PASS,BRACKETED
CURRENT,180,254,1.6634201890840308,1.6635758287324682,1.6634980089082494,253,254,0.011718749999996657,1.6635758287324682,0.75,7,2,50,PASS,BRACKETED
CURRENT,180,255,1.6767578125,1.6769134521484375,1.6768356323242188,254.0,255.0,0.011718749999996657,1.68671875,0.75,7.0,2.0,50.0,PASS,BRACKETED
