point_id,target,role,vid_v,variant,label,frames_per_point,conditioning_codes,formal_code,all_frames_valid,formal_valid,formal_bits,formal_complete_v,formal_invalid_v,formal_timeout_v,formal_complete_time_s,formal_stable_margin_ns,sampled_diff_v,input_diff_v,job
t001_low,1,low,-1.6966796875,CURRENT,pilot_anchor_expand0,2,0,0,True,True,00000000,3.3,0.0,0.0,8.75484e-07,104.51599999999993,-1.69667,-1.69667,current_pilot_anchor_expand0_f2_sh000
t001_high,1,high,-1.6767578125,CURRENT,pilot_anchor_expand0,2,2,2,True,True,00000010,3.3,0.0,0.0,1.87548e-06,104.52000000000014,-1.67675,-1.67675,current_pilot_anchor_expand0_f2_sh000
t128_low,128,low,-0.0099609375,CURRENT,pilot_anchor_expand0,2,127,127,True,True,01111111,3.3,0.0,0.0,2.87548e-06,104.51999999999973,-0.00995094,-0.00995094,current_pilot_anchor_expand0_f2_sh000
t128_high,128,high,0.0099609375,CURRENT,pilot_anchor_expand0,2,129,129,True,True,10000001,3.3,0.0,0.0,3.87548e-06,104.52000000000014,0.00997094,0.00997094,current_pilot_anchor_expand0_f2_sh000
t255_low,255,low,1.6767578125,CURRENT,pilot_anchor_expand0,2,254,254,True,True,11111110,3.3,0.0,0.0,4.87548e-06,104.52000000000099,1.67677,1.67677,current_pilot_anchor_expand0_f2_sh000
t255_high,255,high,1.6966796875,CURRENT,pilot_anchor_expand0,2,255,255,True,True,11111111,3.3,0.0,0.0,5.87548e-06,104.52000000000014,1.69669,1.69669,current_pilot_anchor_expand0_f2_sh000
t001_mid,1,mid,-1.68671875,CURRENT,pilot_anchor_bis00,2,1,1,True,True,00000001,3.3,0.0,0.0,8.75483e-07,104.51699999999995,-1.68671,-1.68671,current_pilot_anchor_bis00_f2_sh000
t128_mid,128,mid,0.0,CURRENT,pilot_anchor_bis00,2,128,128,True,True,10000000,3.3,0.0,0.0,1.87548e-06,104.52000000000014,1.00001e-05,1.00002e-05,current_pilot_anchor_bis00_f2_sh000
t255_mid,255,mid,1.68671875,CURRENT,pilot_anchor_bis00,2,255,255,True,True,11111111,3.3,0.0,0.0,2.87548e-06,104.51999999999973,1.68673,1.68673,current_pilot_anchor_bis00_f2_sh000
t001_mid,1,mid,-1.6916992187500002,CURRENT,pilot_anchor_bis01,2,0,0,True,True,00000000,3.3,0.0,0.0,8.75483e-07,104.51699999999995,-1.69169,-1.69169,current_pilot_anchor_bis01_f2_sh000
t128_mid,128,mid,-0.00498046875,CURRENT,pilot_anchor_bis01,2,128,128,True,True,10000000,3.3,0.0,0.0,1.87548e-06,104.52000000000014,-0.00497047,-0.00497047,current_pilot_anchor_bis01_f2_sh000
t255_mid,255,mid,1.68173828125,CURRENT,pilot_anchor_bis01,2,255,255,True,True,11111111,3.3,0.0,0.0,2.87548e-06,104.51999999999973,1.68175,1.68175,current_pilot_anchor_bis01_f2_sh000
t001_mid,1,mid,-1.689208984375,CURRENT,pilot_anchor_bis02,2,1,1,True,True,00000001,3.3,0.0,0.0,8.75484e-07,104.51599999999993,-1.6892,-1.6892,current_pilot_anchor_bis02_f2_sh000
t128_mid,128,mid,-0.0074707031249999995,CURRENT,pilot_anchor_bis02,2,127,127,True,True,01111111,3.3,0.0,0.0,1.87548e-06,104.52000000000014,-0.0074607,-0.0074607,current_pilot_anchor_bis02_f2_sh000
t255_mid,255,mid,1.679248046875,CURRENT,pilot_anchor_bis02,2,255,255,True,True,11111111,3.3,0.0,0.0,2.87548e-06,104.51999999999973,1.67926,1.67926,current_pilot_anchor_bis02_f2_sh000
t001_mid,1,mid,-1.6904541015625,CURRENT,pilot_anchor_bis03,2,1,1,True,True,00000001,3.3,0.0,0.0,8.75484e-07,104.51599999999993,-1.69044,-1.69044,current_pilot_anchor_bis03_f2_sh000
t128_mid,128,mid,-0.0062255859375,CURRENT,pilot_anchor_bis03,2,128,128,True,True,10000000,3.3,0.0,0.0,1.87548e-06,104.52000000000014,-0.00621559,-0.00621559,current_pilot_anchor_bis03_f2_sh000
t255_mid,255,mid,1.6780029296875,CURRENT,pilot_anchor_bis03,2,255,255,True,True,11111111,3.3,0.0,0.0,2.87548e-06,104.51999999999973,1.67801,1.67801,current_pilot_anchor_bis03_f2_sh000
t001_mid,1,mid,-1.6910766601562501,CURRENT,pilot_anchor_bis04,2,1,1,True,True,00000001,3.3,0.0,0.0,8.75484e-07,104.51599999999993,-1.69107,-1.69107,current_pilot_anchor_bis04_f2_sh000
t128_mid,128,mid,-0.006848144531249999,CURRENT,pilot_anchor_bis04,2,128,128,True,True,10000000,3.3,0.0,0.0,1.87548e-06,104.52000000000014,-0.00683814,-0.00683814,current_pilot_anchor_bis04_f2_sh000
t255_mid,255,mid,1.67738037109375,CURRENT,pilot_anchor_bis04,2,255,255,True,True,11111111,3.3,0.0,0.0,2.87548e-06,104.51999999999973,1.67739,1.67739,current_pilot_anchor_bis04_f2_sh000
t001_mid,1,mid,-1.6913879394531253,CURRENT,pilot_anchor_bis05,2,0,0,True,True,00000000,3.3,0.0,0.0,8.75483e-07,104.51699999999995,-1.69138,-1.69138,current_pilot_anchor_bis05_f2_sh000
t128_mid,128,mid,-0.007159423828124999,CURRENT,pilot_anchor_bis05,2,128,128,True,True,10000000,3.3,0.0,0.0,1.87548e-06,104.52000000000014,-0.00714942,-0.00714942,current_pilot_anchor_bis05_f2_sh000
t255_mid,255,mid,1.677069091796875,CURRENT,pilot_anchor_bis05,2,255,255,True,True,11111111,3.3,0.0,0.0,2.87548e-06,104.51999999999973,1.67708,1.67708,current_pilot_anchor_bis05_f2_sh000
t001_mid,1,mid,-1.6912322998046876,CURRENT,pilot_anchor_bis06,2,0,0,True,True,00000000,3.3,0.0,0.0,8.75484e-07,104.51599999999993,-1.69122,-1.69122,current_pilot_anchor_bis06_f2_sh000
t128_mid,128,mid,-0.0073150634765625,CURRENT,pilot_anchor_bis06,2,127,127,True,True,01111111,3.3,0.0,0.0,1.87548e-06,104.52000000000014,-0.00730506,-0.00730506,current_pilot_anchor_bis06_f2_sh000
t255_mid,255,mid,1.6769134521484375,CURRENT,pilot_anchor_bis06,2,255,255,True,True,11111111,3.3,0.0,0.0,2.87548e-06,104.51999999999973,1.67692,1.67692,current_pilot_anchor_bis06_f2_sh000
t144_low,144,low,0.195036496139887,CURRENT,pilot_full_expand0,2,143,143,True,True,10001111,3.3,0.0,0.0,8.75483e-07,104.51699999999995,0.195047,0.195046,current_pilot_full_expand0_f2_sh001
t144_high,144,high,0.21495837113988697,CURRENT,pilot_full_expand0,2,144,144,True,True,10010000,3.3,0.0,0.0,1.87548e-06,104.52000000000014,0.214968,0.214968,current_pilot_full_expand0_f2_sh001
t159_low,159,low,0.3939335500161481,CURRENT,pilot_full_expand0,2,158,158,True,True,10011110,3.3,0.0,0.0,2.87548e-06,104.51999999999973,0.393944,0.393944,current_pilot_full_expand0_f2_sh001
t159_high,159,high,0.4138554250161481,CURRENT,pilot_full_expand0,2,159,159,True,True,10011111,3.3,0.0,0.0,3.87548e-06,104.52000000000014,0.413866,0.413865,current_pilot_full_expand0_f2_sh001
t160_low,160,low,0.4071933536078987,CURRENT,pilot_full_expand0,2,159,159,True,True,10011111,3.3,0.0,0.0,4.87548e-06,104.52000000000099,0.407203,0.407203,current_pilot_full_expand0_f2_sh001
t160_high,160,high,0.4271152286078987,CURRENT,pilot_full_expand0,2,160,160,True,True,10100000,3.3,0.0,0.0,5.87548e-06,104.52000000000014,0.427125,0.427125,current_pilot_full_expand0_f2_sh001
t161_low,161,low,0.42045315719964976,CURRENT,pilot_full_expand0,2,160,160,True,True,10100000,3.3,0.0,0.0,6.87548e-06,104.52000000000014,0.420463,0.420463,current_pilot_full_expand0_f2_sh001
t161_high,161,high,0.44037503219964974,CURRENT,pilot_full_expand0,2,161,161,True,True,10100001,3.3,0.0,0.0,7.87548e-06,104.52000000000014,0.440385,0.440385,current_pilot_full_expand0_f2_sh001
t176_low,176,low,0.6193502110759106,CURRENT,pilot_full_expand0,2,175,175,True,True,10101111,3.3,0.0,0.0,8.87548e-06,104.52000000000014,0.61936,0.61936,current_pilot_full_expand0_f2_sh001
t176_high,176,high,0.6392720860759107,CURRENT,pilot_full_expand0,2,176,176,True,True,10110000,3.3,0.0,0.0,9.87548e-06,104.52000000000014,0.639282,0.639282,current_pilot_full_expand0_f2_sh001
t190_low,190,low,0.8049874613604209,CURRENT,pilot_full_expand0,2,189,189,True,True,10111101,3.3,0.0,0.0,1.08755e-05,104.50000000000044,0.804998,0.804997,current_pilot_full_expand0_f2_sh001
t190_high,190,high,0.824909336360421,CURRENT,pilot_full_expand0,2,190,190,True,True,10111110,3.3,0.0,0.0,1.18755e-05,104.50000000000044,0.824919,0.824919,current_pilot_full_expand0_f2_sh001
t191_low,191,low,0.8182472649521715,CURRENT,pilot_full_expand0,2,190,190,True,True,10111110,3.3,0.0,0.0,1.28755e-05,104.49999999999875,0.818257,0.818257,current_pilot_full_expand0_f2_sh001
t191_high,191,high,0.8381691399521716,CURRENT,pilot_full_expand0,2,192,192,True,True,11000000,3.3,0.0,0.0,1.38755e-05,104.50000000000044,0.838179,0.838179,current_pilot_full_expand0_f2_sh001
t192_low,192,low,0.8315070685439225,CURRENT,pilot_full_expand0,2,191,191,True,True,10111111,3.3,0.0,0.0,1.48755e-05,104.50000000000044,0.831517,0.831517,current_pilot_full_expand0_f2_sh001
t192_high,192,high,0.8514289435439226,CURRENT,pilot_full_expand0,2,192,192,True,True,11000000,3.3,0.0,0.0,1.58755e-05,104.49999999999875,0.851439,0.851439,current_pilot_full_expand0_f2_sh001
t193_low,193,low,0.8447668721356731,CURRENT,pilot_full_expand0,2,192,192,True,True,11000000,3.3,0.0,0.0,1.68755e-05,104.49999999999535,0.844777,0.844777,current_pilot_full_expand0_f2_sh001
t193_high,193,high,0.8646887471356732,CURRENT,pilot_full_expand0,2,193,193,True,True,11000001,3.3,0.0,0.0,1.78755e-05,104.49999999999875,0.864699,0.864699,current_pilot_full_expand0_f2_sh001
t208_low,208,low,1.043663926011934,CURRENT,pilot_full_expand0,2,207,207,True,True,11001111,3.3,0.0,0.0,1.88755e-05,104.49999999999875,1.04367,1.04367,current_pilot_full_expand0_f2_sh001
t208_high,208,high,1.0635858010119341,CURRENT,pilot_full_expand0,2,208,208,True,True,11010000,3.3,0.0,0.0,1.98755e-05,104.49999999999875,1.0636,1.0636,current_pilot_full_expand0_f2_sh001
t223_low,223,low,1.2425609798881954,CURRENT,pilot_full_expand0,2,222,222,True,True,11011110,3.3,0.0,0.0,2.08755e-05,104.49999999999875,1.24257,1.24257,current_pilot_full_expand0_f2_sh001
t223_high,223,high,1.2624828548881954,CURRENT,pilot_full_expand0,2,223,223,True,True,11011111,3.3,0.0,0.0,2.18755e-05,104.49999999999535,1.26249,1.26249,current_pilot_full_expand0_f2_sh001
t224_low,224,low,1.255820783479946,CURRENT,pilot_full_expand0,2,223,223,True,True,11011111,3.3,0.0,0.0,2.28755e-05,104.49999999999535,1.25583,1.25583,current_pilot_full_expand0_f2_sh001
t224_high,224,high,1.275742658479946,CURRENT,pilot_full_expand0,2,224,224,True,True,11100000,3.3,0.0,0.0,2.38755e-05,104.49999999999875,1.27575,1.27575,current_pilot_full_expand0_f2_sh001
t225_low,225,low,1.2690805870716966,CURRENT,pilot_full_expand0,2,224,224,True,True,11100000,3.3,0.0,0.0,2.48755e-05,104.49999999999875,1.26909,1.26909,current_pilot_full_expand0_f2_sh001
t225_high,225,high,1.2890024620716967,CURRENT,pilot_full_expand0,2,225,225,True,True,11100001,3.3,0.0,0.0,2.58755e-05,104.49999999999875,1.28901,1.28901,current_pilot_full_expand0_f2_sh001
t002_low,2,low,-1.687855613888718,CURRENT,pilot_full_expand0,2,1,1,True,True,00000001,3.3,0.0,0.0,8.75484e-07,104.51599999999993,-1.68785,-1.68785,current_pilot_full_expand0_f2_sh000
t002_high,2,high,-1.6679337388887179,CURRENT,pilot_full_expand0,2,2,2,True,True,00000010,3.3,0.0,0.0,1.87548e-06,104.52000000000014,-1.66792,-1.66792,current_pilot_full_expand0_f2_sh000
t016_low,16,low,-1.5022183636042077,CURRENT,pilot_full_expand0,2,15,15,True,True,00001111,3.3,0.0,0.0,2.87548e-06,104.51999999999973,-1.50221,-1.50221,current_pilot_full_expand0_f2_sh000
t016_high,16,high,-1.4822964886042076,CURRENT,pilot_full_expand0,2,16,16,True,True,00010000,3.3,0.0,0.0,3.87548e-06,104.52000000000014,-1.48229,-1.48229,current_pilot_full_expand0_f2_sh000
t031_low,31,low,-1.3033213097279466,CURRENT,pilot_full_expand0,2,30,30,True,True,00011110,3.3,0.0,0.0,4.87548e-06,104.52000000000099,-1.30331,-1.30331,current_pilot_full_expand0_f2_sh000
t031_high,31,high,-1.2833994347279465,CURRENT,pilot_full_expand0,2,31,31,True,True,00011111,3.3,0.0,0.0,5.87548e-06,104.52000000000014,-1.28339,-1.28339,current_pilot_full_expand0_f2_sh000
t032_low,32,low,-1.290061506136196,CURRENT,pilot_full_expand0,2,31,31,True,True,00011111,3.3,0.0,0.0,6.87548e-06,104.52000000000014,-1.29005,-1.29005,current_pilot_full_expand0_f2_sh000
t032_high,32,high,-1.2701396311361959,CURRENT,pilot_full_expand0,2,32,32,True,True,00100000,3.3,0.0,0.0,7.87548e-06,104.52000000000014,-1.27013,-1.27013,current_pilot_full_expand0_f2_sh000
t033_low,33,low,-1.2768017025444451,CURRENT,pilot_full_expand0,2,32,32,True,True,00100000,3.3,0.0,0.0,8.87548e-06,104.52000000000014,-1.27679,-1.27679,current_pilot_full_expand0_f2_sh000
t033_high,33,high,-1.256879827544445,CURRENT,pilot_full_expand0,2,33,33,True,True,00100001,3.3,0.0,0.0,9.87548e-06,104.52000000000014,-1.25687,-1.25687,current_pilot_full_expand0_f2_sh000
t048_low,48,low,-1.077904648668184,CURRENT,pilot_full_expand0,2,47,47,True,True,00101111,3.3,0.0,0.0,1.08755e-05,104.50000000000044,-1.07789,-1.07789,current_pilot_full_expand0_f2_sh000
t048_high,48,high,-1.057982773668184,CURRENT,pilot_full_expand0,2,48,48,True,True,00110000,3.3,0.0,0.0,1.18755e-05,104.50000000000044,-1.05797,-1.05797,current_pilot_full_expand0_f2_sh000
t063_low,63,low,-0.8790075947919229,CURRENT,pilot_full_expand0,2,62,62,True,True,00111110,3.3,0.0,0.0,1.28755e-05,104.49999999999875,-0.878998,-0.878998,current_pilot_full_expand0_f2_sh000
t063_high,63,high,-0.8590857197919228,CURRENT,pilot_full_expand0,2,64,64,True,True,01000000,3.3,0.0,0.0,1.38755e-05,104.50000000000044,-0.859076,-0.859076,current_pilot_full_expand0_f2_sh000
t064_low,64,low,-0.8657477912001722,CURRENT,pilot_full_expand0,2,63,63,True,True,00111111,3.3,0.0,0.0,1.48755e-05,104.50000000000044,-0.865738,-0.865738,current_pilot_full_expand0_f2_sh000
t064_high,64,high,-0.8458259162001721,CURRENT,pilot_full_expand0,2,64,64,True,True,01000000,3.3,0.0,0.0,1.58755e-05,104.49999999999875,-0.845816,-0.845816,current_pilot_full_expand0_f2_sh000
t065_low,65,low,-0.8524879876084215,CURRENT,pilot_full_expand0,2,64,64,True,True,01000000,3.3,0.0,0.0,1.68755e-05,104.49999999999535,-0.852478,-0.852478,current_pilot_full_expand0_f2_sh000
t065_high,65,high,-0.8325661126084214,CURRENT,pilot_full_expand0,2,65,65,True,True,01000001,3.3,0.0,0.0,1.78755e-05,104.49999999999875,-0.832556,-0.832556,current_pilot_full_expand0_f2_sh000
t080_low,80,low,-0.6535909337321604,CURRENT,pilot_full_expand0,2,79,79,True,True,01001111,3.3,0.0,0.0,1.88755e-05,104.49999999999875,-0.653581,-0.653581,current_pilot_full_expand0_f2_sh000
t080_high,80,high,-0.6336690587321603,CURRENT,pilot_full_expand0,2,80,80,True,True,01010000,3.3,0.0,0.0,1.98755e-05,104.49999999999875,-0.633659,-0.633659,current_pilot_full_expand0_f2_sh000
t095_low,95,low,-0.4546938798558992,CURRENT,pilot_full_expand0,2,94,94,True,True,01011110,3.3,0.0,0.0,2.08755e-05,104.49999999999875,-0.454684,-0.454684,current_pilot_full_expand0_f2_sh000
t095_high,95,high,-0.43477200485589923,CURRENT,pilot_full_expand0,2,95,95,True,True,01011111,3.3,0.0,0.0,2.18755e-05,104.49999999999535,-0.434762,-0.434762,current_pilot_full_expand0_f2_sh000
t096_low,96,low,-0.4414340762641486,CURRENT,pilot_full_expand0,2,95,95,True,True,01011111,3.3,0.0,0.0,2.28755e-05,104.49999999999535,-0.441424,-0.441424,current_pilot_full_expand0_f2_sh000
t096_high,96,high,-0.4215122012641486,CURRENT,pilot_full_expand0,2,96,96,True,True,01100000,3.3,0.0,0.0,2.38755e-05,104.49999999999875,-0.421502,-0.421502,current_pilot_full_expand0_f2_sh000
t097_low,97,low,-0.42817427267239777,CURRENT,pilot_full_expand0,2,96,96,True,True,01100000,3.3,0.0,0.0,2.48755e-05,104.49999999999875,-0.428164,-0.428164,current_pilot_full_expand0_f2_sh000
t097_high,97,high,-0.4082523976723978,CURRENT,pilot_full_expand0,2,97,97,True,True,01100001,3.3,0.0,0.0,2.58755e-05,104.49999999999875,-0.408243,-0.408242,current_pilot_full_expand0_f2_sh000
t112_low,112,low,-0.22927721879613666,CURRENT,pilot_full_expand0,2,111,111,True,True,01101111,3.3,0.0,0.0,2.68755e-05,104.49999999999875,-0.229267,-0.229267,current_pilot_full_expand0_f2_sh000
t112_high,112,high,-0.20935534379613668,CURRENT,pilot_full_expand0,2,112,112,True,True,01110000,3.3,0.0,0.0,2.78755e-05,104.49999999999535,-0.209345,-0.209345,current_pilot_full_expand0_f2_sh000
t127_low,127,low,-0.030380164919875562,CURRENT,pilot_full_expand0,2,126,126,True,True,01111110,3.3,0.0,0.0,2.88755e-05,104.49999999999535,-0.0303702,-0.0303702,current_pilot_full_expand0_f2_sh000
t127_high,127,high,-0.010458289919875564,CURRENT,pilot_full_expand0,2,127,127,True,True,01111111,3.3,0.0,0.0,2.98755e-05,104.49999999999875,-0.0104483,-0.0104483,current_pilot_full_expand0_f2_sh000
t129_low,129,low,-0.0038605577363741254,CURRENT,pilot_full_expand0,2,128,128,True,True,10000000,3.3,0.0,0.0,3.08755e-05,104.49999999999875,-0.00385056,-0.00385056,current_pilot_full_expand0_f2_sh000
t129_high,129,high,0.016061317263625873,CURRENT,pilot_full_expand0,2,129,129,True,True,10000001,3.3,0.0,0.0,3.18755e-05,104.49999999999197,0.0160713,0.0160713,current_pilot_full_expand0_f2_sh000
t002_mid,2,mid,-1.677894676388718,CURRENT,pilot_full_bis00,2,2,2,True,True,00000010,3.3,0.0,0.0,8.75483e-07,104.51699999999995,-1.67788,-1.67788,current_pilot_full_bis00_f2_sh000
t016_mid,16,mid,-1.4922574261042076,CURRENT,pilot_full_bis00,2,16,16,True,True,00010000,3.3,0.0,0.0,1.87548e-06,104.52000000000014,-1.49225,-1.49225,current_pilot_full_bis00_f2_sh000
t031_mid,31,mid,-1.2933603722279465,CURRENT,pilot_full_bis00,2,30,30,True,True,00011110,3.3,0.0,0.0,2.87548e-06,104.51999999999973,-1.29335,-1.29335,current_pilot_full_bis00_f2_sh000
t032_mid,32,mid,-1.280100568636196,CURRENT,pilot_full_bis00,2,32,32,True,True,00100000,3.3,0.0,0.0,3.87548e-06,104.52000000000014,-1.28009,-1.28009,current_pilot_full_bis00_f2_sh000
t033_mid,33,mid,-1.266840765044445,CURRENT,pilot_full_bis00,2,33,33,True,True,00100001,3.3,0.0,0.0,4.87548e-06,104.52000000000099,-1.26683,-1.26683,current_pilot_full_bis00_f2_sh000
t048_mid,48,mid,-1.067943711168184,CURRENT,pilot_full_bis00,2,48,48,True,True,00110000,3.3,0.0,0.0,5.87548e-06,104.52000000000014,-1.06793,-1.06793,current_pilot_full_bis00_f2_sh000
t063_mid,63,mid,-0.8690466572919229,CURRENT,pilot_full_bis00,2,63,63,True,True,00111111,3.3,0.0,0.0,6.87548e-06,104.52000000000014,-0.869037,-0.869037,current_pilot_full_bis00_f2_sh000
t064_mid,64,mid,-0.8557868537001722,CURRENT,pilot_full_bis00,2,64,64,True,True,01000000,3.3,0.0,0.0,7.87548e-06,104.52000000000014,-0.855777,-0.855777,current_pilot_full_bis00_f2_sh000
t065_mid,65,mid,-0.8425270501084214,CURRENT,pilot_full_bis00,2,65,65,True,True,01000001,3.3,0.0,0.0,8.87548e-06,104.52000000000014,-0.842517,-0.842517,current_pilot_full_bis00_f2_sh000
t080_mid,80,mid,-0.6436299962321603,CURRENT,pilot_full_bis00,2,80,80,True,True,01010000,3.3,0.0,0.0,9.87548e-06,104.52000000000014,-0.64362,-0.64362,current_pilot_full_bis00_f2_sh000
t095_mid,95,mid,-0.4447329423558992,CURRENT,pilot_full_bis00,2,95,95,True,True,01011111,3.3,0.0,0.0,1.08755e-05,104.50000000000044,-0.444723,-0.444723,current_pilot_full_bis00_f2_sh000
t096_mid,96,mid,-0.4314731387641486,CURRENT,pilot_full_bis00,2,96,96,True,True,01100000,3.3,0.0,0.0,1.18755e-05,104.50000000000044,-0.431463,-0.431463,current_pilot_full_bis00_f2_sh000
t097_mid,97,mid,-0.4182133351723978,CURRENT,pilot_full_bis00,2,97,97,True,True,01100001,3.3,0.0,0.0,1.28755e-05,104.49999999999875,-0.418203,-0.418203,current_pilot_full_bis00_f2_sh000
t112_mid,112,mid,-0.21931628129613667,CURRENT,pilot_full_bis00,2,112,112,True,True,01110000,3.3,0.0,0.0,1.38755e-05,104.50000000000044,-0.219306,-0.219306,current_pilot_full_bis00_f2_sh000
t127_mid,127,mid,-0.020419227419875563,CURRENT,pilot_full_bis00,2,127,127,True,True,01111111,3.3,0.0,0.0,1.48755e-05,104.50000000000044,-0.0204092,-0.0204092,current_pilot_full_bis00_f2_sh000
t129_mid,129,mid,0.006100379763625874,CURRENT,pilot_full_bis00,2,128,128,True,True,10000000,3.3,0.0,0.0,1.58755e-05,104.49999999999875,0.00611038,0.00611038,current_pilot_full_bis00_f2_sh000
t144_mid,144,mid,0.20499743363988698,CURRENT,pilot_full_bis00,2,143,143,True,True,10001111,3.3,0.0,0.0,1.68755e-05,104.49999999999535,0.205007,0.205007,current_pilot_full_bis00_f2_sh000
t159_mid,159,mid,0.4038944875161481,CURRENT,pilot_full_bis00,2,158,158,True,True,10011110,3.3,0.0,0.0,1.78755e-05,104.49999999999875,0.403905,0.403905,current_pilot_full_bis00_f2_sh000
t160_mid,160,mid,0.4171542911078987,CURRENT,pilot_full_bis00,2,160,160,True,True,10100000,3.3,0.0,0.0,1.88755e-05,104.49999999999875,0.417164,0.417164,current_pilot_full_bis00_f2_sh000
t161_mid,161,mid,0.43041409469964975,CURRENT,pilot_full_bis00,2,160,160,True,True,10100000,3.3,0.0,0.0,1.98755e-05,104.49999999999875,0.430424,0.430424,current_pilot_full_bis00_f2_sh000
t176_mid,176,mid,0.6293111485759106,CURRENT,pilot_full_bis00,2,176,176,True,True,10110000,3.3,0.0,0.0,2.08755e-05,104.49999999999875,0.629321,0.629321,current_pilot_full_bis00_f2_sh000
t190_mid,190,mid,0.8149483988604209,CURRENT,pilot_full_bis00,2,189,189,True,True,10111101,3.3,0.0,0.0,2.18755e-05,104.49999999999535,0.814959,0.814958,current_pilot_full_bis00_f2_sh000
t191_mid,191,mid,0.8282082024521715,CURRENT,pilot_full_bis00,2,190,190,True,True,10111110,3.3,0.0,0.0,2.28755e-05,104.49999999999535,0.828218,0.828218,current_pilot_full_bis00_f2_sh000
t192_mid,192,mid,0.8414680060439226,CURRENT,pilot_full_bis00,2,192,192,True,True,11000000,3.3,0.0,0.0,2.38755e-05,104.49999999999875,0.841478,0.841478,current_pilot_full_bis00_f2_sh000
t193_mid,193,mid,0.8547278096356732,CURRENT,pilot_full_bis00,2,192,192,True,True,11000000,3.3,0.0,0.0,2.48755e-05,104.49999999999875,0.854738,0.854738,current_pilot_full_bis00_f2_sh000
t208_mid,208,mid,1.053624863511934,CURRENT,pilot_full_bis00,2,208,208,True,True,11010000,3.3,0.0,0.0,2.58755e-05,104.49999999999875,1.05363,1.05363,current_pilot_full_bis00_f2_sh000
t223_mid,223,mid,1.2525219173881954,CURRENT,pilot_full_bis00,2,222,222,True,True,11011110,3.3,0.0,0.0,2.68755e-05,104.49999999999875,1.25253,1.25253,current_pilot_full_bis00_f2_sh000
t224_mid,224,mid,1.265781720979946,CURRENT,pilot_full_bis00,2,224,224,True,True,11100000,3.3,0.0,0.0,2.78755e-05,104.49999999999535,1.26579,1.26579,current_pilot_full_bis00_f2_sh000
t225_mid,225,mid,1.2790415245716966,CURRENT,pilot_full_bis00,2,225,225,True,True,11100001,3.3,0.0,0.0,2.88755e-05,104.49999999999535,1.27905,1.27905,current_pilot_full_bis00_f2_sh000
t002_mid,2,mid,-1.682875145138718,CURRENT,pilot_full_bis01,2,1,1,True,True,00000001,3.3,0.0,0.0,8.75483e-07,104.51699999999995,-1.68287,-1.68287,current_pilot_full_bis01_f2_sh000
t016_mid,16,mid,-1.4972378948542078,CURRENT,pilot_full_bis01,2,15,15,True,True,00001111,3.3,0.0,0.0,1.87548e-06,104.52000000000014,-1.49723,-1.49723,current_pilot_full_bis01_f2_sh000
t031_mid,31,mid,-1.2883799034779466,CURRENT,pilot_full_bis01,2,31,31,True,True,00011111,3.3,0.0,0.0,2.87548e-06,104.51999999999973,-1.28837,-1.28837,current_pilot_full_bis01_f2_sh000
t032_mid,32,mid,-1.2850810373861958,CURRENT,pilot_full_bis01,2,31,31,True,True,00011111,3.3,0.0,0.0,3.87548e-06,104.52000000000014,-1.28507,-1.28507,current_pilot_full_bis01_f2_sh000
t033_mid,33,mid,-1.2718212337944452,CURRENT,pilot_full_bis01,2,32,32,True,True,00100000,3.3,0.0,0.0,4.87548e-06,104.52000000000099,-1.27181,-1.27181,current_pilot_full_bis01_f2_sh000
t048_mid,48,mid,-1.072924179918184,CURRENT,pilot_full_bis01,2,47,47,True,True,00101111,3.3,0.0,0.0,5.87548e-06,104.52000000000014,-1.07291,-1.07291,current_pilot_full_bis01_f2_sh000
t063_mid,63,mid,-0.8740271260419229,CURRENT,pilot_full_bis01,2,62,62,True,True,00111110,3.3,0.0,0.0,6.87548e-06,104.52000000000014,-0.874017,-0.874017,current_pilot_full_bis01_f2_sh000
t064_mid,64,mid,-0.8607673224501722,CURRENT,pilot_full_bis01,2,64,64,True,True,01000000,3.3,0.0,0.0,7.87548e-06,104.52000000000014,-0.860757,-0.860757,current_pilot_full_bis01_f2_sh000
t065_mid,65,mid,-0.8475075188584215,CURRENT,pilot_full_bis01,2,64,64,True,True,01000000,3.3,0.0,0.0,8.87548e-06,104.52000000000014,-0.847498,-0.847498,current_pilot_full_bis01_f2_sh000
t080_mid,80,mid,-0.6486104649821604,CURRENT,pilot_full_bis01,2,79,79,True,True,01001111,3.3,0.0,0.0,9.87548e-06,104.52000000000014,-0.648601,-0.6486,current_pilot_full_bis01_f2_sh000
t095_mid,95,mid,-0.44971341110589924,CURRENT,pilot_full_bis01,2,94,94,True,True,01011110,3.3,0.0,0.0,1.08755e-05,104.50000000000044,-0.449704,-0.449703,current_pilot_full_bis01_f2_sh000
t096_mid,96,mid,-0.43645360751414863,CURRENT,pilot_full_bis01,2,95,95,True,True,01011111,3.3,0.0,0.0,1.18755e-05,104.50000000000044,-0.436444,-0.436444,current_pilot_full_bis01_f2_sh000
t097_mid,97,mid,-0.4231938039223978,CURRENT,pilot_full_bis01,2,96,96,True,True,01100000,3.3,0.0,0.0,1.28755e-05,104.49999999999875,-0.423184,-0.423184,current_pilot_full_bis01_f2_sh000
t112_mid,112,mid,-0.22429675004613667,CURRENT,pilot_full_bis01,2,111,111,True,True,01101111,3.3,0.0,0.0,1.38755e-05,104.50000000000044,-0.224287,-0.224287,current_pilot_full_bis01_f2_sh000
t127_mid,127,mid,-0.025399696169875564,CURRENT,pilot_full_bis01,2,126,126,True,True,01111110,3.3,0.0,0.0,1.48755e-05,104.50000000000044,-0.0253897,-0.0253897,current_pilot_full_bis01_f2_sh000
t129_mid,129,mid,0.011080848513625874,CURRENT,pilot_full_bis01,2,129,129,True,True,10000001,3.3,0.0,0.0,1.58755e-05,104.49999999999875,0.0110908,0.0110908,current_pilot_full_bis01_f2_sh000
t144_mid,144,mid,0.20997790238988698,CURRENT,pilot_full_bis01,2,144,144,True,True,10010000,3.3,0.0,0.0,1.68755e-05,104.49999999999535,0.209988,0.209988,current_pilot_full_bis01_f2_sh000
t159_mid,159,mid,0.4088749562661481,CURRENT,pilot_full_bis01,2,159,159,True,True,10011111,3.3,0.0,0.0,1.78755e-05,104.49999999999875,0.408885,0.408885,current_pilot_full_bis01_f2_sh000
t160_mid,160,mid,0.4121738223578987,CURRENT,pilot_full_bis01,2,159,159,True,True,10011111,3.3,0.0,0.0,1.88755e-05,104.49999999999875,0.412184,0.412184,current_pilot_full_bis01_f2_sh000
t161_mid,161,mid,0.4353945634496498,CURRENT,pilot_full_bis01,2,161,161,True,True,10100001,3.3,0.0,0.0,1.98755e-05,104.49999999999875,0.435405,0.435405,current_pilot_full_bis01_f2_sh000
t176_mid,176,mid,0.6243306798259106,CURRENT,pilot_full_bis01,2,175,175,True,True,10101111,3.3,0.0,0.0,2.08755e-05,104.49999999999875,0.624341,0.624341,current_pilot_full_bis01_f2_sh000
t190_mid,190,mid,0.8199288676104209,CURRENT,pilot_full_bis01,2,190,190,True,True,10111110,3.3,0.0,0.0,2.18755e-05,104.49999999999535,0.819939,0.819939,current_pilot_full_bis01_f2_sh000
t191_mid,191,mid,0.8331886712021715,CURRENT,pilot_full_bis01,2,191,191,True,True,10111111,3.3,0.0,0.0,2.28755e-05,104.49999999999535,0.833199,0.833199,current_pilot_full_bis01_f2_sh000
t192_mid,192,mid,0.8364875372939226,CURRENT,pilot_full_bis01,2,192,192,True,True,11000000,3.3,0.0,0.0,2.38755e-05,104.49999999999875,0.836498,0.836498,current_pilot_full_bis01_f2_sh000
t193_mid,193,mid,0.8597082783856732,CURRENT,pilot_full_bis01,2,193,193,True,True,11000001,3.3,0.0,0.0,2.48755e-05,104.49999999999875,0.859718,0.859718,current_pilot_full_bis01_f2_sh000
t208_mid,208,mid,1.0486443947619342,CURRENT,pilot_full_bis01,2,207,207,True,True,11001111,3.3,0.0,0.0,2.58755e-05,104.49999999999875,1.04865,1.04865,current_pilot_full_bis01_f2_sh000
t223_mid,223,mid,1.2575023861381953,CURRENT,pilot_full_bis01,2,223,223,True,True,11011111,3.3,0.0,0.0,2.68755e-05,104.49999999999875,1.25751,1.25751,current_pilot_full_bis01_f2_sh000
t224_mid,224,mid,1.260801252229946,CURRENT,pilot_full_bis01,2,223,223,True,True,11011111,3.3,0.0,0.0,2.78755e-05,104.49999999999535,1.26081,1.26081,current_pilot_full_bis01_f2_sh000
t225_mid,225,mid,1.2740610558216967,CURRENT,pilot_full_bis01,2,224,224,True,True,11100000,3.3,0.0,0.0,2.88755e-05,104.49999999999535,1.27407,1.27407,current_pilot_full_bis01_f2_sh000
t002_mid,2,mid,-1.6803849107637179,CURRENT,pilot_full_bis02,2,1,1,True,True,00000001,3.3,0.0,0.0,8.75484e-07,104.51599999999993,-1.68037,-1.68037,current_pilot_full_bis02_f2_sh000
t016_mid,16,mid,-1.4947476604792076,CURRENT,pilot_full_bis02,2,15,15,True,True,00001111,3.3,0.0,0.0,1.87548e-06,104.52000000000014,-1.49474,-1.49474,current_pilot_full_bis02_f2_sh000
t031_mid,31,mid,-1.2908701378529466,CURRENT,pilot_full_bis02,2,31,31,True,True,00011111,3.3,0.0,0.0,2.87548e-06,104.51999999999973,-1.29086,-1.29086,current_pilot_full_bis02_f2_sh000
t032_mid,32,mid,-1.2825908030111959,CURRENT,pilot_full_bis02,2,31,31,True,True,00011111,3.3,0.0,0.0,3.87548e-06,104.52000000000014,-1.28258,-1.28258,current_pilot_full_bis02_f2_sh000
t033_mid,33,mid,-1.269330999419445,CURRENT,pilot_full_bis02,2,32,32,True,True,00100000,3.3,0.0,0.0,4.87548e-06,104.52000000000099,-1.26932,-1.26932,current_pilot_full_bis02_f2_sh000
t048_mid,48,mid,-1.070433945543184,CURRENT,pilot_full_bis02,2,47,47,True,True,00101111,3.3,0.0,0.0,5.87548e-06,104.52000000000014,-1.07042,-1.07042,current_pilot_full_bis02_f2_sh000
t063_mid,63,mid,-0.8715368916669228,CURRENT,pilot_full_bis02,2,62,62,True,True,00111110,3.3,0.0,0.0,6.87548e-06,104.52000000000014,-0.871527,-0.871527,current_pilot_full_bis02_f2_sh000
t064_mid,64,mid,-0.8632575568251721,CURRENT,pilot_full_bis02,2,63,63,True,True,00111111,3.3,0.0,0.0,7.87548e-06,104.52000000000014,-0.863248,-0.863248,current_pilot_full_bis02_f2_sh000
t065_mid,65,mid,-0.8450172844834214,CURRENT,pilot_full_bis02,2,64,64,True,True,01000000,3.3,0.0,0.0,8.87548e-06,104.52000000000014,-0.845007,-0.845007,current_pilot_full_bis02_f2_sh000
t080_mid,80,mid,-0.6461202306071603,CURRENT,pilot_full_bis02,2,79,79,True,True,01001111,3.3,0.0,0.0,9.87548e-06,104.52000000000014,-0.64611,-0.64611,current_pilot_full_bis02_f2_sh000
t095_mid,95,mid,-0.44722317673089923,CURRENT,pilot_full_bis02,2,94,94,True,True,01011110,3.3,0.0,0.0,1.08755e-05,104.50000000000044,-0.447213,-0.447213,current_pilot_full_bis02_f2_sh000
t096_mid,96,mid,-0.4339633731391486,CURRENT,pilot_full_bis02,2,95,95,True,True,01011111,3.3,0.0,0.0,1.18755e-05,104.50000000000044,-0.433953,-0.433953,current_pilot_full_bis02_f2_sh000
t097_mid,97,mid,-0.4207035695473978,CURRENT,pilot_full_bis02,2,96,96,True,True,01100000,3.3,0.0,0.0,1.28755e-05,104.49999999999875,-0.420694,-0.420694,current_pilot_full_bis02_f2_sh000
t112_mid,112,mid,-0.22180651567113668,CURRENT,pilot_full_bis02,2,111,111,True,True,01101111,3.3,0.0,0.0,1.38755e-05,104.50000000000044,-0.221797,-0.221797,current_pilot_full_bis02_f2_sh000
t127_mid,127,mid,-0.022909461794875564,CURRENT,pilot_full_bis02,2,126,126,True,True,01111110,3.3,0.0,0.0,1.48755e-05,104.50000000000044,-0.0228995,-0.0228995,current_pilot_full_bis02_f2_sh000
t129_mid,129,mid,0.008590614138625875,CURRENT,pilot_full_bis02,2,129,129,True,True,10000001,3.3,0.0,0.0,1.58755e-05,104.49999999999875,0.00860061,0.00860061,current_pilot_full_bis02_f2_sh000
t144_mid,144,mid,0.207487668014887,CURRENT,pilot_full_bis02,2,144,144,True,True,10010000,3.3,0.0,0.0,1.68755e-05,104.49999999999535,0.207498,0.207498,current_pilot_full_bis02_f2_sh000
t159_mid,159,mid,0.4063847218911481,CURRENT,pilot_full_bis02,2,159,159,True,True,10011111,3.3,0.0,0.0,1.78755e-05,104.49999999999875,0.406395,0.406395,current_pilot_full_bis02_f2_sh000
t160_mid,160,mid,0.4146640567328987,CURRENT,pilot_full_bis02,2,159,159,True,True,10011111,3.3,0.0,0.0,1.88755e-05,104.49999999999875,0.414674,0.414674,current_pilot_full_bis02_f2_sh000
t161_mid,161,mid,0.43290432907464976,CURRENT,pilot_full_bis02,2,161,161,True,True,10100001,3.3,0.0,0.0,1.98755e-05,104.49999999999875,0.432914,0.432914,current_pilot_full_bis02_f2_sh000
t176_mid,176,mid,0.6268209142009107,CURRENT,pilot_full_bis02,2,175,175,True,True,10101111,3.3,0.0,0.0,2.08755e-05,104.49999999999875,0.626831,0.626831,current_pilot_full_bis02_f2_sh000
t190_mid,190,mid,0.8174386332354209,CURRENT,pilot_full_bis02,2,190,190,True,True,10111110,3.3,0.0,0.0,2.18755e-05,104.49999999999535,0.817449,0.817449,current_pilot_full_bis02_f2_sh000
t191_mid,191,mid,0.8306984368271715,CURRENT,pilot_full_bis02,2,191,191,True,True,10111111,3.3,0.0,0.0,2.28755e-05,104.49999999999535,0.830709,0.830708,current_pilot_full_bis02_f2_sh000
t192_mid,192,mid,0.8339973029189225,CURRENT,pilot_full_bis02,2,191,191,True,True,10111111,3.3,0.0,0.0,2.38755e-05,104.49999999999875,0.834007,0.834007,current_pilot_full_bis02_f2_sh000
t193_mid,193,mid,0.8572180440106731,CURRENT,pilot_full_bis02,2,193,193,True,True,11000001,3.3,0.0,0.0,2.48755e-05,104.49999999999875,0.857228,0.857228,current_pilot_full_bis02_f2_sh000
t208_mid,208,mid,1.0511346291369341,CURRENT,pilot_full_bis02,2,207,207,True,True,11001111,3.3,0.0,0.0,2.58755e-05,104.49999999999875,1.05114,1.05114,current_pilot_full_bis02_f2_sh000
t223_mid,223,mid,1.2550121517631954,CURRENT,pilot_full_bis02,2,223,223,True,True,11011111,3.3,0.0,0.0,2.68755e-05,104.49999999999875,1.25502,1.25502,current_pilot_full_bis02_f2_sh000
t224_mid,224,mid,1.263291486604946,CURRENT,pilot_full_bis02,2,223,223,True,True,11011111,3.3,0.0,0.0,2.78755e-05,104.49999999999535,1.2633,1.2633,current_pilot_full_bis02_f2_sh000
t225_mid,225,mid,1.2765512901966967,CURRENT,pilot_full_bis02,2,224,224,True,True,11100000,3.3,0.0,0.0,2.88755e-05,104.49999999999535,1.27656,1.27656,current_pilot_full_bis02_f2_sh000
t002_mid,2,mid,-1.6791397935762178,CURRENT,pilot_full_bis03,2,1,1,True,True,00000001,3.3,0.0,0.0,8.75483e-07,104.51699999999995,-1.67913,-1.67913,current_pilot_full_bis03_f2_sh000
t016_mid,16,mid,-1.4935025432917075,CURRENT,pilot_full_bis03,2,15,15,True,True,00001111,3.3,0.0,0.0,1.87548e-06,104.52000000000014,-1.49349,-1.49349,current_pilot_full_bis03_f2_sh000
t031_mid,31,mid,-1.2921152550404464,CURRENT,pilot_full_bis03,2,31,31,True,True,00011111,3.3,0.0,0.0,2.87548e-06,104.51999999999973,-1.29211,-1.29211,current_pilot_full_bis03_f2_sh000
t032_mid,32,mid,-1.281345685823696,CURRENT,pilot_full_bis03,2,32,32,True,True,00100000,3.3,0.0,0.0,3.87548e-06,104.52000000000014,-1.28134,-1.28134,current_pilot_full_bis03_f2_sh000
t033_mid,33,mid,-1.268085882231945,CURRENT,pilot_full_bis03,2,32,32,True,True,00100000,3.3,0.0,0.0,4.87548e-06,104.52000000000099,-1.26808,-1.26808,current_pilot_full_bis03_f2_sh000
t048_mid,48,mid,-1.069188828355684,CURRENT,pilot_full_bis03,2,47,47,True,True,00101111,3.3,0.0,0.0,5.87548e-06,104.52000000000014,-1.06918,-1.06918,current_pilot_full_bis03_f2_sh000
t063_mid,63,mid,-0.8702917744794229,CURRENT,pilot_full_bis03,2,62,62,True,True,00111110,3.3,0.0,0.0,6.87548e-06,104.52000000000014,-0.870282,-0.870282,current_pilot_full_bis03_f2_sh000
t064_mid,64,mid,-0.8620124396376722,CURRENT,pilot_full_bis03,2,63,63,True,True,00111111,3.3,0.0,0.0,7.87548e-06,104.52000000000014,-0.862002,-0.862002,current_pilot_full_bis03_f2_sh000
t065_mid,65,mid,-0.8437721672959214,CURRENT,pilot_full_bis03,2,64,64,True,True,01000000,3.3,0.0,0.0,8.87548e-06,104.52000000000014,-0.843762,-0.843762,current_pilot_full_bis03_f2_sh000
t080_mid,80,mid,-0.6448751134196603,CURRENT,pilot_full_bis03,2,79,79,True,True,01001111,3.3,0.0,0.0,9.87548e-06,104.52000000000014,-0.644865,-0.644865,current_pilot_full_bis03_f2_sh000
t095_mid,95,mid,-0.4459780595433992,CURRENT,pilot_full_bis03,2,94,94,True,True,01011110,3.3,0.0,0.0,1.08755e-05,104.50000000000044,-0.445968,-0.445968,current_pilot_full_bis03_f2_sh000
t096_mid,96,mid,-0.4327182559516486,CURRENT,pilot_full_bis03,2,96,96,True,True,01100000,3.3,0.0,0.0,1.18755e-05,104.50000000000044,-0.432708,-0.432708,current_pilot_full_bis03_f2_sh000
t097_mid,97,mid,-0.41945845235989776,CURRENT,pilot_full_bis03,2,96,96,True,True,01100000,3.3,0.0,0.0,1.28755e-05,104.49999999999875,-0.419449,-0.419448,current_pilot_full_bis03_f2_sh000
t112_mid,112,mid,-0.22056139848363668,CURRENT,pilot_full_bis03,2,112,112,True,True,01110000,3.3,0.0,0.0,1.38755e-05,104.50000000000044,-0.220551,-0.220551,current_pilot_full_bis03_f2_sh000
t127_mid,127,mid,-0.02166434460737556,CURRENT,pilot_full_bis03,2,126,126,True,True,01111110,3.3,0.0,0.0,1.48755e-05,104.50000000000044,-0.0216543,-0.0216543,current_pilot_full_bis03_f2_sh000
t129_mid,129,mid,0.007345496951125874,CURRENT,pilot_full_bis03,2,129,129,True,True,10000001,3.3,0.0,0.0,1.58755e-05,104.49999999999875,0.0073555,0.0073555,current_pilot_full_bis03_f2_sh000
t144_mid,144,mid,0.206242550827387,CURRENT,pilot_full_bis03,2,144,144,True,True,10010000,3.3,0.0,0.0,1.68755e-05,104.49999999999535,0.206253,0.206253,current_pilot_full_bis03_f2_sh000
t159_mid,159,mid,0.40513960470364807,CURRENT,pilot_full_bis03,2,159,159,True,True,10011111,3.3,0.0,0.0,1.78755e-05,104.49999999999875,0.40515,0.40515,current_pilot_full_bis03_f2_sh000
t160_mid,160,mid,0.4159091739203987,CURRENT,pilot_full_bis03,2,159,159,True,True,10011111,3.3,0.0,0.0,1.88755e-05,104.49999999999875,0.415919,0.415919,current_pilot_full_bis03_f2_sh000
t161_mid,161,mid,0.43165921188714973,CURRENT,pilot_full_bis03,2,161,161,True,True,10100001,3.3,0.0,0.0,1.98755e-05,104.49999999999875,0.431669,0.431669,current_pilot_full_bis03_f2_sh000
t176_mid,176,mid,0.6280660313884107,CURRENT,pilot_full_bis03,2,175,175,True,True,10101111,3.3,0.0,0.0,2.08755e-05,104.49999999999875,0.628076,0.628076,current_pilot_full_bis03_f2_sh000
t190_mid,190,mid,0.8161935160479209,CURRENT,pilot_full_bis03,2,190,190,True,True,10111110,3.3,0.0,0.0,2.18755e-05,104.49999999999535,0.816204,0.816204,current_pilot_full_bis03_f2_sh000
t191_mid,191,mid,0.8294533196396715,CURRENT,pilot_full_bis03,2,191,191,True,True,10111111,3.3,0.0,0.0,2.28755e-05,104.49999999999535,0.829463,0.829463,current_pilot_full_bis03_f2_sh000
t192_mid,192,mid,0.8352424201064226,CURRENT,pilot_full_bis03,2,191,191,True,True,10111111,3.3,0.0,0.0,2.38755e-05,104.49999999999875,0.835253,0.835252,current_pilot_full_bis03_f2_sh000
t193_mid,193,mid,0.8559729268231732,CURRENT,pilot_full_bis03,2,193,193,True,True,11000001,3.3,0.0,0.0,2.48755e-05,104.49999999999875,0.855983,0.855983,current_pilot_full_bis03_f2_sh000
t208_mid,208,mid,1.052379746324434,CURRENT,pilot_full_bis03,2,207,207,True,True,11001111,3.3,0.0,0.0,2.58755e-05,104.49999999999875,1.05239,1.05239,current_pilot_full_bis03_f2_sh000
t223_mid,223,mid,1.2537670345756955,CURRENT,pilot_full_bis03,2,223,223,True,True,11011111,3.3,0.0,0.0,2.68755e-05,104.49999999999875,1.25378,1.25378,current_pilot_full_bis03_f2_sh000
t224_mid,224,mid,1.264536603792446,CURRENT,pilot_full_bis03,2,224,224,True,True,11100000,3.3,0.0,0.0,2.78755e-05,104.49999999999535,1.26455,1.26455,current_pilot_full_bis03_f2_sh000
t225_mid,225,mid,1.2777964073841965,CURRENT,pilot_full_bis03,2,224,224,True,True,11100000,3.3,0.0,0.0,2.88755e-05,104.49999999999535,1.27781,1.27781,current_pilot_full_bis03_f2_sh000
t002_mid,2,mid,-1.678517234982468,CURRENT,pilot_full_bis04,2,1,1,True,True,00000001,3.3,0.0,0.0,8.75484e-07,104.51599999999993,-1.67851,-1.67851,current_pilot_full_bis04_f2_sh000
t016_mid,16,mid,-1.4928799846979577,CURRENT,pilot_full_bis04,2,15,15,True,True,00001111,3.3,0.0,0.0,1.87548e-06,104.52000000000014,-1.49287,-1.49287,current_pilot_full_bis04_f2_sh000
t031_mid,31,mid,-1.2927378136341965,CURRENT,pilot_full_bis04,2,31,31,True,True,00011111,3.3,0.0,0.0,2.87548e-06,104.51999999999973,-1.29273,-1.29273,current_pilot_full_bis04_f2_sh000
t032_mid,32,mid,-1.2819682444174458,CURRENT,pilot_full_bis04,2,31,31,True,True,00011111,3.3,0.0,0.0,3.87548e-06,104.52000000000014,-1.28196,-1.28196,current_pilot_full_bis04_f2_sh000
t033_mid,33,mid,-1.2674633236381951,CURRENT,pilot_full_bis04,2,32,32,True,True,00100000,3.3,0.0,0.0,4.87548e-06,104.52000000000099,-1.26745,-1.26745,current_pilot_full_bis04_f2_sh000
t048_mid,48,mid,-1.068566269761934,CURRENT,pilot_full_bis04,2,48,48,True,True,00110000,3.3,0.0,0.0,5.87548e-06,104.52000000000014,-1.06856,-1.06856,current_pilot_full_bis04_f2_sh000
t063_mid,63,mid,-0.8696692158856729,CURRENT,pilot_full_bis04,2,62,62,True,True,00111110,3.3,0.0,0.0,6.87548e-06,104.52000000000014,-0.869659,-0.869659,current_pilot_full_bis04_f2_sh000
t064_mid,64,mid,-0.8613898810439222,CURRENT,pilot_full_bis04,2,64,64,True,True,01000000,3.3,0.0,0.0,7.87548e-06,104.52000000000014,-0.86138,-0.86138,current_pilot_full_bis04_f2_sh000
t065_mid,65,mid,-0.8431496087021715,CURRENT,pilot_full_bis04,2,65,65,True,True,01000001,3.3,0.0,0.0,8.87548e-06,104.52000000000014,-0.84314,-0.84314,current_pilot_full_bis04_f2_sh000
t080_mid,80,mid,-0.6442525548259104,CURRENT,pilot_full_bis04,2,80,80,True,True,01010000,3.3,0.0,0.0,9.87548e-06,104.52000000000014,-0.644243,-0.644243,current_pilot_full_bis04_f2_sh000
t095_mid,95,mid,-0.4453555009496492,CURRENT,pilot_full_bis04,2,94,94,True,True,01011110,3.3,0.0,0.0,1.08755e-05,104.50000000000044,-0.445346,-0.445346,current_pilot_full_bis04_f2_sh000
t096_mid,96,mid,-0.43334081454539863,CURRENT,pilot_full_bis04,2,96,96,True,True,01100000,3.3,0.0,0.0,1.18755e-05,104.50000000000044,-0.433331,-0.433331,current_pilot_full_bis04_f2_sh000
t097_mid,97,mid,-0.41883589376614777,CURRENT,pilot_full_bis04,2,97,97,True,True,01100001,3.3,0.0,0.0,1.28755e-05,104.49999999999875,-0.418826,-0.418826,current_pilot_full_bis04_f2_sh000
t112_mid,112,mid,-0.2211839570773867,CURRENT,pilot_full_bis04,2,111,111,True,True,01101111,3.3,0.0,0.0,1.38755e-05,104.50000000000044,-0.221174,-0.221174,current_pilot_full_bis04_f2_sh000
t127_mid,127,mid,-0.021041786013625562,CURRENT,pilot_full_bis04,2,127,127,True,True,01111111,3.3,0.0,0.0,1.48755e-05,104.50000000000044,-0.0210318,-0.0210318,current_pilot_full_bis04_f2_sh000
t129_mid,129,mid,0.006722938357375874,CURRENT,pilot_full_bis04,2,128,128,True,True,10000000,3.3,0.0,0.0,1.58755e-05,104.49999999999875,0.00673294,0.00673294,current_pilot_full_bis04_f2_sh000
t144_mid,144,mid,0.20561999223363697,CURRENT,pilot_full_bis04,2,144,144,True,True,10010000,3.3,0.0,0.0,1.68755e-05,104.49999999999535,0.20563,0.20563,current_pilot_full_bis04_f2_sh000
t159_mid,159,mid,0.4045170461098981,CURRENT,pilot_full_bis04,2,158,158,True,True,10011110,3.3,0.0,0.0,1.78755e-05,104.49999999999875,0.404527,0.404527,current_pilot_full_bis04_f2_sh000
t160_mid,160,mid,0.4165317325141487,CURRENT,pilot_full_bis04,2,160,160,True,True,10100000,3.3,0.0,0.0,1.88755e-05,104.49999999999875,0.416542,0.416542,current_pilot_full_bis04_f2_sh000
t161_mid,161,mid,0.43103665329339974,CURRENT,pilot_full_bis04,2,161,161,True,True,10100001,3.3,0.0,0.0,1.98755e-05,104.49999999999875,0.431047,0.431047,current_pilot_full_bis04_f2_sh000
t176_mid,176,mid,0.6286885899821606,CURRENT,pilot_full_bis04,2,175,175,True,True,10101111,3.3,0.0,0.0,2.08755e-05,104.49999999999875,0.628699,0.628699,current_pilot_full_bis04_f2_sh000
t190_mid,190,mid,0.815570957454171,CURRENT,pilot_full_bis04,2,189,189,True,True,10111101,3.3,0.0,0.0,2.18755e-05,104.49999999999535,0.815581,0.815581,current_pilot_full_bis04_f2_sh000
t191_mid,191,mid,0.8288307610459216,CURRENT,pilot_full_bis04,2,190,190,True,True,10111110,3.3,0.0,0.0,2.28755e-05,104.49999999999535,0.828841,0.828841,current_pilot_full_bis04_f2_sh000
t192_mid,192,mid,0.8358649787001726,CURRENT,pilot_full_bis04,2,191,191,True,True,10111111,3.3,0.0,0.0,2.38755e-05,104.49999999999875,0.835875,0.835875,current_pilot_full_bis04_f2_sh000
t193_mid,193,mid,0.8553503682294232,CURRENT,pilot_full_bis04,2,193,193,True,True,11000001,3.3,0.0,0.0,2.48755e-05,104.49999999999875,0.85536,0.85536,current_pilot_full_bis04_f2_sh000
t208_mid,208,mid,1.053002304918184,CURRENT,pilot_full_bis04,2,207,207,True,True,11001111,3.3,0.0,0.0,2.58755e-05,104.49999999999875,1.05301,1.05301,current_pilot_full_bis04_f2_sh000
t223_mid,223,mid,1.2531444759819454,CURRENT,pilot_full_bis04,2,223,223,True,True,11011111,3.3,0.0,0.0,2.68755e-05,104.49999999999875,1.25315,1.25315,current_pilot_full_bis04_f2_sh000
t224_mid,224,mid,1.263914045198696,CURRENT,pilot_full_bis04,2,223,223,True,True,11011111,3.3,0.0,0.0,2.78755e-05,104.49999999999535,1.26392,1.26392,current_pilot_full_bis04_f2_sh000
t225_mid,225,mid,1.2784189659779466,CURRENT,pilot_full_bis04,2,224,224,True,True,11100000,3.3,0.0,0.0,2.88755e-05,104.49999999999535,1.27843,1.27843,current_pilot_full_bis04_f2_sh000
t002_mid,2,mid,-1.678205955685593,CURRENT,pilot_full_bis05,2,1,1,True,True,00000001,3.3,0.0,0.0,8.75484e-07,104.51599999999993,-1.6782,-1.6782,current_pilot_full_bis05_f2_sh000
t016_mid,16,mid,-1.4925687054010828,CURRENT,pilot_full_bis05,2,16,16,True,True,00010000,3.3,0.0,0.0,1.87548e-06,104.52000000000014,-1.49256,-1.49256,current_pilot_full_bis05_f2_sh000
t031_mid,31,mid,-1.2930490929310716,CURRENT,pilot_full_bis05,2,31,31,True,True,00011111,3.3,0.0,0.0,2.87548e-06,104.51999999999973,-1.29304,-1.29304,current_pilot_full_bis05_f2_sh000
t032_mid,32,mid,-1.281656965120571,CURRENT,pilot_full_bis05,2,32,32,True,True,00100000,3.3,0.0,0.0,3.87548e-06,104.52000000000014,-1.28165,-1.28165,current_pilot_full_bis05_f2_sh000
t033_mid,33,mid,-1.2671520443413202,CURRENT,pilot_full_bis05,2,32,32,True,True,00100000,3.3,0.0,0.0,4.87548e-06,104.52000000000099,-1.26714,-1.26714,current_pilot_full_bis05_f2_sh000
t048_mid,48,mid,-1.0688775490588092,CURRENT,pilot_full_bis05,2,47,47,True,True,00101111,3.3,0.0,0.0,5.87548e-06,104.52000000000014,-1.06887,-1.06887,current_pilot_full_bis05_f2_sh000
t063_mid,63,mid,-0.8693579365887979,CURRENT,pilot_full_bis05,2,62,62,True,True,00111110,3.3,0.0,0.0,6.87548e-06,104.52000000000014,-0.869348,-0.869348,current_pilot_full_bis05_f2_sh000
t064_mid,64,mid,-0.8617011603407971,CURRENT,pilot_full_bis05,2,64,64,True,True,01000000,3.3,0.0,0.0,7.87548e-06,104.52000000000014,-0.861691,-0.861691,current_pilot_full_bis05_f2_sh000
t065_mid,65,mid,-0.8434608879990464,CURRENT,pilot_full_bis05,2,64,64,True,True,01000000,3.3,0.0,0.0,8.87548e-06,104.52000000000014,-0.843451,-0.843451,current_pilot_full_bis05_f2_sh000
t080_mid,80,mid,-0.6445638341227853,CURRENT,pilot_full_bis05,2,80,80,True,True,01010000,3.3,0.0,0.0,9.87548e-06,104.52000000000014,-0.644554,-0.644554,current_pilot_full_bis05_f2_sh000
t095_mid,95,mid,-0.44504422165277424,CURRENT,pilot_full_bis05,2,95,95,True,True,01011111,3.3,0.0,0.0,1.08755e-05,104.50000000000044,-0.445034,-0.445034,current_pilot_full_bis05_f2_sh000
t096_mid,96,mid,-0.43365209384227366,CURRENT,pilot_full_bis05,2,96,96,True,True,01100000,3.3,0.0,0.0,1.18755e-05,104.50000000000044,-0.433642,-0.433642,current_pilot_full_bis05_f2_sh000
t097_mid,97,mid,-0.41914717306302274,CURRENT,pilot_full_bis05,2,97,97,True,True,01100001,3.3,0.0,0.0,1.28755e-05,104.49999999999875,-0.419137,-0.419137,current_pilot_full_bis05_f2_sh000
t112_mid,112,mid,-0.22087267778051167,CURRENT,pilot_full_bis05,2,111,111,True,True,01101111,3.3,0.0,0.0,1.38755e-05,104.50000000000044,-0.220863,-0.220863,current_pilot_full_bis05_f2_sh000
t127_mid,127,mid,-0.02135306531050056,CURRENT,pilot_full_bis05,2,127,127,True,True,01111111,3.3,0.0,0.0,1.48755e-05,104.50000000000044,-0.0213431,-0.0213431,current_pilot_full_bis05_f2_sh000
t129_mid,129,mid,0.0070342176542508746,CURRENT,pilot_full_bis05,2,129,129,True,True,10000001,3.3,0.0,0.0,1.58755e-05,104.49999999999875,0.00704422,0.00704422,current_pilot_full_bis05_f2_sh000
t144_mid,144,mid,0.20530871293676198,CURRENT,pilot_full_bis05,2,143,143,True,True,10001111,3.3,0.0,0.0,1.68755e-05,104.49999999999535,0.205319,0.205319,current_pilot_full_bis05_f2_sh000
t159_mid,159,mid,0.40482832540677305,CURRENT,pilot_full_bis05,2,158,158,True,True,10011110,3.3,0.0,0.0,1.78755e-05,104.49999999999875,0.404838,0.404838,current_pilot_full_bis05_f2_sh000
t160_mid,160,mid,0.41622045321727374,CURRENT,pilot_full_bis05,2,160,160,True,True,10100000,3.3,0.0,0.0,1.88755e-05,104.49999999999875,0.416231,0.41623,current_pilot_full_bis05_f2_sh000
t161_mid,161,mid,0.4307253739965248,CURRENT,pilot_full_bis05,2,160,160,True,True,10100000,3.3,0.0,0.0,1.98755e-05,104.49999999999875,0.430735,0.430735,current_pilot_full_bis05_f2_sh000
t176_mid,176,mid,0.6289998692790356,CURRENT,pilot_full_bis05,2,175,175,True,True,10101111,3.3,0.0,0.0,2.08755e-05,104.49999999999875,0.62901,0.62901,current_pilot_full_bis05_f2_sh000
t190_mid,190,mid,0.8158822367510459,CURRENT,pilot_full_bis05,2,190,190,True,True,10111110,3.3,0.0,0.0,2.18755e-05,104.49999999999535,0.815892,0.815892,current_pilot_full_bis05_f2_sh000
t191_mid,191,mid,0.8291420403427965,CURRENT,pilot_full_bis05,2,191,191,True,True,10111111,3.3,0.0,0.0,2.28755e-05,104.49999999999535,0.829152,0.829152,current_pilot_full_bis05_f2_sh000
t192_mid,192,mid,0.8361762579970475,CURRENT,pilot_full_bis05,2,192,192,True,True,11000000,3.3,0.0,0.0,2.38755e-05,104.49999999999875,0.836186,0.836186,current_pilot_full_bis05_f2_sh000
t193_mid,193,mid,0.8550390889325482,CURRENT,pilot_full_bis05,2,193,193,True,True,11000001,3.3,0.0,0.0,2.48755e-05,104.49999999999875,0.855049,0.855049,current_pilot_full_bis05_f2_sh000
t208_mid,208,mid,1.0533135842150592,CURRENT,pilot_full_bis05,2,208,208,True,True,11010000,3.3,0.0,0.0,2.58755e-05,104.49999999999875,1.05332,1.05332,current_pilot_full_bis05_f2_sh000
t223_mid,223,mid,1.2528331966850703,CURRENT,pilot_full_bis05,2,223,223,True,True,11011111,3.3,0.0,0.0,2.68755e-05,104.49999999999875,1.25284,1.25284,current_pilot_full_bis05_f2_sh000
t224_mid,224,mid,1.264225324495571,CURRENT,pilot_full_bis05,2,224,224,True,True,11100000,3.3,0.0,0.0,2.78755e-05,104.49999999999535,1.26424,1.26424,current_pilot_full_bis05_f2_sh000
t225_mid,225,mid,1.2787302452748217,CURRENT,pilot_full_bis05,2,224,224,True,True,11100000,3.3,0.0,0.0,2.88755e-05,104.49999999999535,1.27874,1.27874,current_pilot_full_bis05_f2_sh000
t002_mid,2,mid,-1.6780503160371554,CURRENT,pilot_full_bis06,2,1,1,True,True,00000001,3.3,0.0,0.0,8.75483e-07,104.51699999999995,-1.67804,-1.67804,current_pilot_full_bis06_f2_sh000
t016_mid,16,mid,-1.4927243450495202,CURRENT,pilot_full_bis06,2,15,15,True,True,00001111,3.3,0.0,0.0,1.87548e-06,104.52000000000014,-1.49271,-1.49271,current_pilot_full_bis06_f2_sh000
t031_mid,31,mid,-1.293204732579509,CURRENT,pilot_full_bis06,2,30,30,True,True,00011110,3.3,0.0,0.0,2.87548e-06,104.51999999999973,-1.29319,-1.29319,current_pilot_full_bis06_f2_sh000
t032_mid,32,mid,-1.2818126047690084,CURRENT,pilot_full_bis06,2,31,31,True,True,00011111,3.3,0.0,0.0,3.87548e-06,104.52000000000014,-1.2818,-1.2818,current_pilot_full_bis06_f2_sh000
t033_mid,33,mid,-1.2669964046928825,CURRENT,pilot_full_bis06,2,33,33,True,True,00100001,3.3,0.0,0.0,4.87548e-06,104.52000000000099,-1.26699,-1.26699,current_pilot_full_bis06_f2_sh000
t048_mid,48,mid,-1.0687219094103715,CURRENT,pilot_full_bis06,2,47,47,True,True,00101111,3.3,0.0,0.0,5.87548e-06,104.52000000000014,-1.06871,-1.06871,current_pilot_full_bis06_f2_sh000
t063_mid,63,mid,-0.8692022969403603,CURRENT,pilot_full_bis06,2,62,62,True,True,00111110,3.3,0.0,0.0,6.87548e-06,104.52000000000014,-0.869192,-0.869192,current_pilot_full_bis06_f2_sh000
t064_mid,64,mid,-0.8618567999892346,CURRENT,pilot_full_bis06,2,63,63,True,True,00111111,3.3,0.0,0.0,7.87548e-06,104.52000000000014,-0.861847,-0.861847,current_pilot_full_bis06_f2_sh000
t065_mid,65,mid,-0.8433052483506089,CURRENT,pilot_full_bis06,2,64,64,True,True,01000000,3.3,0.0,0.0,8.87548e-06,104.52000000000014,-0.843295,-0.843295,current_pilot_full_bis06_f2_sh000
t080_mid,80,mid,-0.6447194737712227,CURRENT,pilot_full_bis06,2,80,80,True,True,01010000,3.3,0.0,0.0,9.87548e-06,104.52000000000014,-0.64471,-0.64471,current_pilot_full_bis06_f2_sh000
t095_mid,95,mid,-0.4451998613012117,CURRENT,pilot_full_bis06,2,95,95,True,True,01011111,3.3,0.0,0.0,1.08755e-05,104.50000000000044,-0.44519,-0.44519,current_pilot_full_bis06_f2_sh000
t096_mid,96,mid,-0.4338077334907111,CURRENT,pilot_full_bis06,2,96,96,True,True,01100000,3.3,0.0,0.0,1.18755e-05,104.50000000000044,-0.433798,-0.433798,current_pilot_full_bis06_f2_sh000
t097_mid,97,mid,-0.41930281271146025,CURRENT,pilot_full_bis06,2,96,96,True,True,01100000,3.3,0.0,0.0,1.28755e-05,104.49999999999875,-0.419293,-0.419293,current_pilot_full_bis06_f2_sh000
t112_mid,112,mid,-0.22071703813207416,CURRENT,pilot_full_bis06,2,112,112,True,True,01110000,3.3,0.0,0.0,1.38755e-05,104.50000000000044,-0.220707,-0.220707,current_pilot_full_bis06_f2_sh000
t127_mid,127,mid,-0.02150870495893806,CURRENT,pilot_full_bis06,2,126,126,True,True,01111110,3.3,0.0,0.0,1.48755e-05,104.50000000000044,-0.0214987,-0.0214987,current_pilot_full_bis06_f2_sh000
t129_mid,129,mid,0.006878578005813374,CURRENT,pilot_full_bis06,2,128,128,True,True,10000000,3.3,0.0,0.0,1.58755e-05,104.49999999999875,0.00688858,0.00688858,current_pilot_full_bis06_f2_sh000
t144_mid,144,mid,0.20546435258519946,CURRENT,pilot_full_bis06,2,144,144,True,True,10010000,3.3,0.0,0.0,1.68755e-05,104.49999999999535,0.205474,0.205474,current_pilot_full_bis06_f2_sh000
t159_mid,159,mid,0.40498396505521056,CURRENT,pilot_full_bis06,2,159,159,True,True,10011111,3.3,0.0,0.0,1.78755e-05,104.49999999999875,0.404994,0.404994,current_pilot_full_bis06_f2_sh000
t160_mid,160,mid,0.41606481356883623,CURRENT,pilot_full_bis06,2,159,159,True,True,10011111,3.3,0.0,0.0,1.88755e-05,104.49999999999875,0.416075,0.416075,current_pilot_full_bis06_f2_sh000
t161_mid,161,mid,0.43088101364496223,CURRENT,pilot_full_bis06,2,160,160,True,True,10100000,3.3,0.0,0.0,1.98755e-05,104.49999999999875,0.430891,0.430891,current_pilot_full_bis06_f2_sh000
t176_mid,176,mid,0.6291555089274732,CURRENT,pilot_full_bis06,2,175,175,True,True,10101111,3.3,0.0,0.0,2.08755e-05,104.49999999999875,0.629166,0.629166,current_pilot_full_bis06_f2_sh000
t190_mid,190,mid,0.8157265971026084,CURRENT,pilot_full_bis06,2,190,190,True,True,10111110,3.3,0.0,0.0,2.18755e-05,104.49999999999535,0.815737,0.815737,current_pilot_full_bis06_f2_sh000
t191_mid,191,mid,0.828986400694359,CURRENT,pilot_full_bis06,2,191,191,True,True,10111111,3.3,0.0,0.0,2.28755e-05,104.49999999999535,0.828997,0.828996,current_pilot_full_bis06_f2_sh000
t192_mid,192,mid,0.8360206183486101,CURRENT,pilot_full_bis06,2,192,192,True,True,11000000,3.3,0.0,0.0,2.38755e-05,104.49999999999875,0.836031,0.836031,current_pilot_full_bis06_f2_sh000
t193_mid,193,mid,0.8548834492841106,CURRENT,pilot_full_bis06,2,193,193,True,True,11000001,3.3,0.0,0.0,2.48755e-05,104.49999999999875,0.854894,0.854893,current_pilot_full_bis06_f2_sh000
t208_mid,208,mid,1.0531579445666215,CURRENT,pilot_full_bis06,2,207,207,True,True,11001111,3.3,0.0,0.0,2.58755e-05,104.49999999999875,1.05317,1.05317,current_pilot_full_bis06_f2_sh000
t223_mid,223,mid,1.2526775570366329,CURRENT,pilot_full_bis06,2,222,222,True,True,11011110,3.3,0.0,0.0,2.68755e-05,104.49999999999875,1.25269,1.25269,current_pilot_full_bis06_f2_sh000
t224_mid,224,mid,1.2640696848471336,CURRENT,pilot_full_bis06,2,224,224,True,True,11100000,3.3,0.0,0.0,2.78755e-05,104.49999999999535,1.26408,1.26408,current_pilot_full_bis06_f2_sh000
t225_mid,225,mid,1.2788858849232592,CURRENT,pilot_full_bis06,2,225,225,True,True,11100001,3.3,0.0,0.0,2.88755e-05,104.49999999999535,1.2789,1.2789,current_pilot_full_bis06_f2_sh000
