sample_index,valid_sample_index,t_sample_s,t_eoc_s,vinp_v,vinn_v,vdiff_v,code_decimal,code_hex,ideal_dac_output_vdiff_v,reconstructed_vdiff_v,quantization_error_v,quantization_error_lsb,clks_falling_sample,eoc_int
16,0,8e-06,8.375e-06,1.2052633504167196,2.09473664958328,-0.8894732991665608,61,0x3D,-0.883203125,-0.883203125,0.006270174166560838,0.47210723136458077,1,1
17,1,8.5e-06,8.875e-06,2.1317591522079864,1.1682408477920134,0.9635183044159727,200,0xC8,0.9628906249999998,0.9628906249999998,-0.0006276794159729704,-0.047260567790906004,1,1
18,2,9e-06,9.375000000000001e-06,1.1331175408940546,2.1668824591059455,-1.0337649182118906,50,0x32,-1.029296875,-1.029296875,0.004468043211890649,0.3364173712482371,1,1
19,3,9.5e-06,9.875000000000001e-06,2.1999681068269705,1.1000318931730293,1.0999362136539412,210,0xD2,1.0957031249999998,1.0957031249999998,-0.0042330886539414525,-0.3187266751202976,1,1
20,4,1e-05,1.0375000000000001e-05,1.0691143351988126,2.230885664801187,-1.1617713296023744,40,0x28,-1.162109375,-1.162109375,-0.00033804539762560815,-0.02545282993886932,1,1
21,5,1.05e-05,1.0875e-05,2.2595132495236934,1.0404867504763065,1.219026499047387,219,0xDB,1.2152343749999999,1.2152343749999999,-0.0037921240473870466,-0.28552463415620116,1,1
22,6,1.1e-05,1.1375e-05,1.014261994955047,2.2857380050449527,-1.2714760100899054,32,0x20,-1.268359375,-1.268359375,0.0031166350899054507,0.23466428912229276,1,1
23,7,1.15e-05,1.1875e-05,2.3094565478726268,0.990543452127373,1.3189130957452537,227,0xE3,1.321484375,1.321484375,0.002571279254746317,0.19360220271031092,1,1
24,8,1.2e-05,1.2375000000000001e-05,0.9694246254689868,2.330575374531013,-1.3611507490620263,25,0x19,-1.361328125,-1.361328125,-0.00017737593797373385,-0.013355364741551726,1,1
25,9,1.25e-05,1.2875000000000001e-05,2.349011230171377,0.950988769828623,1.3980224603427538,233,0xE9,1.401171875,1.401171875,0.0031494146572461634,0.23713239772206407,1,1
26,10,1.3e-05,1.3375e-05,0.9353085632199514,2.3646914367800482,-1.429382873560097,20,0x14,-1.427734375,-1.427734375,0.001648498560097078,0.12412224452495647,1,1
27,11,1.35e-05,1.3875e-05,2.3775541796903994,0.9224458203096005,1.4551083593807987,237,0xED,1.454296875,1.454296875,-0.0008114843807986993,-0.06110000043660795,1,1
28,12,1.4e-05,1.4375e-05,0.9124512487307436,2.3875487512692564,-1.4750975025385127,16,0x10,-1.4808593749999999,-1.4808593749999999,-0.005761872461487183,-0.4338351029825644,1,1
29,13,1.45e-05,1.4875e-05,2.3946357508170246,0.9053642491829753,1.4892715016340492,240,0xF0,1.4941406249999998,1.4941406249999998,0.004869123365950578,0.3666163475539259,1,1
30,14,1.5e-05,1.5375e-05,0.9012127601064781,2.3987872398935215,-1.4975744797870436,15,0x0F,-1.494140625,-1.494140625,0.003433854787043611,0.25854906631857777,1,1
31,15,1.55e-05,1.5875e-05,2.3999868524571717,0.9000131475428281,1.4999737049143436,240,0xF0,1.4941406249999998,1.4941406249999998,-0.005833079914343786,-0.43919660531529686,1,1
32,16,1.6e-05,1.6374999999999998e-05,0.901770140616617,2.398229859383383,-1.4964597187667659,15,0x0F,-1.494140625,-1.494140625,0.0023190937667658673,0.17461411890943002,1,1
33,17,1.65e-05,1.6875e-05,2.393523187107745,0.9064768128922548,1.4870463742154902,239,0xEF,1.4808593749999999,1.4808593749999999,-0.006186999215490374,-0.4658446468133929,1,1
34,18,1.7e-05,1.7375e-05,0.9141146096794317,2.385885390320568,-1.4717707806411364,17,0x11,-1.467578125,-1.467578125,0.004192655641136467,0.31568230709733397,1,1
35,19,1.75e-05,1.7874999999999997e-05,2.375346578820394,0.924653421179606,1.4506931576407878,237,0xED,1.454296875,1.454296875,0.0036037173592122773,0.27133871881127736,1,1
36,20,1.8e-05,1.8375e-05,0.9380517011851408,2.361948298814859,-1.4238965976297182,20,0x14,-1.427734375,-1.427734375,-0.003837777370281792,-0.2889620608212173,1,1
37,21,1.85e-05,1.8874999999999998e-05,2.345743369136807,0.9542566308631928,1.3914867382736142,232,0xE8,1.387890625,1.387890625,-0.0035961132736141987,-0.2707661758956573,1,1
38,22,1.9e-05,1.9375e-05,0.9732043269786312,2.3267956730213686,-1.3535913460427373,26,0x1A,-1.348046875,-1.348046875,0.0055444710427372534,0.41746605498256967,1,1
39,23,1.95e-05,1.9875e-05,2.3051799062648284,0.9948200937351712,1.3103598125296574,226,0xE2,1.3082031250000001,1.3082031250000001,-0.002156687529657253,-0.16238588458595787,1,1
40,24,2e-05,2.0375e-05,1.0190187172418654,2.2809812827581344,-1.2619625655162692,32,0x20,-1.268359375,-1.268359375,-0.006396809483730781,-0.481642125833847,1,1
41,25,2.05e-05,2.0875e-05,2.2542951985558175,1.0457048014441823,1.2085903971116352,218,0xDA,1.201953125,1.201953125,-0.0066372721116352285,-0.49974754722900544,1,1
42,26,2.1e-05,2.1374999999999998e-05,1.074773144195271,2.2252268558047286,-1.1504537116094578,41,0x29,-1.148828125,-1.148828125,0.0016255866094576632,0.12239710941798876,1,1
43,27,2.15e-05,2.1875e-05,2.1938908480151107,1.1061091519848891,1.0877816960302216,209,0xD1,1.0824218749999999,1.0824218749999999,-0.005359821030221701,-0.40356299521669275,1,1
44,28,2.2e-05,2.2375e-05,1.1395892916911194,2.1604107083088806,-1.020821416617761,51,0x33,-1.016015625,-1.016015625,0.004805791617760846,0.3618478394549343,1,1
45,29,2.25e-05,2.2875e-05,2.1249184224261524,1.1750815775738475,0.9498368448523051,199,0xC7,0.9496093749999999,0.9496093749999999,-0.00022746985230526207,-0.0171271418206315,1,1
46,30,2.3e-05,2.3375e-05,1.2124460915902664,2.0875539084097334,-0.875107816819467,62,0x3E,-0.869921875,-0.869921875,0.005185941819467077,0.3904709134657564,1,1
47,31,2.35e-05,2.3874999999999998e-05,2.0484644650188204,1.2515355349811794,0.7969289300376412,188,0xBC,0.803515625,0.803515625,0.006586694962358752,0.4959393854011296,1,1
48,32,2.4e-05,2.4375e-05,1.2921958089536338,2.007804191046366,-0.7156083820927323,74,0x4A,-0.710546875,-0.710546875,0.005061507092732231,0.3811017105116033,1,1
49,33,2.45e-05,2.4874999999999998e-05,1.9657333778292823,1.3342666221707176,0.6314667556585645,175,0xAF,0.6308593749999998,0.6308593749999998,-0.0006073806585646935,-0.045732190762518096,1,1
50,34,2.5e-05,2.5375e-05,1.377582122653664,1.9224178773463358,-0.5448357546926719,86,0x56,-0.5511718750000001,-0.5511718750000001,-0.006336120307328219,-0.47707258784588946,1,1
51,35,2.55e-05,2.5875e-05,1.8780284483948066,1.4219715516051932,0.45605689678961364,162,0xA2,0.45820312500000004,0.45820312500000004,0.0021462282103864028,0.16159835937027034,1,1
52,36,2.6e-05,2.6374999999999997e-05,1.4672599165764628,1.832740083423537,-0.3654801668470743,100,0x64,-0.365234375,-0.365234375,0.0002457918470742948,0.018506680250299844,1,1
53,37,2.65e-05,2.6875e-05,1.7867313186758367,1.5132686813241631,0.27346263735167353,148,0x94,0.27226562499999996,0.27226562499999996,-0.0011970123516735764,-0.09012798883189281,1,1
54,38,2.7e-05,2.7374999999999998e-05,1.5598164696377927,1.740183530362207,-0.18036706072441447,114,0x72,-0.1792968749999999,-0.1792968749999999,0.0010701857244145574,0.08057868983827256,1,1
55,39,2.75e-05,2.7875e-05,1.6932802196372188,1.606719780362781,0.08656043927443766,134,0x86,0.08632812500000009,0.08632812500000009,-0.00023231427443756725,-0.0174918983105933,1,1
56,40,2.8e-05,2.8375e-05,1.653793710800568,1.6462062891994318,0.0075874216011364536,128,0x80,0.006640624999999956,0.006640624999999956,-0.000946796601136498,-0.0712882146738069,1,1
57,41,2.85e-05,2.8875e-05,1.599147314366137,1.7008526856338628,-0.10170537126772597,120,0x78,-0.099609375,-0.099609375,0.002095996267725969,0.15781618956995533,1,1
58,42,2.9e-05,2.9375e-05,1.7477111885035073,1.5522888114964926,0.1954223770070149,142,0x8E,0.19257812500000004,0.19257812500000004,-0.0028442520070148525,-0.2141554452340595,1,1
59,43,2.95e-05,2.9874999999999998e-05,1.505815506647085,1.7941844933529147,-0.28836898670582967,106,0x6A,-0.2855468750000001,-0.2855468750000001,0.0028221117058295775,0.21248841079187408,1,1
60,44,3e-05,3.0375e-05,1.84008939265699,1.45991060734301,0.38017878531397975,156,0x9C,0.37851562500000013,0.37851562500000013,-0.001663160313979617,-0.12522618834670057,1,1
61,45,3.05e-05,3.0875e-05,1.4147550803354245,1.8852449196645753,-0.470489839329151,92,0x5C,-0.47148437499999996,-0.47148437499999996,-0.0009945356708489506,-0.07488268580509745,1,1
62,46,3.1e-05,3.1375000000000004e-05,1.929473061807506,1.3705269381924938,0.558946123615012,170,0xAA,0.5644531249999998,0.5644531249999998,0.005507001384987831,0.4146448101637896,1,1
63,47,3.15e-05,3.1875e-05,1.3274005375365578,1.972599462463442,-0.6451989249268841,79,0x4F,-0.6441406249999999,-0.6441406249999999,0.0010582999268842208,0.07968375920069427,1,1
64,48,3.2e-05,3.2375e-05,2.0144541083063046,1.2855458916936953,0.7289082166126095,182,0xB6,0.723828125,0.723828125,-0.005080091612609472,-0.38250101553765437,1,1
65,49,3.25e-05,3.2875e-05,1.2451280004654979,2.0548719995345017,-0.8097439990690041,67,0x43,-0.803515625,-0.803515625,0.006228374069004117,0.46895992990148644,1,1
66,50,3.3e-05,3.3375000000000005e-05,2.0936938003347896,1.20630619966521,0.8873876006695798,194,0xC2,0.8832031249999999,0.8832031249999999,-0.004184475669579912,-0.3150664033566052,1,1
67,51,3.35e-05,3.3875000000000003e-05,1.1692335329824985,2.1307664670175015,-0.9615329340350027,55,0x37,-0.962890625,-0.962890625,-0.0013576909649972713,-0.10222614324685336,1,1
68,52,3.4e-05,3.4375e-05,2.165943851346904,1.1340561486530958,1.0318877026938085,205,0xCD,1.0292968749999998,1.0292968749999998,-0.002590827693808695,-0.19507408518088998,1,1
69,53,3.45e-05,3.4875e-05,1.1009127233117544,2.199087276688245,-1.098174553376491,45,0x2D,-1.095703125,-1.095703125,0.0024714283764910583,0.18608401893579735,1,1
70,54,3.5e-05,3.5375e-05,2.2300660847001024,1.0699339152998975,1.1601321694002051,215,0xD7,1.1621093749999998,1.1621093749999998,0.0019772055997946403,0.14887195104336115,1,1
71,55,3.55e-05,3.5875000000000005e-05,1.0412418495829119,2.258758150417088,-1.2175163008341763,36,0x24,-1.215234375,-1.215234375,0.0022819258341761905,0.17181559222032494,1,1
72,56,3.6e-05,3.6375e-05,2.285050363692043,1.0149496363079566,1.2701007273840865,223,0xDF,1.268359375,1.268359375,-0.0017413523840865697,-0.13111359127240055,1,1
73,57,3.65e-05,3.6875e-05,0.9911609248999984,2.3088390751000016,-1.317678150200003,28,0x1C,-1.321484375,-1.321484375,-0.0038062247999970378,-0.2865863378821299,1,1
74,58,3.7e-05,3.7375e-05,2.3300305045459844,0.9699694954540153,1.3600610090919691,230,0xE6,1.3613281249999998,1.3613281249999998,0.001267115908030636,0.09540637425171848,1,1
75,59,3.75e-05,3.7875e-05,0.9514588890341745,2.3485411109658254,-1.3970822219316508,22,0x16,-1.401171875,-1.401171875,-0.004089653068349186,-0.3079268192639387,1,1
76,60,3.8e-05,3.8375000000000004e-05,2.364297921662584,0.9357020783374159,1.428595843325168,235,0xEB,1.4277343749999998,1.4277343749999998,-0.000861468325168202,-0.06486349742442933,1,1
77,61,3.85e-05,3.8875e-05,0.92276118001976,2.37723881998024,-1.4544776399604797,18,0x12,-1.454296875,-1.454296875,0.0001807649604796957,0.013610538200824147,1,1
78,62,3.9e-05,3.9375e-05,2.3873127901805953,0.9126872098194047,1.4746255803611905,239,0xEF,1.4808593749999999,1.4808593749999999,0.0062337946388093535,0.469368066922116,1,1
79,63,3.95e-05,3.9875e-05,0.9055198814419898,2.3944801185580102,-1.4889602371160202,15,0x0F,-1.494140625,-1.494140625,-0.005180387883979787,-0.39005273479377217,1,1
