category,pvt,mismatch_seed,noise_seed,band,nfft,bin,fin_hz,phase_rad,input_vpp_diff,maxstep_ns,pfund_linear,pnoise_linear,pharm_linear,perror_linear,pspur_max_linear,fundamental_dbfs,fundamental_rms_code,fundamental_peak_code,snr_db,sndr_db,enob_raw,sfdr_dbc,thd_db,hd2_dbc,hd3_dbc,largest_spur_bin,largest_spur_hz,noise_floor_dbfs_per_bin,dc_code_offset,mean_conversion_time_ns,max_conversion_time_ns,invalid_count,timeout_count,clipping_count,missing_frame_count,duplicate_frame_count,valid_frame_count,hard_dynamic_pass,snr_budget_pass,preferred_nominal_pass,status,state,harmonic_bins,parseval_time_mean_square,parseval_spectral_mean_square,parseval_relative_error,parseval_pass,mismatch_checksum_sha256,noise_draw_checksum_sha256,noise_draw_checksum_match,compact_code_checksum_sha256,execution_mode,measurement_stem,measurement_solver_profile,attempt_count,attempt_returncodes,retry_used,returncode,timed_out,simulation_aborted,elapsed_s,peak_rss_kb,deck,log,full_waveform_audit,raw_path,raw_sha256,error
D3_NOISE_PLUS_MISMATCH_MC200,TT_3P3_27C,1,100001,LOW,64,7,218750.0,0.7853981633974483,3.0,0.05,6378.74464476743,0.08709311280148384,0.013721104141011319,0.10081421694249515,0.016305653924615183,-1.0525515714456475,79.86704354592969,112.94905616929634,48.64751403750985,48.01213435571317,7.683078796630096,55.923969962231475,-56.67346156158462,-57.98963079975537,-66.08779829274488,15,468750.0,-64.01370325054536,0.171875,325.49937500000055,325.51000000000073,0,0,0,0,0,64,True,True,True,VALID_PASS,VALID_PASS,14/21/28/29,22678.953125,22678.953125,0.0,True,46ecd0a5648d88974bdfa2ff91550ecf1eda3cd91504a20350fa677b20b6e420,812f1a7933dceb73b5642e657b8f7fd2dc9dc27b170ebd56c12d240ccdee9b6d,True,8cd4a6797de4ad159c651863c14c11a63783539eca361a203cca377e8200719a,SEPARATE_PROCESS_FALLBACK,formal_s001_low_050ps,ROBUST_GEAR,1,0,False,0,False,False,332.8129566159332,126256,jobs/v7/d3_noise_plus_mismatch_mc200/formal_s001_low_050ps.spice,logs/v7/d3_noise_plus_mismatch_mc200/formal_s001_low_050ps.log,False,,,
D3_NOISE_PLUS_MISMATCH_MC200,TT_3P3_27C,1,100001,NEAR_NYQUIST,64,29,906250.0,0.7853981633974483,3.0,0.05,6388.951407182446,0.06781532047784099,0.01886343457714998,0.08667875505499097,0.011553230683269253,-1.045607888699464,79.93091646654908,113.03938611990465,49.741017665466714,48.67516919975111,7.793217475041714,57.42726140022434,-55.29808814838973,-60.49557885657823,-67.00806508835859,12,375000.0,-65.10026319575604,0.15625,325.4992031250006,325.51000000000033,0,0,0,0,0,64,True,True,True,VALID_PASS,VALID_PASS,6/12/17/23,22685.15625,22685.15625,0.0,True,46ecd0a5648d88974bdfa2ff91550ecf1eda3cd91504a20350fa677b20b6e420,812f1a7933dceb73b5642e657b8f7fd2dc9dc27b170ebd56c12d240ccdee9b6d,True,a4c95905ad50ed93298fcc899dd9403e2127a25bd75905199d95f164d2cf6de5,SEPARATE_PROCESS_FALLBACK,formal_s001_near_nyquist_050ps,ROBUST_GEAR,1,0,False,0,False,False,230.00760330504272,126884,jobs/v7/d3_noise_plus_mismatch_mc200/formal_s001_near_nyquist_050ps.spice,logs/v7/d3_noise_plus_mismatch_mc200/formal_s001_near_nyquist_050ps.log,False,,,
D3_NOISE_PLUS_MISMATCH_MC200,TT_3P3_27C,21,100021,LOW,64,7,218750.0,0.7853981633974483,3.0,0.05,6394.819636765699,0.22754823018830772,0.04265875411218645,0.27020698430049417,0.02550445108216599,-1.0416207398420694,79.967616175335,113.09128734580484,44.487548378671505,43.74131729432385,6.973640746565424,53.99212318997763,-51.758201325594996,-55.320010618754544,-58.91939513739374,30,937500.0,-59.84280676010346,1.5625,325.49937500000055,325.5100000000001,0,0,0,0,0,64,False,False,False,VALID_FAIL,VALID_FAIL,14/21/28/29,23052.21875,23052.21875,0.0,True,8e2ce428bc6ec7642e3cf477d3ef4257982882036266f2ce54eab7c02bde7ede,be2731deaece657010eec3c584e06e624e9ed55bef323f71c34c78041dfe741e,True,dfe3f5d557ca4c9f19a39a553f8c502bab415945d722b57607b068fb008174f9,SEPARATE_PROCESS_FALLBACK,formal_s021_low_050ps,ROBUST_GEAR,1,0,False,0,False,False,333.9246688759886,126280,jobs/v7/d3_noise_plus_mismatch_mc200/formal_s021_low_050ps.spice,logs/v7/d3_noise_plus_mismatch_mc200/formal_s021_low_050ps.log,False,,,
D3_NOISE_PLUS_MISMATCH_MC200,TT_3P3_27C,21,100021,NEAR_NYQUIST,64,29,906250.0,0.7853981633974483,3.0,0.05,6400.259191983394,0.15390301480221844,0.020498751805697355,0.1744017666079158,0.016932701932644754,-1.0379281186570155,80.00161993349506,113.13937592176646,46.18950434711968,45.646466821924804,7.290110767761596,55.77471298478336,-54.94470144876546,-65.5364254164529,-59.355485640511674,27,843750.0,-61.541070107366565,1.5625,325.49854687500056,325.51000000000073,0,0,0,0,0,64,False,False,False,VALID_FAIL,VALID_FAIL,6/12/17/23,23057.5625,23057.562500000004,1.577781175738638e-16,True,8e2ce428bc6ec7642e3cf477d3ef4257982882036266f2ce54eab7c02bde7ede,be2731deaece657010eec3c584e06e624e9ed55bef323f71c34c78041dfe741e,True,337dba51b51743493deb40a4b0283e10d70d19003c9fb0186bdc5452cfa2be01,SEPARATE_PROCESS_FALLBACK,formal_s021_near_nyquist_050ps,ROBUST_GEAR,1,0,False,0,False,False,187.79737804702017,126864,jobs/v7/d3_noise_plus_mismatch_mc200/formal_s021_near_nyquist_050ps.spice,logs/v7/d3_noise_plus_mismatch_mc200/formal_s021_near_nyquist_050ps.log,False,,,
D3_NOISE_PLUS_MISMATCH_MC200,TT_3P3_27C,44,100044,LOW,64,7,218750.0,0.7853981633974483,3.0,0.05,6421.493601500427,0.41225715879217206,0.09023509077975755,0.5024922495719296,0.056800312705947015,-1.0235431972512452,80.1342224115292,113.3269041446066,41.92467848301373,41.0650668655404,6.529080874674486,50.53285327487474,-48.52260594564517,-60.07101097365384,-54.55627510977314,28,875000.0,-57.26185932185484,4.0625,325.4966875000006,325.5000000000034,0,0,0,0,0,64,False,False,False,VALID_FAIL,VALID_FAIL,14/21/28/29,23730.6875,23730.6875,0.0,True,bd8f468dc79eb35b437943275f6634b635ba84c01b70b7d2934421b2aa0f3227,cd3cd754ce17c573a473c44a29d2bbcbbe71eac6db0725a8c9a7da0d4b29bfe7,True,6a98518ae72646f233191e171c80073592bd1f14ad7fce7d40fca5f98ccf1926,SEPARATE_PROCESS_FALLBACK,formal_s044_low_050ps,ROBUST_GEAR,1,0,False,0,False,False,176.45587865298148,126208,jobs/v7/d3_noise_plus_mismatch_mc200/formal_s044_low_050ps.spice,logs/v7/d3_noise_plus_mismatch_mc200/formal_s044_low_050ps.log,False,,,
D3_NOISE_PLUS_MISMATCH_MC200,TT_3P3_27C,44,100044,NEAR_NYQUIST,64,29,906250.0,0.7853981633974483,3.0,0.05,6388.311112903748,0.26775437603735175,0.03734365771305034,0.3050980337504021,0.026732332745905415,-1.0460431560688688,79.92691106819872,113.03372163123488,43.77649480825526,43.20946649492953,6.885293437695936,53.783491999813016,-52.331692045704365,-57.94305903229646,-63.01822167980127,13,406250.0,-59.136175605914005,3.90625,325.4977031250006,325.50300000000004,0,0,0,0,0,64,False,False,False,VALID_FAIL,VALID_FAIL,6/12/17/23,23656.21875,23656.21875,0.0,True,bd8f468dc79eb35b437943275f6634b635ba84c01b70b7d2934421b2aa0f3227,cd3cd754ce17c573a473c44a29d2bbcbbe71eac6db0725a8c9a7da0d4b29bfe7,True,d4b3aad41eccd89c4475286dbdc2766f1148a16120b728cb0c35b9afe14cef31,SEPARATE_PROCESS_FALLBACK,formal_s044_near_nyquist_050ps,ROBUST_GEAR,1,0,False,0,False,False,379.82901220209897,126800,jobs/v7/d3_noise_plus_mismatch_mc200/formal_s044_near_nyquist_050ps.spice,logs/v7/d3_noise_plus_mismatch_mc200/formal_s044_near_nyquist_050ps.log,False,,,
D3_NOISE_PLUS_MISMATCH_MC200,TT_3P3_27C,48,100048,LOW,64,7,218750.0,0.7853981633974483,3.0,0.05,6394.476470143684,0.09241011416764151,0.02096349214807325,0.11337360631571476,0.01502211863786061,-1.0418538025049466,79.96547048660243,113.08825288369862,48.40085486833842,47.512930322397004,7.600154538604154,56.29073806107448,-54.843413634860134,-60.43152431344137,-68.39024520405177,17,531250.0,-63.75634631243324,0.0625,325.49973437500057,325.5099999999999,0,0,0,0,0,64,True,True,False,VALID_PASS,VALID_PASS,14/21/28/29,22666.78125,22666.78125,0.0,True,f1c4000f5809feac7dfc786f8991c9ca428ae080ded34b3a3ffa4cdb2513686b,6e55a70b5b3b26cd4a17f8533697db354649601a8e3f05874af608ddef5dea06,True,9ca8c09bb9758ba46a02759bedc5888d962ab74cc6275380c77a8c96f30de8cc,SEPARATE_PROCESS_FALLBACK,formal_s048_low_050ps,ROBUST_GEAR,1,0,False,0,False,False,338.14250472397543,126452,jobs/v7/d3_noise_plus_mismatch_mc200/formal_s048_low_050ps.spice,logs/v7/d3_noise_plus_mismatch_mc200/formal_s048_low_050ps.log,False,,,
D3_NOISE_PLUS_MISMATCH_MC200,TT_3P3_27C,48,100048,NEAR_NYQUIST,64,29,906250.0,0.7853981633974483,3.0,0.05,6395.416166808058,0.06868446353173785,0.011242478412503304,0.07992694194424116,0.009149923496701004,-1.0412156344009307,79.97134591094525,113.09656198848892,49.690102999485255,49.03175613531904,7.8524511852689445,58.444513475278406,-57.55006748115369,-64.27125495156793,-62.75215007168847,25,781250.0,-65.04495627547607,0.0625,325.4985625000006,325.51000000000033,0,0,0,0,0,64,True,True,True,VALID_PASS,VALID_PASS,6/12/17/23,22667.6875,22667.687500000004,1.604918369856525e-16,True,f1c4000f5809feac7dfc786f8991c9ca428ae080ded34b3a3ffa4cdb2513686b,6e55a70b5b3b26cd4a17f8533697db354649601a8e3f05874af608ddef5dea06,True,5c2d8d890f87982fa73666714eadaa63bfef2011e0956f85e5c87e5449c2a9dc,SEPARATE_PROCESS_FALLBACK,formal_s048_near_nyquist_050ps,ROBUST_GEAR,1,0,False,0,False,False,304.83769969199784,126712,jobs/v7/d3_noise_plus_mismatch_mc200/formal_s048_near_nyquist_050ps.spice,logs/v7/d3_noise_plus_mismatch_mc200/formal_s048_near_nyquist_050ps.log,False,,,
D3_NOISE_PLUS_MISMATCH_MC200,TT_3P3_27C,64,100064,LOW,64,7,218750.0,0.7853981633974483,3.0,0.05,6405.682162861205,0.07848633313389175,0.016694555659065774,0.09518088879295752,0.0261110777423205,-1.034249878372637,80.03550563881761,113.18729754580419,49.117713466345556,48.28015630143365,7.727600714523863,53.89740588214879,-55.83990521641059,-63.91077054152154,-60.21406359179454,1,31250.0,-64.46560098630806,0.4375,325.49912500000056,325.51000000000033,0,0,0,0,0,64,True,True,True,VALID_PASS,VALID_PASS,14/21/28/29,22773.78125,22773.78125,0.0,True,0c30cd3894fef4e3a7b341619c0f31369d0732ff60b0cf30b51e241b2dd93aef,46dde5592717647ed8530f07c7676a1ce7f0b42656da8a64a52e6c419d9ac233,True,13fa6ee36daa917d393651c470fed02371111d9952555461188732158fd8e07a,SEPARATE_PROCESS_FALLBACK,formal_s064_low_050ps,ROBUST_GEAR,1,0,False,0,False,False,314.62263163295574,126844,jobs/v7/d3_noise_plus_mismatch_mc200/formal_s064_low_050ps.spice,logs/v7/d3_noise_plus_mismatch_mc200/formal_s064_low_050ps.log,False,,,
D3_NOISE_PLUS_MISMATCH_MC200,TT_3P3_27C,64,100064,NEAR_NYQUIST,64,29,906250.0,0.7853981633974483,3.0,0.05,6395.886692969226,0.10787340939649792,0.02276760575346039,0.13064101514995832,0.015419457934647664,-1.0408961252505047,79.97428769904253,113.10072230511373,47.72986356293159,46.8982121491079,7.498041885233871,56.178316548298355,-54.48583398839936,-58.87374436865653,-62.78163667273199,2,62500.0,-63.08439732977196,0.328125,325.4989531250006,325.51000000000033,0,0,0,0,0,64,False,False,False,VALID_FAIL,VALID_FAIL,6/12/17/23,22736.046875,22736.046875,0.0,True,0c30cd3894fef4e3a7b341619c0f31369d0732ff60b0cf30b51e241b2dd93aef,46dde5592717647ed8530f07c7676a1ce7f0b42656da8a64a52e6c419d9ac233,True,fd0e80d394262ece5de6ddcba52fce8cd4b6554fa3212da8bb81d53cc91a7572,SEPARATE_PROCESS_FALLBACK,formal_s064_near_nyquist_050ps,ROBUST_GEAR,1,0,False,0,False,False,266.5481340669794,126948,jobs/v7/d3_noise_plus_mismatch_mc200/formal_s064_near_nyquist_050ps.spice,logs/v7/d3_noise_plus_mismatch_mc200/formal_s064_near_nyquist_050ps.log,False,,,
D3_NOISE_PLUS_MISMATCH_MC200,TT_3P3_27C,115,100115,LOW,64,7,218750.0,0.7853981633974483,3.0,0.05,6389.103524044077,0.0679042401768267,0.02290765324551215,0.09081189342233885,0.016192460017460355,-1.0455044871818318,79.93186801297763,113.04073180976914,49.73543031173268,48.47297194374168,7.759629890986991,55.96127091793612,-54.454593246077266,-64.90228107242342,-69.05038866464426,28,875000.0,-65.09457244050438,-1.65625,325.5000156250006,325.51000000000073,0,0,0,0,0,64,True,True,True,VALID_PASS,VALID_PASS,14/21/28/29,22225.84375,22225.84375,0.0,True,23b08a3e51d90b2fc55d29aacec96cb68415af7f9e9caa0521cb8ccc6f24b8c9,0f3028b8b4b4b7647db4664719e2dd5c2a38909837ff03f6e5bf56f5dec419ab,True,b101f464802c252a888c07254c1e712b04e837ec5acff5ad15e668d7272da5e9,SEPARATE_PROCESS_FALLBACK,formal_s115_low_050ps,ROBUST_GEAR,1,0,False,0,False,False,170.92578819405753,126780,jobs/v7/d3_noise_plus_mismatch_mc200/formal_s115_low_050ps.spice,logs/v7/d3_noise_plus_mismatch_mc200/formal_s115_low_050ps.log,False,,,
D3_NOISE_PLUS_MISMATCH_MC200,TT_3P3_27C,115,100115,NEAR_NYQUIST,64,29,906250.0,0.7853981633974483,3.0,0.05,6399.5592893351,0.10877500034409616,0.019435664556577005,0.12821066490067318,0.014764730856830163,-1.0384030689209902,79.99724551092432,113.13318955403936,47.69620973645277,46.982259145400064,7.512003180299015,56.36924532273278,-55.175506720901595,-66.39227799390481,-58.363416731259434,14,437500.0,-63.048250446963635,-1.75,325.4983906250006,325.51000000000073,0,0,0,0,0,64,True,False,False,VALID_PASS,VALID_PASS,6/12/17/23,22212.75,22212.75,0.0,True,23b08a3e51d90b2fc55d29aacec96cb68415af7f9e9caa0521cb8ccc6f24b8c9,0f3028b8b4b4b7647db4664719e2dd5c2a38909837ff03f6e5bf56f5dec419ab,True,f03435ad03d21427a08a4af190aeafedf2500990d18fe7a810c98a980075da48,SEPARATE_PROCESS_FALLBACK,formal_s115_near_nyquist_050ps,ROBUST_GEAR,1,0,False,0,False,False,271.49998145201243,126660,jobs/v7/d3_noise_plus_mismatch_mc200/formal_s115_near_nyquist_050ps.spice,logs/v7/d3_noise_plus_mismatch_mc200/formal_s115_near_nyquist_050ps.log,False,,,
D3_NOISE_PLUS_MISMATCH_MC200,TT_3P3_27C,129,100129,LOW,64,7,218750.0,0.7853981633974483,3.0,0.05,6400.329023138876,0.0752812163194994,0.01927962917885155,0.09456084549835095,0.009845903650717741,-1.0378807344509442,80.00205636818892,113.1399931336296,49.29515673053922,48.304909537123606,7.731712547694952,58.12946718858686,-55.211036239308285,-58.95366712007324,-70.665304739521,28,875000.0,-64.64667510658005,-1.328125,325.4995156250006,325.51000000000033,0,0,0,0,0,64,True,True,True,VALID_PASS,VALID_PASS,14/21/28/29,22319.765625,22319.765625,0.0,True,bc93317454d7edd7f67964405cc64aec6c2c3eb1e8ad1a9ca9b0e02085d42497,4f8a901e47b815785f63d5521068f4e1749966e51c6ff7fedcedf0b569c708ff,True,2a6a0565da5f7b8b3641c1355e9c8e16a0339b3dd4b4b666fed61d24d915f148,SEPARATE_PROCESS_FALLBACK,formal_s129_low_050ps,ROBUST_GEAR,1,0,False,0,False,False,436.3226499139564,126868,jobs/v7/d3_noise_plus_mismatch_mc200/formal_s129_low_050ps.spice,logs/v7/d3_noise_plus_mismatch_mc200/formal_s129_low_050ps.log,False,,,
D3_NOISE_PLUS_MISMATCH_MC200,TT_3P3_27C,129,100129,NEAR_NYQUIST,64,29,906250.0,0.7853981633974483,3.0,0.05,6390.695011786977,0.13455012630122537,0.02883652422140197,0.16338665052262735,0.015494364245661989,-1.0444228201330228,79.94182266990775,113.0548098206085,46.76663982093628,45.92331522170545,7.336098874037451,56.15374330601028,-53.45605179866432,-68.97660056474848,-59.374669934794326,12,375000.0,-62.12470028265916,-1.28125,325.49859375000057,325.5099999999999,0,0,0,0,0,64,False,False,False,VALID_FAIL,VALID_FAIL,6/12/17/23,22322.03125,22322.03125,0.0,True,bc93317454d7edd7f67964405cc64aec6c2c3eb1e8ad1a9ca9b0e02085d42497,4f8a901e47b815785f63d5521068f4e1749966e51c6ff7fedcedf0b569c708ff,True,30c24c177ec8c9d3b1621b32b39d1a325c9b5e45aacbe7e6374789ac9854c6a8,SEPARATE_PROCESS_FALLBACK,formal_s129_near_nyquist_050ps,ROBUST_GEAR,1,0,False,0,False,False,126.93110261496622,127004,jobs/v7/d3_noise_plus_mismatch_mc200/formal_s129_near_nyquist_050ps.spice,logs/v7/d3_noise_plus_mismatch_mc200/formal_s129_near_nyquist_050ps.log,False,,,
D3_NOISE_PLUS_MISMATCH_MC200,TT_3P3_27C,166,100166,LOW,64,7,218750.0,0.7853981633974483,3.0,0.05,6392.626138566898,0.1089108855935502,0.02178648500627569,0.1306973705998259,0.022235854973466276,-1.0431106764406437,79.95390008352875,113.07188986274969,47.686080167704816,46.89412455801114,7.497362883390556,54.58625473408496,-54.6749213865277,-59.379767928888484,-58.11849120235705,30,937500.0,-63.04282848573534,-3.84375,325.4995312500006,325.51000000000073,0,0,0,0,0,64,False,False,False,VALID_FAIL,VALID_FAIL,14/21/28/29,21683.625,21683.625,0.0,True,df8cd1971c2f5a2892b52291382991da8a035f115d253e7f4c1d84a70aa6463b,126ce0858d19110a16d05b2929d89acd3164aaf0fe26cb7f16b5702d35a97c39,True,9ae7c956894b7202af2b16962f3cd2253b710be48c6f12488cb587a869e3db6f,SEPARATE_PROCESS_FALLBACK,formal_s166_low_050ps,ROBUST_GEAR,1,0,False,0,False,False,230.1919217169052,127024,jobs/v7/d3_noise_plus_mismatch_mc200/formal_s166_low_050ps.spice,logs/v7/d3_noise_plus_mismatch_mc200/formal_s166_low_050ps.log,False,,,
D3_NOISE_PLUS_MISMATCH_MC200,TT_3P3_27C,166,100166,NEAR_NYQUIST,64,29,906250.0,0.7853981633974483,3.0,0.05,6393.331818006914,0.0835541588912012,0.010164943568439097,0.0937191024596403,0.011962890625,-1.0426312869601784,79.95831300125656,113.07813067085,48.83759173493357,48.338991244386776,7.737373960861592,57.278911131192096,-57.98622273222471,-59.66697752672118,-65.70358268013736,32,1000000.0,-64.19386066348362,-3.890625,325.4983750000006,325.5040000000001,0,0,0,0,0,64,True,True,True,VALID_PASS,VALID_PASS,6/12/17/23,21672.703125,21672.703125,0.0,True,df8cd1971c2f5a2892b52291382991da8a035f115d253e7f4c1d84a70aa6463b,126ce0858d19110a16d05b2929d89acd3164aaf0fe26cb7f16b5702d35a97c39,True,88db0aeade3a06eaf11c0f9b3e9260d105779d682814afbcc7a316d7c722948c,SEPARATE_PROCESS_FALLBACK,formal_s166_near_nyquist_050ps,ROBUST_GEAR,1,0,False,0,False,False,138.2087184350239,127036,jobs/v7/d3_noise_plus_mismatch_mc200/formal_s166_near_nyquist_050ps.spice,logs/v7/d3_noise_plus_mismatch_mc200/formal_s166_near_nyquist_050ps.log,False,,,
D3_NOISE_PLUS_MISMATCH_MC200,TT_3P3_27C,170,100170,LOW,64,7,218750.0,0.7853981633974483,3.0,0.05,6390.729826745195,0.10795897130081551,0.021589283503485445,0.12954825480430096,0.02230593590362373,-1.0443991608862133,79.94204042145282,113.05511776779674,47.72291720106903,46.93118890978563,7.503519752456086,54.57130007871568,-54.71312228405686,-65.97237969636103,-58.30769735836168,1,31250.0,-63.080954003545116,2.125,325.5004843750006,325.51000000000073,0,0,0,0,0,64,True,False,False,VALID_PASS,VALID_PASS,14/21/28/29,23193.5,23193.5,0.0,True,296a356a124d99955e85dfec28be73496b7e943136de5b3eafdc47adb7542092,10b9ddb348de670e267105b19ca927804e5225a57895b4877028f6e1a01fe6af,True,43041c9a10ccb3b4a31f50024aa7087d7d40a14ed94fc56ae90db598bbe25baa,SEPARATE_PROCESS_FALLBACK,formal_s170_low_050ps,ROBUST_GEAR,1,0,False,0,False,False,155.23080295405816,126724,jobs/v7/d3_noise_plus_mismatch_mc200/formal_s170_low_050ps.spice,logs/v7/d3_noise_plus_mismatch_mc200/formal_s170_low_050ps.log,False,,,
D3_NOISE_PLUS_MISMATCH_MC200,TT_3P3_27C,170,100170,NEAR_NYQUIST,64,29,906250.0,0.7853981633974483,3.0,0.05,6397.598946319068,0.08921762888277962,0.018623161426348973,0.10784079030912859,0.01507319990568453,-1.039733623948102,79.98499200674505,113.11586048224244,48.55566334570723,47.732339495596094,7.636601245115631,56.27811552540091,-55.35963603714788,-69.61337516610365,-57.47774732092536,7,218750.0,-63.909034611245204,2.109375,325.49775000000056,325.5099999999999,0,0,0,0,0,64,True,True,False,VALID_PASS,VALID_PASS,6/12/17/23,23196.296875,23196.296875000004,1.568344648585945e-16,True,296a356a124d99955e85dfec28be73496b7e943136de5b3eafdc47adb7542092,10b9ddb348de670e267105b19ca927804e5225a57895b4877028f6e1a01fe6af,True,ad639580bc8c431effb8de0b42aada39b25e3c82914dd4d60caccd183db84983,SEPARATE_PROCESS_FALLBACK,formal_s170_near_nyquist_050ps,ROBUST_GEAR,1,0,False,0,False,False,53.074413752998225,126872,jobs/v7/d3_noise_plus_mismatch_mc200/formal_s170_near_nyquist_050ps.spice,logs/v7/d3_noise_plus_mismatch_mc200/formal_s170_near_nyquist_050ps.log,False,,,
D3_NOISE_PLUS_MISMATCH_MC200,TT_3P3_27C,183,100183,LOW,64,7,218750.0,0.7853981633974483,3.0,0.05,6383.700458355171,0.10801906650852588,0.019403437696022225,0.12742250420454812,0.013285224119340605,-1.0491787340539336,79.89806291991798,112.99292418868689,47.71572080644709,46.99826364553228,7.514661735138254,56.81703615192707,-55.171938200171226,-67.06559380944607,-60.79476664097128,20,625000.0,-63.07853718209089,-0.515625,325.50037500000064,325.51000000000073,0,0,0,0,0,64,True,False,False,VALID_PASS,VALID_PASS,14/21/28/29,22508.859375,22508.859375,0.0,True,4b39000f9c3368ce179273d9729469df2b089aabbf159c593460994308c25844,41bb2f707e21b5f5047456575677bbfb5872a0918072a4ed8f5051f404ca0e3f,True,c339e3eddbee538c0f7ba9d22a775cb4220c569e1bd2ebdb8b588acd0bd3cf48,SEPARATE_PROCESS_FALLBACK,formal_s183_low_050ps,ROBUST_GEAR,1,0,False,0,False,False,141.76840262697078,126932,jobs/v7/d3_noise_plus_mismatch_mc200/formal_s183_low_050ps.spice,logs/v7/d3_noise_plus_mismatch_mc200/formal_s183_low_050ps.log,False,,,
D3_NOISE_PLUS_MISMATCH_MC200,TT_3P3_27C,183,100183,NEAR_NYQUIST,64,29,906250.0,0.7853981633974483,3.0,0.05,6393.931594594795,0.1971020777396535,0.04317832746535439,0.24028040520500787,0.029149650786052243,-1.0422238821007057,79.96206347134118,113.08343463650894,45.110767832732606,44.250496300027365,7.058221976748732,53.41134629404447,-51.705021699612324,-61.75104373860805,-56.41583517760581,8,250000.0,-60.46662935642318,-0.625,325.4992187500005,325.51000000000033,0,0,0,0,0,64,False,False,False,VALID_FAIL,VALID_FAIL,6/12/17/23,22491.4375,22491.4375,0.0,True,4b39000f9c3368ce179273d9729469df2b089aabbf159c593460994308c25844,41bb2f707e21b5f5047456575677bbfb5872a0918072a4ed8f5051f404ca0e3f,True,bf15be4ce5d21cfdd74c70834eba5cb3b51dc2b0e1744c6983bd78af8a0b7d30,SEPARATE_PROCESS_FALLBACK,formal_s183_near_nyquist_050ps,ROBUST_GEAR,1,0,False,0,False,False,52.87455797905568,126880,jobs/v7/d3_noise_plus_mismatch_mc200/formal_s183_near_nyquist_050ps.spice,logs/v7/d3_noise_plus_mismatch_mc200/formal_s183_near_nyquist_050ps.log,False,,,
