target_transition,lower_v,transition_v,upper_v,inl_ep_lsb
1,-1.7045654296875001,-1.704461669921875,-1.7043579101562503,0.0
2,-1.6913556677149977,-1.6912778478907788,-1.6912000280665602,-0.005868038442572507
3,-1.67762710691437,-1.6775492870901512,-1.6774714672659325,0.02934019221292951
4,-1.6649880236528052,-1.6649102038285863,-1.6648323840043677,-0.017604115327734263
5,-1.6512594628521777,-1.6511816430279591,-1.6511038232037403,0.017604115327734263
6,-1.6379978209968629,-1.637920001172644,-1.6378421813484252,0.017604115327751007
7,-1.6244248998446726,-1.624347080020454,-1.6242692601962352,0.04107626909807452
8,-1.6125640148252955,-1.6124861950010767,-1.6124083751768579,-0.06454842286841478
9,-1.598524174727793,-1.5984463549035741,-1.5983685350793555,-0.005868038442572507
10,-1.5852625328724779,-1.585184713048259,-1.5851068932240404,-0.005868038442572507
11,-1.5715339720718506,-1.5714561522476318,-1.571378332423413,0.029340192212912765
12,-1.5588948888102854,-1.5588170689860665,-1.558739249161848,-0.017604115327734263
13,-1.5451663280096581,-1.5450885081854393,-1.5450106883612205,0.017604115327751007
14,-1.531904686154343,-1.5318268663301242,-1.5317490465059054,0.017604115327751007
15,-1.518331765002153,-1.5182539451779342,-1.5181761253537156,0.04107626909809126
16,-1.5080272764671505,-1.507949456642932,-1.507871636818713,-0.18190919172006584
17,-1.4925866795337108,-1.492508859709492,-1.4924310398852731,-0.017604115327751007
18,-1.4793250376783957,-1.479247217854177,-1.4791693980299583,-0.017604115327734263
19,-1.4655964768777683,-1.4655186570535497,-1.4654408372293308,0.017604115327734263
20,-1.4529573936162035,-1.4528795737919848,-1.452801753967766,-0.02934019221292951
21,-1.439228832815576,-1.4391510129913572,-1.4390731931671386,0.005868038442589251
22,-1.425967190960261,-1.425889371136042,-1.4258115513118235,0.005868038442589251
23,-1.4122386301596332,-1.4121608103354144,-1.4120829905111958,0.04107626909809126
24,-1.4005333847886934,-1.4004555649644748,-1.400377745140256,-0.07628449975357654
25,-1.386493544691191,-1.3864157248669722,-1.3863379050427536,-0.017604115327734263
26,-1.373231902835876,-1.373154083011657,-1.3730762631874385,-0.017604115327734263
27,-1.3595033420352487,-1.3594255222110299,-1.359347702386811,0.017604115327751007
28,-1.3468642587736839,-1.346786438949465,-1.3467086191252462,-0.029340192212912765
29,-1.3331356979730562,-1.3330578781488374,-1.3329800583246187,0.005868038442589251
30,-1.3198740561177411,-1.3197962362935223,-1.3197184164693037,0.005868038442589251
31,-1.3061454953171137,-1.306067675492895,-1.3059898556686762,0.04107626909807452
32,-1.2992650790477365,-1.2991872592235176,-1.2991094393992988,-0.44010288319369145
33,-1.2797778512549214,-1.2797000314307025,-1.2796222116064837,0.029340192212912765
34,-1.2665162093996063,-1.2664383895753875,-1.2663605697511688,0.02934019221292951
35,-1.252787648598979,-1.2527098287747602,-1.2526320089505414,0.06454842286841478
36,-1.240148565337414,-1.2400707455131954,-1.2399929256889766,0.017604115327734263
37,-1.2264200045367863,-1.2263421847125677,-1.226264364888349,0.05281234598323628
38,-1.2131583626814715,-1.2130805428572526,-1.213002723033034,0.052812345983253024
39,-1.1995854415292815,-1.1995076217050626,-1.199429801880844,0.07628449975359328
40,-1.1877245565099042,-1.1876467366856853,-1.1875689168614665,-0.029340192212912765
41,-1.1736847164124016,-1.1736068965881827,-1.1735290767639641,0.02934019221292951
42,-1.160423074557087,-1.160345254732868,-1.1602674349086493,0.029340192212912765
43,-1.1466945137564593,-1.1466166939322404,-1.1465388741080216,0.06454842286841478
44,-1.1340554304948942,-1.1339776106706756,-1.1338997908464568,0.017604115327734263
45,-1.1204825093427042,-1.1204046895184856,-1.1203268696942668,0.04107626909807452
46,-1.1072208674873893,-1.1071430476631705,-1.107065227838952,0.04107626909809126
47,-1.0934923066867617,-1.0934144868625428,-1.0933366670383242,0.07628449975359328
48,-1.0831878181517594,-1.0831099983275405,-1.083032178503322,-0.14670096106454708
49,-1.0677472212183197,-1.067669401394101,-1.0675915815698822,0.017604115327734263
50,-1.0544855793630046,-1.054407759538786,-1.0543299397145671,0.017604115327734263
51,-1.040757018562377,-1.0406791987381583,-1.0406013789139394,0.05281234598323628
52,-1.028117935300812,-1.0280401154765935,-1.0279622956523746,0.005868038442572507
53,-1.0143893745001846,-1.0143115546759658,-1.0142337348517472,0.04107626909809126
54,-1.0011277326448695,-1.0010499128206507,-1.000972092996432,0.04107626909809126
55,-0.9873991718442423,-0.9873213520200236,-0.9872435321958049,0.07628449975356817
56,-0.9756939264733022,-0.9756161066490835,-0.9755382868248648,-0.04107626909807452
57,-0.9616540863757999,-0.961576266551581,-0.9614984467273623,0.017604115327751007
58,-0.9483924445204848,-0.948314624696266,-0.9482368048720473,0.017604115327751007
59,-0.9346638837198573,-0.9345860638956386,-0.9345082440714199,0.05281234598324465
60,-0.9220248004582924,-0.9219469806340737,-0.9218691608098548,0.005868038442580879
61,-0.9082962396576648,-0.9082184198334461,-0.9081406000092274,0.041076269098082895
62,-0.89503459780235,-0.8949567779781312,-0.8948789581539125,0.041076269098082895
63,-0.8876872625876602,-0.8876094427634413,-0.8875316229392226,-0.40489465253819784
64,-0.8876549908495326,-0.8875512310839075,-0.8874474713182826,-1.4005051749630326
65,-0.8547827532910927,-0.8547049334668739,-0.8546271136426551,0.07628449975356817
66,-0.8415211114357777,-0.841443291611559,-0.8413654717873402,0.07628449975356817
67,-0.8279481902835877,-0.827870370459369,-0.8277925506351502,0.09975665352390005
68,-0.8151534673735852,-0.8150756475493665,-0.8149978277251477,0.06454842286840641
69,-0.8015805462213954,-0.8015027263971766,-0.8014249065729578,0.0880205766387383
70,-0.7883189043660803,-0.7882410845418616,-0.7881632647176429,0.0880205766387383
71,-0.7745903435654529,-0.7745125237412341,-0.7744347039170154,0.12322880729423194
72,-0.7627294585460753,-0.7626516387218566,-0.7625738188976379,0.017604115327751007
73,-0.7488452580970104,-0.7487674382727917,-0.748689618448573,0.06454842286840641
74,-0.7355836162416955,-0.7355057964174767,-0.735427976593258,0.06454842286840641
75,-0.721855055441068,-0.7217772356168493,-0.7216994157926304,0.09975665352390005
76,-0.709215972179503,-0.7091381523552843,-0.7090603325310656,0.05281234598324465
77,-0.6954874113788756,-0.6954095915546568,-0.695331771730438,0.0880205766387383
78,-0.6822257695235607,-0.6821479496993419,-0.6820701298751232,0.0880205766387383
79,-0.6684972087229331,-0.6684193888987143,-0.6683415690744956,0.12322880729423194
80,-0.6583483598363682,-0.6582705400121495,-0.6581927201879307,-0.11149273040907018
81,-0.6427521232544908,-0.6426743034302721,-0.6425964836060534,0.06454842286840641
82,-0.6294904813991757,-0.629412661574957,-0.6293348417507383,0.06454842286840641
83,-0.615917560246986,-0.6158397404227671,-0.6157619205985484,0.0880205766387383
84,-0.6031228373369832,-0.6030450175127645,-0.6029671976885458,0.05281234598324465
85,-0.5895499161847935,-0.5894720963605747,-0.589394276536356,0.07628449975356817
86,-0.5762882743294784,-0.5762104545052597,-0.5761326346810409,0.07628449975356817
87,-0.5625597135288509,-0.5624818937046322,-0.5624040738804135,0.11149273040907018
88,-0.5506988285094736,-0.5506210086852549,-0.5505431888610361,0.005868038442580879
89,-0.536658988411971,-0.5365811685877523,-0.5365033487635336,0.06454842286840641
90,-0.5233973465566562,-0.5233195267324374,-0.5232417069082187,0.06454842286840641
91,-0.5098244254044662,-0.5097466055802473,-0.5096687857560286,0.0880205766387383
92,-0.4970297024944637,-0.4969518826702449,-0.4968740628460262,0.05281234598324465
93,-0.48345678134227366,-0.48337896151805493,-0.48330114169383614,0.07628449975356817
94,-0.4701951394869588,-0.47011731966274006,-0.4700394998385213,0.07628449975356817
95,-0.4564665786863314,-0.4563887588621126,-0.4563109390378939,0.11149273040907018
96,-0.4495861624169538,-0.4495083425927351,-0.4494305227685163,-0.3696864218827042
97,-0.43009893462413895,-0.4300211147999202,-0.42994329497570144,0.09975665352390005
98,-0.41683729276882386,-0.41675947294460514,-0.41668165312038635,0.09975665352390005
99,-0.40310873196819647,-0.4030309121439777,-0.40295309231975895,0.13496488417940206
100,-0.3904696487066314,-0.39039182888241264,-0.3903140090581939,0.0880205766387383
101,-0.376741087906004,-0.3766632680817853,-0.3765854482575665,0.12322880729423194
102,-0.36347944605068916,-0.36340162622647043,-0.36332380640225165,0.12322880729423194
103,-0.34975088525006154,-0.34967306542584276,-0.349595245601624,0.15843703794973396
104,-0.33804563987912173,-0.337967820054903,-0.3378900002306842,0.04107626909807452
105,-0.32400579978161914,-0.3239279799574004,-0.32385016013318163,0.09975665352390005
106,-0.3107441579263043,-0.31066633810208555,-0.31058851827786677,0.09975665352390005
107,-0.29701559712567666,-0.2969377773014579,-0.29685995747723914,0.13496488417940206
108,-0.28437651386411184,-0.28429869403989305,-0.2842208742156743,0.0880205766387383
109,-0.27064795306348444,-0.2705701332392657,-0.2704923134150469,0.12322880729423194
110,-0.25738631120816935,-0.2573084913839506,-0.25723067155973184,0.12322880729423194
111,-0.24381339005597946,-0.2437355702317607,-0.24365775040754195,0.14670096106456593
112,-0.23350890152097692,-0.23343108169675816,-0.2333532618725394,-0.07628449975357444
113,-0.218068304587537,-0.21799048476331828,-0.21791266493909953,0.0880205766387383
114,-0.20480666273222192,-0.2047288429080032,-0.20465102308378444,0.0880205766387383
115,-0.19107810193159458,-0.19100028210737582,-0.19092246228315707,0.12322880729423404
116,-0.1784390186700297,-0.17836119884581095,-0.1782833790215922,0.07628449975357444
117,-0.16471045786940214,-0.16463263804518338,-0.16455481822096463,0.11149273040906808
118,-0.15144881601408727,-0.15137099618986852,-0.15129317636564976,0.11149273040906808
119,-0.13772025521345965,-0.1376424353892409,-0.13756461556502214,0.14670096106456593
120,-0.12601500984251982,-0.12593719001830106,-0.12585937019408233,0.029340192212912765
121,-0.11197516974501721,-0.11189734992079847,-0.11181953009657972,0.0880205766387383
122,-0.09871352788970235,-0.09863570806548361,-0.09855788824126485,0.0880205766387383
123,-0.08498496708907499,-0.08490714726485624,-0.0848293274406375,0.12322880729423404
124,-0.0723458838275099,-0.07226806400329114,-0.0721902441790724,0.07628449975357444
125,-0.05861732302688254,-0.05853950320266379,-0.05846168337844504,0.11149273040906861
126,-0.04535568117156745,-0.0452778613473487,-0.04520004152312995,0.11149273040906861
127,-0.03178276001937759,-0.031704940195158834,-0.031627120370940086,0.13496488417939892
128,-0.0203369140625,-0.020233154296875,-0.020129394531249997,0.0
129,-0.008994827871247637,-0.008917008047028887,-0.008839188222810136,-0.14670096106456396
130,0.004266813984067231,0.00434463380828598,0.004422453632504731,-0.14670096106456382
131,0.017995374784694818,0.018073194608913566,0.018151014433132318,-0.11149273040906861
132,0.03063445804625968,0.03071227787047843,0.03079009769469718,-0.15843703794972924
133,0.04436301884688727,0.04444083867110602,0.04451865849532477,-0.12322880729423351
134,0.05762466070220214,0.057702480526420886,0.057780300350639635,-0.12322880729423351
135,0.07135322150282972,0.07143104132704847,0.07150886115126721,-0.0880205766387383
136,0.08305846687376958,0.08313628669798834,0.08321410652220709,-0.20538134549038936
137,0.09709830697127196,0.0971761267954907,0.09725394661970946,-0.14670096106456382
138,0.11035994882658705,0.11043776865080579,0.11051558847502455,-0.14670096106456382
139,0.1240885096272144,0.12416632945143316,0.1242441492756519,-0.11149273040906808
140,0.13672759288877948,0.13680541271299823,0.13688323253721696,-0.15843703794972977
141,0.15045615368940685,0.1505339735136256,0.15061179333784436,-0.12322880729423404
142,0.16371779554472193,0.1637956153689407,0.16387343519315944,-0.12322880729423404
143,0.1774463563453493,0.17752417616956806,0.1776019959937868,-0.0880205766387383
144,0.1875952052319142,0.18767302505613295,0.1877508448803517,-0.3227421143420383
145,0.20303580216535425,0.203113621989573,0.20319144181379173,-0.15843703794972977
146,0.2162974440206691,0.21637526384488787,0.2164530836691066,-0.15843703794972977
147,0.2300260048212967,0.23010382464551546,0.23018164446973421,-0.12322880729423404
148,0.24282072773129906,0.24289854755551782,0.24297636737973655,-0.15843703794972977
149,0.25639364888348914,0.2564714687077079,0.25654928853192666,-0.13496488417940206
150,0.269655290738804,0.26973311056302274,0.2698109303872415,-0.13496488417940206
151,0.2833838515394314,0.2834616713636502,0.2835394911878689,-0.09975665352390005
152,0.2950890969103715,0.2951669167345903,0.295244736558809,-0.21711742237555112
153,0.309128937007874,0.30920675683209276,0.30928457665631154,-0.15843703794973396
154,0.32239057886318867,0.3224683986874074,0.3225462185116262,-0.15843703794973396
155,0.3361191396638163,0.3361969594880351,0.3362747793122538,-0.12322880729423194
156,0.3487582229253814,0.3488360427496001,0.34891386257381884,-0.17017311483489572
157,0.36248678372600895,0.3625646035502277,0.36264242337444647,-0.13496488417940206
158,0.3757484255813236,0.3758262454055423,0.3759040652297611,-0.13496488417940206
159,0.3894769863819512,0.38955480620617,0.38963262603038873,-0.09975665352390005
160,0.39620176300289134,0.39627958282711007,0.3963574026513288,-0.5926718827008362
161,0.41584463044414344,0.41592245026836216,0.41600027009258095,-0.11149273040907018
162,0.4291062722994585,0.42918409212367725,0.42926191194789604,-0.11149273040907018
163,0.44283483310008614,0.44291265292430493,0.44299047274852366,-0.07628449975356817
164,0.4554739163616512,0.45555173618586997,0.4556295560100887,-0.12322880729423194
165,0.46920247716227836,0.4692802969864971,0.4693581168107159,-0.0880205766387383
166,0.48246411901759345,0.4825419388418122,0.48261975866603096,-0.0880205766387383
167,0.49603704016978356,0.4961148599940023,0.496192679818221,-0.06454842286840641
168,0.5078979251891607,0.5079757450133795,0.5080535648375982,-0.17017311483488734
169,0.5219377652866632,0.522015585110882,0.5220934049351007,-0.11149273040907018
170,0.5351994071419783,0.5352772269661971,0.5353550467904158,-0.11149273040907018
171,0.5487723282941684,0.5488501481183872,0.548927967942606,-0.0880205766387383
172,0.5615670512041706,0.5616448710283893,0.5617226908526081,-0.12322880729423194
173,0.5751399723563606,0.5752177921805794,0.5752956120047982,-0.09975665352390005
174,0.5884016142116757,0.5884794340358945,0.5885572538601133,-0.09975665352390005
175,0.6021301750123029,0.6022079948365217,0.6022858146607404,-0.06454842286840641
176,0.6122790238988679,0.6123568437230866,0.6124346635473055,-0.2992699605717169
177,0.6278752604807456,0.6279530803049643,0.6280309001291831,-0.12322880729423194
178,0.6411369023360607,0.6412147221602794,0.6412925419844981,-0.12322880729423194
179,0.6548654631366878,0.6549432829609065,0.6550211027851254,-0.0880205766387383
180,0.667504546398253,0.6675823662224717,0.6676601860466904,-0.1349648841793937
181,0.6812331071988804,0.6813109270230993,0.681388746847318,-0.09975665352390005
182,0.6944947490541951,0.6945725688784139,0.6946503887026326,-0.09975665352390005
183,0.7080676702063853,0.708145490030604,0.7082233098548227,-0.07628449975356817
184,0.7199285552257628,0.7200063750499816,0.7200841948742003,-0.18190919172005746
185,0.7339683953232654,0.7340462151474841,0.7341240349717029,-0.12322880729423194
186,0.74723003717858,0.7473078570027988,0.7473856768270175,-0.12322880729423194
187,0.7609585979792076,0.7610364178034263,0.7611142376276452,-0.0880205766387383
188,0.7735976812407728,0.7736755010649915,0.7737533208892102,-0.1349648841793937
189,0.7873262420413998,0.7874040618656186,0.7874818816898373,-0.09975665352390005
190,0.8005878838967149,0.8006657037209337,0.8007435235451524,-0.09975665352390005
191,0.80762393981453,0.8077017596387487,0.8077795794629674,-0.5691997289305126
192,0.8075524517870325,0.8076562115526575,0.8077599713182825,-1.5726343026121274
193,0.8406840887595348,0.8407619085837535,0.8408397284079723,-0.07628449975356817
194,0.8539457306148499,0.8540235504390686,0.8541013702632874,-0.07628449975356817
195,0.8676742914154774,0.8677521112396961,0.8678299310639148,-0.041076269098082895
196,0.8803133746770421,0.8803911945012608,0.8804690143254796,-0.0880205766387383
197,0.8940419354776696,0.8941197553018884,0.8941975751261071,-0.05281234598324465
198,0.9073035773329847,0.9073813971572035,0.9074592169814222,-0.05281234598324465
199,0.9210321381336123,0.921109957957831,0.9211877777820499,-0.017604115327751007
200,0.932737383504552,0.9328152033287708,0.9328930231529895,-0.1349648841793937
201,0.9467772236020546,0.9468550434262734,0.9469328632504921,-0.07628449975356817
202,0.9600388654573697,0.9601166852815884,0.9601945051058072,-0.07628449975356817
203,0.9737674262579967,0.9738452460822155,0.9739230659064342,-0.041076269098082895
204,0.9864065095195619,0.9864843293437806,0.9865621491679994,-0.0880205766387383
205,1.0001350703201894,1.0002128901444083,1.000290709968627,-0.05281234598323628
206,1.0133967121755045,1.0134745319997234,1.013552351823942,-0.05281234598323628
207,1.0271252729761318,1.0272030928003506,1.0272809126245692,-0.017604115327734263
208,1.0372741218626969,1.0373519416869157,1.0374297615111343,-0.2523256530310364
209,1.0528703584445742,1.0529481782687928,1.0530259980930117,-0.07628449975359328
210,1.0661320002998889,1.0662098201241075,1.0662876399483263,-0.07628449975359328
211,1.079704921452079,1.079782741276298,1.0798605611005165,-0.05281234598323628
212,1.0924996443620816,1.0925774641863004,1.092655284010519,-0.0880205766387383
213,1.1060725655142716,1.1061503853384904,1.1062282051627093,-0.06454842286841478
214,1.1193342073695862,1.119412027193805,1.119489847018024,-0.06454842286841478
215,1.133062768170214,1.1331405879944327,1.1332184078186516,-0.029340192212912765
216,1.1449236531895917,1.1450014730138105,1.1450792928380291,-0.13496488417938532
217,1.1588078536386561,1.158885673462875,1.1589634932870936,-0.0880205766387383
218,1.1720694954939712,1.17214731531819,1.1722251351424087,-0.0880205766387383
219,1.185798056294599,1.1858758761188177,1.1859536959430363,-0.05281234598323628
220,1.1985927792046014,1.1986705990288202,1.1987484188530388,-0.0880205766387383
221,1.212165700356791,1.2122435201810098,1.2123213400052286,-0.06454842286841478
222,1.225427342212106,1.2255051620363249,1.2255829818605437,-0.06454842286841478
223,1.2391559030127337,1.2392337228369525,1.2393115426611714,-0.029340192212912765
224,1.246036319282111,1.2461141391063295,1.2461919589305483,-0.5105193445046955
225,1.265523547074926,1.2656013668991446,1.2656791867233634,-0.04107626909809126
226,1.278785188930241,1.2788630087544597,1.2789408285786785,-0.04107626909809126
227,1.2925137497308687,1.2925915695550874,1.2926693893793062,-0.005868038442589251
228,1.3051528329924333,1.3052306528166522,1.3053084726408708,-0.05281234598323628
229,1.318881393793061,1.3189592136172799,1.3190370334414985,-0.017604115327734263
230,1.332143035648376,1.332220855472595,1.3322986752968136,-0.017604115327734263
231,1.3458715964490031,1.3459494162732217,1.3460272360974406,0.017604115327734263
232,1.3575768418199432,1.3576546616441618,1.3577324814683807,-0.0997566535239168
233,1.3716166819174458,1.3716945017416644,1.3717723215658832,-0.04107626909809126
234,1.3848783237727609,1.3849561435969795,1.3850339634211983,-0.04107626909809126
235,1.398606884573388,1.3986847043976067,1.3987625242218256,-0.005868038442589251
236,1.4112459678349532,1.411323787659172,1.4114016074833906,-0.05281234598323628
237,1.4249745286355808,1.4250523484597997,1.4251301682840183,-0.017604115327734263
238,1.4382361704908955,1.4383139903151143,1.438391810139333,-0.017604115327734263
239,1.4518090916430855,1.4518869114673043,1.451964731291523,0.005868038442589251
240,1.462113580178088,1.4621914000023066,1.4622692198265255,-0.21711742237556786
241,1.4775541771115281,1.477631996935747,1.4777098167599656,-0.05281234598323628
242,1.4908158189668428,1.4908936387910616,1.4909714586152802,-0.05281234598323628
243,1.5045443797674705,1.5046221995916893,1.504700019415908,-0.017604115327734263
244,1.517339102677473,1.5174169225016918,1.5174947423259104,-0.05281234598323628
245,1.5309120238296625,1.5309898436538814,1.5310676634781002,-0.029340192212912765
246,1.5441736656849776,1.5442514855091964,1.5443293053334153,-0.029340192212912765
247,1.5579022264856053,1.5579800463098241,1.5580578661340427,0.005868038442589251
248,1.5697631115049828,1.5698409313292014,1.5699187511534203,-0.0997566535239168
249,1.5836473119540475,1.5837251317782663,1.583802951602485,-0.05281234598323628
250,1.5969089538093626,1.5969867736335814,1.5970645934578,-0.05281234598323628
251,1.6106375146099903,1.6107153344342091,1.6107931542584277,-0.017604115327734263
252,1.6232765978715546,1.6233544176957735,1.6234322375199923,-0.06454842286841478
253,1.6370051586721823,1.6370829784964012,1.63716079832062,-0.029340192212912765
254,1.6502668005274974,1.6503446203517163,1.650422440175935,-0.029340192212912765
255,1.6638916015625,1.663995361328125,1.66409912109375,0.0
