utc_started,job,variant,stage,points,frames,frames_per_point,maxstep_ps,elapsed_s,peak_rss_kb,returncode,cached,timed_out,simulation_aborted,retry
2026-07-28T06:38:37.550475+00:00,current_pilot_anchor_expand0_f2_sh000,CURRENT,pilot_anchor_expand0,6,12,2,50,12.338207863969728,43428,0,False,False,False,False
2026-07-28T06:38:49.955892+00:00,current_pilot_anchor_expand1_f2_sh000,CURRENT,pilot_anchor_expand1,6,12,2,50,12.037975504994392,43692,0,False,False,False,False
2026-07-28T06:39:02.046681+00:00,current_pilot_anchor_bis00_f2_sh000,CURRENT,pilot_anchor_bis00,3,6,2,50,6.219998580985703,32848,0,False,False,False,False
2026-07-28T06:39:08.322136+00:00,current_pilot_anchor_bis01_f2_sh000,CURRENT,pilot_anchor_bis01,3,6,2,50,6.01963739504572,32992,0,False,False,False,False
2026-07-28T06:39:14.388945+00:00,current_pilot_anchor_bis02_f2_sh000,CURRENT,pilot_anchor_bis02,3,6,2,50,6.421240529976785,32936,0,False,False,False,False
2026-07-28T06:39:20.872425+00:00,current_pilot_anchor_bis03_f2_sh000,CURRENT,pilot_anchor_bis03,3,6,2,50,6.322409336920828,32912,0,False,False,False,False
2026-07-28T06:39:27.265495+00:00,current_pilot_anchor_bis04_f2_sh000,CURRENT,pilot_anchor_bis04,3,6,2,50,6.418658543960191,32816,0,False,False,False,False
2026-07-28T06:39:33.739144+00:00,current_pilot_anchor_bis05_f2_sh000,CURRENT,pilot_anchor_bis05,3,6,2,50,6.120504920021631,33032,0,False,False,False,False
2026-07-28T06:39:39.910494+00:00,current_pilot_anchor_bis06_f2_sh000,CURRENT,pilot_anchor_bis06,3,6,2,50,5.919263795018196,32728,0,False,False,False,False
2026-07-28T06:39:45.881005+00:00,current_pilot_anchor_bis07_f2_sh000,CURRENT,pilot_anchor_bis07,3,6,2,50,6.21990242798347,33024,0,False,False,False,False
2026-07-28T06:39:52.153929+00:00,current_pilot_full_expand0_f2_sh001,CURRENT,pilot_full_expand0,26,52,2,50,56.29763001401443,114204,0,False,False,False,False
2026-07-28T06:39:52.153543+00:00,current_pilot_full_expand0_f2_sh000,CURRENT,pilot_full_expand0,32,64,2,50,69.13930777006317,135596,0,False,False,False,False
2026-07-28T06:41:01.336619+00:00,current_pilot_full_expand1_f2_sh000,CURRENT,pilot_full_expand1,4,8,2,50,8.626769184949808,36536,0,False,False,False,False
2026-07-28T06:41:10.017873+00:00,current_pilot_full_bis00_f2_sh000,CURRENT,pilot_full_bis00,29,58,2,50,61.48121147695929,124960,0,False,False,False,False
2026-07-28T06:42:11.546603+00:00,current_pilot_full_bis01_f2_sh000,CURRENT,pilot_full_bis01,29,58,2,50,61.28453443595208,124944,0,False,False,False,False
2026-07-28T06:43:12.880307+00:00,current_pilot_full_bis02_f2_sh000,CURRENT,pilot_full_bis02,29,58,2,50,60.38594043289777,125084,0,False,False,False,False
2026-07-28T06:44:13.312419+00:00,current_pilot_full_bis03_f2_sh000,CURRENT,pilot_full_bis03,29,58,2,50,58.56963133090176,125036,0,False,False,False,False
2026-07-28T06:45:11.924157+00:00,current_pilot_full_bis04_f2_sh000,CURRENT,pilot_full_bis04,29,58,2,50,64.7975112600252,124924,0,False,False,False,False
2026-07-28T06:46:16.760113+00:00,current_pilot_full_bis05_f2_sh000,CURRENT,pilot_full_bis05,29,58,2,50,61.383027381962165,124812,0,False,False,False,False
2026-07-28T06:47:18.195114+00:00,current_pilot_full_bis06_f2_sh000,CURRENT,pilot_full_bis06,29,58,2,50,61.59086281200871,124984,0,False,False,False,False
2026-07-28T06:48:19.849723+00:00,current_pilot_full_bis07_f2_sh000,CURRENT,pilot_full_bis07,2,4,2,50,4.214733496075496,28212,0,False,False,False,False
2026-07-28T06:48:24.391123+00:00,current_full_transition_expand0_f2_sh000,CURRENT,full_transition_expand0,32,64,2,50,67.43342177395243,135596,0,False,False,False,False
2026-07-28T06:48:24.391323+00:00,current_full_transition_expand0_f2_sh001,CURRENT,full_transition_expand0,32,64,2,50,68.33480753900949,135668,0,False,False,False,False
2026-07-28T06:49:31.863962+00:00,current_full_transition_expand0_f2_sh002,CURRENT,full_transition_expand0,32,64,2,50,69.53916876297444,135820,0,False,False,False,False
2026-07-28T06:49:32.768244+00:00,current_full_transition_expand0_f2_sh003,CURRENT,full_transition_expand0,32,64,2,50,70.93838856508955,135528,0,False,False,False,False
2026-07-28T06:50:43.745954+00:00,current_full_transition_expand0_f2_sh005,CURRENT,full_transition_expand0,32,64,2,50,69.53546692908276,135548,0,False,False,False,False
2026-07-28T06:50:41.438856+00:00,current_full_transition_expand0_f2_sh004,CURRENT,full_transition_expand0,32,64,2,50,72.44876653503161,135692,0,False,False,False,False
2026-07-28T06:51:53.323653+00:00,current_full_transition_expand0_f2_sh006,CURRENT,full_transition_expand0,32,64,2,50,69.22968836000655,135412,0,False,False,False,False
2026-07-28T06:51:53.922197+00:00,current_full_transition_expand0_f2_sh007,CURRENT,full_transition_expand0,32,64,2,50,69.3301814669976,135352,0,False,False,False,False
2026-07-28T06:53:03.290177+00:00,current_full_transition_expand0_f2_sh009,CURRENT,full_transition_expand0,32,64,2,50,68.2269487810554,135432,0,False,False,False,False
2026-07-28T06:53:02.587373+00:00,current_full_transition_expand0_f2_sh008,CURRENT,full_transition_expand0,32,64,2,50,69.73368356900755,135596,0,False,False,False,False
2026-07-28T06:54:12.358549+00:00,current_full_transition_expand0_f2_sh011,CURRENT,full_transition_expand0,32,64,2,50,69.13808956393041,135684,0,False,False,False,False
2026-07-28T06:54:11.557364+00:00,current_full_transition_expand0_f2_sh010,CURRENT,full_transition_expand0,32,64,2,50,70.94060554099269,135508,0,False,False,False,False
2026-07-28T06:55:22.531386+00:00,current_full_transition_expand0_f2_sh013,CURRENT,full_transition_expand0,30,60,2,50,65.1200344399549,128404,0,False,False,False,False
2026-07-28T06:55:21.528621+00:00,current_full_transition_expand0_f2_sh012,CURRENT,full_transition_expand0,32,64,2,50,70.33133524295408,135436,0,False,False,False,False
2026-07-28T06:56:31.911499+00:00,current_full_transition_bis00_f2_sh001,CURRENT,full_transition_bis00,32,64,2,50,70.63064801692963,135692,0,False,False,False,False
2026-07-28T06:56:31.911298+00:00,current_full_transition_bis00_f2_sh000,CURRENT,full_transition_bis00,32,64,2,50,70.83298329403624,135748,0,False,False,False,False
2026-07-28T06:57:42.581727+00:00,current_full_transition_bis00_f2_sh002,CURRENT,full_transition_bis00,32,64,2,50,68.72623482497875,135536,0,False,False,False,False
2026-07-28T06:57:42.781214+00:00,current_full_transition_bis00_f2_sh003,CURRENT,full_transition_bis00,32,64,2,50,68.7175630290294,135516,0,False,False,False,False
2026-07-28T06:58:51.339876+00:00,current_full_transition_bis00_f2_sh004,CURRENT,full_transition_bis00,32,64,2,50,67.61358337302227,135600,0,False,False,False,False
2026-07-28T06:58:51.540366+00:00,current_full_transition_bis00_f2_sh005,CURRENT,full_transition_bis00,32,64,2,50,69.92600658396259,135952,0,False,False,False,False
2026-07-28T06:59:58.995570+00:00,current_full_transition_bis00_f2_sh006,CURRENT,full_transition_bis00,31,62,2,50,64.89678257296328,132028,0,False,False,False,False
2026-07-28T07:01:03.954383+00:00,current_full_transition_bis01_f2_sh000,CURRENT,full_transition_bis01,32,64,2,50,69.22989151603542,135660,0,False,False,False,False
2026-07-28T07:01:03.954595+00:00,current_full_transition_bis01_f2_sh001,CURRENT,full_transition_bis01,32,64,2,50,69.72915867692791,135744,0,False,False,False,False
2026-07-28T07:02:13.217760+00:00,current_full_transition_bis01_f2_sh002,CURRENT,full_transition_bis01,32,64,2,50,69.8347350890981,135568,0,False,False,False,False
2026-07-28T07:02:13.718769+00:00,current_full_transition_bis01_f2_sh003,CURRENT,full_transition_bis01,32,64,2,50,70.33743634400889,135408,0,False,False,False,False
2026-07-28T07:03:23.105546+00:00,current_full_transition_bis01_f2_sh004,CURRENT,full_transition_bis01,32,64,2,50,67.73772731295321,135708,0,False,False,False,False
2026-07-28T07:03:24.112301+00:00,current_full_transition_bis01_f2_sh005,CURRENT,full_transition_bis01,32,64,2,50,69.13696750591043,135452,0,False,False,False,False
2026-07-28T07:04:30.872329+00:00,current_full_transition_bis01_f2_sh006,CURRENT,full_transition_bis01,31,62,2,50,65.59656362398528,131940,0,False,False,False,False
2026-07-28T07:05:36.517414+00:00,current_full_transition_bis02_f2_sh000,CURRENT,full_transition_bis02,32,64,2,50,69.32363598293159,135860,0,False,False,False,False
2026-07-28T07:05:36.517659+00:00,current_full_transition_bis02_f2_sh001,CURRENT,full_transition_bis02,32,64,2,50,69.62343676807359,135568,0,False,False,False,False
2026-07-28T07:06:45.878484+00:00,current_full_transition_bis02_f2_sh002,CURRENT,full_transition_bis02,32,64,2,50,69.62385817989707,135648,0,False,False,False,False
2026-07-28T07:06:46.181602+00:00,current_full_transition_bis02_f2_sh003,CURRENT,full_transition_bis02,32,64,2,50,70.72894417901989,135372,0,False,False,False,False
2026-07-28T07:07:55.544905+00:00,current_full_transition_bis02_f2_sh004,CURRENT,full_transition_bis02,32,64,2,50,67.02800812700298,135488,0,False,False,False,False
2026-07-28T07:07:56.949426+00:00,current_full_transition_bis02_f2_sh005,CURRENT,full_transition_bis02,32,64,2,50,68.33133250905667,135640,0,False,False,False,False
2026-07-28T07:09:02.605149+00:00,current_full_transition_bis02_f2_sh006,CURRENT,full_transition_bis02,31,62,2,50,57.27000092808157,132072,0,False,False,False,False
2026-07-28T07:09:59.915990+00:00,current_full_transition_bis03_f2_sh000,CURRENT,full_transition_bis03,32,64,2,50,63.12572922895197,135600,0,False,False,False,False
2026-07-28T07:09:59.916163+00:00,current_full_transition_bis03_f2_sh001,CURRENT,full_transition_bis03,32,64,2,50,63.424968044040725,135844,0,False,False,False,False
2026-07-28T07:11:03.073874+00:00,current_full_transition_bis03_f2_sh002,CURRENT,full_transition_bis03,32,64,2,50,64.6288910190342,135388,0,False,False,False,False
2026-07-28T07:11:03.375240+00:00,current_full_transition_bis03_f2_sh003,CURRENT,full_transition_bis03,32,64,2,50,64.32619619299658,135568,0,False,False,False,False
2026-07-28T07:12:07.734192+00:00,current_full_transition_bis03_f2_sh005,CURRENT,full_transition_bis03,32,64,2,50,65.32707063294947,135640,0,False,False,False,False
2026-07-28T07:12:07.733421+00:00,current_full_transition_bis03_f2_sh004,CURRENT,full_transition_bis03,32,64,2,50,65.52864202007186,135472,0,False,False,False,False
2026-07-28T07:13:13.102297+00:00,current_full_transition_bis03_f2_sh006,CURRENT,full_transition_bis03,31,62,2,50,57.27213047398254,131936,0,False,False,False,False
2026-07-28T07:14:10.413535+00:00,current_full_transition_bis04_f2_sh000,CURRENT,full_transition_bis04,32,64,2,50,63.11881397198886,135536,0,False,False,False,False
2026-07-28T07:14:10.413696+00:00,current_full_transition_bis04_f2_sh001,CURRENT,full_transition_bis04,32,64,2,50,65.52464461803902,135904,0,False,False,False,False
2026-07-28T07:15:13.560861+00:00,current_full_transition_bis04_f2_sh002,CURRENT,full_transition_bis04,32,64,2,50,62.91983028000686,135584,0,False,False,False,False
2026-07-28T07:15:15.968734+00:00,current_full_transition_bis04_f2_sh003,CURRENT,full_transition_bis04,32,64,2,50,63.61886769393459,135696,0,False,False,False,False
2026-07-28T07:16:16.514113+00:00,current_full_transition_bis04_f2_sh004,CURRENT,full_transition_bis04,32,64,2,50,64.99658139399253,135500,0,False,False,False,False
2026-07-28T07:16:19.623669+00:00,current_full_transition_bis04_f2_sh005,CURRENT,full_transition_bis04,32,64,2,50,66.49653703102376,135612,0,False,False,False,False
2026-07-28T07:17:21.543326+00:00,current_full_transition_bis04_f2_sh006,CURRENT,full_transition_bis04,31,62,2,50,58.17700154904742,132108,0,False,False,False,False
2026-07-28T07:18:19.783886+00:00,current_full_transition_bis05_f2_sh000,CURRENT,full_transition_bis05,32,64,2,50,63.62326889997348,135600,0,False,False,False,False
2026-07-28T07:18:19.784253+00:00,current_full_transition_bis05_f2_sh001,CURRENT,full_transition_bis05,32,64,2,50,63.821848755003884,135752,0,False,False,False,False
2026-07-28T07:19:23.452524+00:00,current_full_transition_bis05_f2_sh002,CURRENT,full_transition_bis05,32,64,2,50,63.824033205979504,135612,0,False,False,False,False
2026-07-28T07:19:23.652825+00:00,current_full_transition_bis05_f2_sh003,CURRENT,full_transition_bis05,32,64,2,50,64.82243714400101,135540,0,False,False,False,False
2026-07-28T07:20:27.311480+00:00,current_full_transition_bis05_f2_sh004,CURRENT,full_transition_bis05,32,64,2,50,64.51545341906603,135556,0,False,False,False,False
2026-07-28T07:20:28.512963+00:00,current_full_transition_bis05_f2_sh005,CURRENT,full_transition_bis05,32,64,2,50,64.00630605209153,135720,0,False,False,False,False
2026-07-28T07:21:31.859101+00:00,current_full_transition_bis05_f2_sh006,CURRENT,full_transition_bis05,31,62,2,50,57.27046128700022,132060,0,False,False,False,False
2026-07-28T07:22:29.172544+00:00,current_full_transition_bis06_f2_sh000,CURRENT,full_transition_bis06,32,64,2,50,64.1210252949968,135476,0,False,False,False,False
2026-07-28T07:22:29.172689+00:00,current_full_transition_bis06_f2_sh001,CURRENT,full_transition_bis06,32,64,2,50,65.22546925197821,135608,0,False,False,False,False
2026-07-28T07:23:34.429465+00:00,current_full_transition_bis06_f2_sh003,CURRENT,full_transition_bis06,32,64,2,50,63.305552009958774,135612,0,False,False,False,False
2026-07-28T07:23:33.327006+00:00,current_full_transition_bis06_f2_sh002,CURRENT,full_transition_bis06,32,64,2,50,64.51213136606384,135664,0,False,False,False,False
2026-07-28T07:24:37.872942+00:00,current_full_transition_bis06_f2_sh005,CURRENT,full_transition_bis06,32,64,2,50,63.01890537398867,135736,0,False,False,False,False
2026-07-28T07:24:37.769878+00:00,current_full_transition_bis06_f2_sh004,CURRENT,full_transition_bis06,32,64,2,50,63.417468767031096,135476,0,False,False,False,False
2026-07-28T07:25:40.919101+00:00,current_full_transition_bis06_f2_sh006,CURRENT,full_transition_bis06,31,62,2,50,56.368305032956414,132212,0,False,False,False,False
