relative_path,bytes,sha256
STATUS.json,4479,3f3928b11caa1c9852dc40fe2dcea88cef64b750c41ab474dc6ed98132e735bc
config/frozen_dynamic_config.yaml,2348,2b7efb9bed89d0aed87472185a96eb1bfd8172273be22cee89594815e6fdc007
config/ngspice_userinit/.spiceinit,154,e4fedb09e98dc2f3df539fe215df79f4977d8fb3f7bcdd61c606d8bb90da1325
config/noise_model.yaml,2679,5e96592de86c239db9334c98f5c5d4d4c6b000eece41673de3c58ab148897f6e
config/plot_contract.json,2798,404c6c93d79a903aca609fd6f5fd873c73cb3a2150b240f5763d61a1684c98e7
config/plot_style.yaml,216,6ad9e1aa57f508075547673cbee45c9af9c2d86742f804e8045631cffa7ff676
config/pvt3_mc20_contract.json,4767,912c16b3e2960e67065dfc767cff4db56e3007f7e66e7f137fbfe5ad7b5579e4
config/timing_tt_3p3_27c.json,1664,b47114c90c2ea957e3f5f80eaeb2dd04e344646d29d49eb5fb8811273790ebee
csv/cdac_mismatch_weights.csv,549745,db6195e8cf650819603c0aba6e7d08d6bb03830e512a598fbe05699bfa36b824
csv/job_codes/PVT3_FF_3P6_M40C_CMP_XM5_XM6_W8P2524_XM7_XM11_W16P8587_S002_LOW_W4.csv,24399,be69db67eb685e011e5f704adaa158227cf3e9640d777d55277b2082d5960480
csv/job_codes/PVT3_FF_3P6_M40C_CMP_XM5_XM6_W8P2524_XM7_XM11_W16P8587_S012_LOW_W4.csv,24467,92e40bfcd1bc8724e8c4d20eacb0ef2c1b265ffaa637ca1ce73e498fae720857
csv/job_codes/PVT3_FF_3P6_M40C_CMP_XM5_XM6_W8P2524_XM7_XM11_W16P8587_S021_LOW_W4.csv,24472,7377d7e9e24f600e6c8436b7b425c3bf967dd7d3762ae77b253fe59048e9cf7f
csv/job_codes/PVT3_FF_3P6_M40C_CMP_XM5_XM6_W8P2524_XM7_XM11_W16P8587_S026_LOW_W4.csv,24472,2580f0703fbb9e0addf0d0bd201123c6043db1a2492302cb03b3492c85d60e86
csv/job_codes/PVT3_FF_3P6_M40C_CMP_XM5_XM6_W8P2524_XM7_XM11_W16P8587_S036_LOW_W4.csv,24475,d20bf4cf7af3337b0e76c7b05dcabd118520d90b979436d6ca1f2d1a72dbc2f3
csv/job_codes/PVT3_FF_3P6_M40C_CMP_XM5_XM6_W8P2524_XM7_XM11_W16P8587_S044_LOW_W4.csv,24470,55c2ecd43f829f2e4972989ef247539d0863d63fb6633108b6644880e46ec1d4
csv/job_codes/PVT3_FF_3P6_M40C_CMP_XM5_XM6_W8P2524_XM7_XM11_W16P8587_S045_LOW_W4.csv,24466,b40bd70ef23fadf4476dca61f133be4cd65685d8bdb2cdf2f5f0b4c32d5a1852
csv/job_codes/PVT3_FF_3P6_M40C_CMP_XM5_XM6_W8P2524_XM7_XM11_W16P8587_S053_LOW_W4.csv,24473,2bd0901aeba24badd147cf33979279589630521e2d648a40ba566aba43dbdcfe
csv/job_codes/PVT3_FF_3P6_M40C_CMP_XM5_XM6_W8P2524_XM7_XM11_W16P8587_S065_LOW_W4.csv,24462,bd4b65fe61034a18923530ee14f09a56ecaee10aaa859cd9e759999cdc9ecabe
csv/job_codes/PVT3_FF_3P6_M40C_CMP_XM5_XM6_W8P2524_XM7_XM11_W16P8587_S080_LOW_W4.csv,24471,3e08d15aaf4c22656828a90848819cbe87a108a9d5b1388ff4e52e984f5c0680
csv/job_codes/PVT3_FF_3P6_M40C_CMP_XM5_XM6_W8P2524_XM7_XM11_W16P8587_S086_LOW_W4.csv,24463,c1ec4cef30b3f1b1754ebf2968bbbcf1138c37e8bd4713646819a6c88258ac0e
csv/job_codes/PVT3_FF_3P6_M40C_CMP_XM5_XM6_W8P2524_XM7_XM11_W16P8587_S096_LOW_W4.csv,24473,5995176670231f5db0046104c69df4f3d025fdc04acb8da840e101f6e675fdaf
csv/job_codes/PVT3_FF_3P6_M40C_CMP_XM5_XM6_W8P2524_XM7_XM11_W16P8587_S116_LOW_W4.csv,24532,d3eb995778baca9d8bc9447b95885f3c53430198d6677b53fa74a2c4f89e6593
csv/job_codes/PVT3_FF_3P6_M40C_CMP_XM5_XM6_W8P2524_XM7_XM11_W16P8587_S128_LOW_W4.csv,24532,e763ea7b3d0afe4210adf2c5eda7dc6902a72fd4628dd25a39ef3921fe749a80
csv/job_codes/PVT3_FF_3P6_M40C_CMP_XM5_XM6_W8P2524_XM7_XM11_W16P8587_S132_LOW_W4.csv,24539,b505a1de6295f12f61dda7017fcc9e6b90088dbfcd4a323b31097ab5d48e3045
csv/job_codes/PVT3_FF_3P6_M40C_CMP_XM5_XM6_W8P2524_XM7_XM11_W16P8587_S142_LOW_W4.csv,24541,14ad439a1a65ad2b55906096717336731641d4eb174ea7b9c9e1f18f63c051fa
csv/job_codes/PVT3_FF_3P6_M40C_CMP_XM5_XM6_W8P2524_XM7_XM11_W16P8587_S182_LOW_W4.csv,24543,505ed90a836087db20c49bbdaa5ebe1600567b339279ad7478351b5d2c160fc3
csv/job_codes/PVT3_FF_3P6_M40C_CMP_XM5_XM6_W8P2524_XM7_XM11_W16P8587_S188_LOW_W4.csv,24536,2a1ec96898292267a6f50457984e36c08c7bdcdcfd6e69259be1e2b26ed3fc33
csv/job_codes/PVT3_FF_3P6_M40C_CMP_XM5_XM6_W8P2524_XM7_XM11_W16P8587_S189_LOW_W4.csv,24541,4131ad008fc71343a9388eb3cb4ed4f0d65a1b2ccb2f71b67fc2cfdec4877f4d
csv/job_codes/PVT3_FF_3P6_M40C_CMP_XM5_XM6_W8P2524_XM7_XM11_W16P8587_S190_LOW_W4.csv,24541,c15079c012f860c4039ec2f1d88ff8d652e5b7aff3f81f9abd4d1777a89cc916
csv/job_codes/PVT3_SS_3P0_125C_CMP_XM5_XM6_W8P2524_XM7_XM11_W16P8587_S002_LOW_W4.csv,24395,4c2f26d0269df08a9d023ea55d092326448aefc308dade503c2f63e5ba2eb116
csv/job_codes/PVT3_SS_3P0_125C_CMP_XM5_XM6_W8P2524_XM7_XM11_W16P8587_S012_LOW_W4.csv,24464,8ba63721da95ce6b85b0015068046c57d92c19ee17073bdfeaa70eb5a13b29e7
csv/job_codes/PVT3_SS_3P0_125C_CMP_XM5_XM6_W8P2524_XM7_XM11_W16P8587_S021_LOW_W4.csv,24470,2e7c2be728b9a6923fd9c7824e41ee81de9980b0b1db2d5e14ddc7b1269f7041
csv/job_codes/PVT3_SS_3P0_125C_CMP_XM5_XM6_W8P2524_XM7_XM11_W16P8587_S026_LOW_W4.csv,24473,ed9f2c6644bd754b2447056d60060c766702a89b2e28b3ae3b67b7b920d8f84c
csv/job_codes/PVT3_SS_3P0_125C_CMP_XM5_XM6_W8P2524_XM7_XM11_W16P8587_S036_LOW_W4.csv,24471,8c0f595ff5ce5b9c4141e3193c06a8c1afd6eb1fa6ff99cc1f6764377413d810
csv/job_codes/PVT3_SS_3P0_125C_CMP_XM5_XM6_W8P2524_XM7_XM11_W16P8587_S044_LOW_W4.csv,24470,802786e2f21308d6ee736d7912a7a8a69897ef3d4e34d20dd5c4f8486c0ba349
csv/job_codes/PVT3_SS_3P0_125C_CMP_XM5_XM6_W8P2524_XM7_XM11_W16P8587_S045_LOW_W4.csv,24463,c0cedf4e824072008abf224be97e77a11f32f294907285a0b9829c3e028b7858
csv/job_codes/PVT3_SS_3P0_125C_CMP_XM5_XM6_W8P2524_XM7_XM11_W16P8587_S053_LOW_W4.csv,24473,cd9954ab9c48189d01603adc5c2bb10dc12fd1e3292212fcb2e81427bd19a689
csv/job_codes/PVT3_SS_3P0_125C_CMP_XM5_XM6_W8P2524_XM7_XM11_W16P8587_S065_LOW_W4.csv,24466,4c1a0659a8e1bdeca3507abd362629bdff26ef349b57c4cb4def53908979feb8
csv/job_codes/PVT3_SS_3P0_125C_CMP_XM5_XM6_W8P2524_XM7_XM11_W16P8587_S080_LOW_W4.csv,24467,96afea6add4f1caacd071239174e5b3cc70e3be14cc5138dc9b244b0cb7873e2
csv/job_codes/PVT3_SS_3P0_125C_CMP_XM5_XM6_W8P2524_XM7_XM11_W16P8587_S086_LOW_W4.csv,24459,59cd53cfcb9ab09258ba8f33d4d43bab698751dd6e7dcb9b83dbc9a6ca65737f
csv/job_codes/PVT3_SS_3P0_125C_CMP_XM5_XM6_W8P2524_XM7_XM11_W16P8587_S096_LOW_W4.csv,24467,10f22b9ea275f0d5e63ec4c3736fad60d4b61ad7bab425174d1abe27f613a3a2
csv/job_codes/PVT3_SS_3P0_125C_CMP_XM5_XM6_W8P2524_XM7_XM11_W16P8587_S116_LOW_W4.csv,24539,e9c4273e67187c72a5f5f6e455dee2419b07dd0bf7c0a7f97c4de5dec0a137b9
csv/job_codes/PVT3_SS_3P0_125C_CMP_XM5_XM6_W8P2524_XM7_XM11_W16P8587_S128_LOW_W4.csv,24533,a928b10e5325f6a917ec773c49e288ee461dd387fbaddb016871a5b43c9e7267
csv/job_codes/PVT3_SS_3P0_125C_CMP_XM5_XM6_W8P2524_XM7_XM11_W16P8587_S132_LOW_W4.csv,24533,fefcc86960b95d6b473c7fc71f641ee794ba452be9ebccbcbdba69fc84d3c06b
csv/job_codes/PVT3_SS_3P0_125C_CMP_XM5_XM6_W8P2524_XM7_XM11_W16P8587_S142_LOW_W4.csv,24539,0bedc2b270ef4e50208e6d20140aaea7c1f3d2f3befe5d2203d1a81763fb3397
csv/job_codes/PVT3_SS_3P0_125C_CMP_XM5_XM6_W8P2524_XM7_XM11_W16P8587_S182_LOW_W4.csv,24539,529ff690f04957b428fa4aece24431d830c55f72d6e89f3c741f68ab42b01fef
csv/job_codes/PVT3_SS_3P0_125C_CMP_XM5_XM6_W8P2524_XM7_XM11_W16P8587_S188_LOW_W4.csv,24537,56383df8aea1383043c9539263384816909f44aed8eb2ad1585ea153bdcec41d
csv/job_codes/PVT3_SS_3P0_125C_CMP_XM5_XM6_W8P2524_XM7_XM11_W16P8587_S189_LOW_W4.csv,24543,3e61273978e3de6f48d90991046f1bdbca166c88f5acd0e6e993a76d1dc83e8a
csv/job_codes/PVT3_SS_3P0_125C_CMP_XM5_XM6_W8P2524_XM7_XM11_W16P8587_S190_LOW_W4.csv,24540,04bec3b7928c2704a9cdac219b1a306d4081e7253295eaddb6a56540c54290f6
csv/job_codes/PVT3_TT_3P3_27C_CMP_XM5_XM6_W8P2524_XM7_XM11_W16P8587_S002_LOW_W4.csv,24320,c0cc517128118930a65a2c30aab2d6c9e78c6210e33398abd2626154e352624b
csv/job_codes/PVT3_TT_3P3_27C_CMP_XM5_XM6_W8P2524_XM7_XM11_W16P8587_S012_LOW_W4.csv,24391,08566ff1594c0f8fe1641ce8e7785f151ff6612bf408cf6a4f096672b8275d8b
csv/job_codes/PVT3_TT_3P3_27C_CMP_XM5_XM6_W8P2524_XM7_XM11_W16P8587_S021_LOW_W4.csv,24391,1c1349abb0795c97d02f4706659bdb656807a3c0c34e1666ba7dd2af278b5732
csv/job_codes/PVT3_TT_3P3_27C_CMP_XM5_XM6_W8P2524_XM7_XM11_W16P8587_S026_LOW_W4.csv,24394,61c4f95846b85896603a52eaf2e181d97e43b7078f4277e83a7c5102eedd8caa
csv/job_codes/PVT3_TT_3P3_27C_CMP_XM5_XM6_W8P2524_XM7_XM11_W16P8587_S036_LOW_W4.csv,24397,2c57a7aeff55d28cb4a6de97265cc3f031cf75887877760744c84ae977e25edc
csv/job_codes/PVT3_TT_3P3_27C_CMP_XM5_XM6_W8P2524_XM7_XM11_W16P8587_S044_LOW_W4.csv,24394,966aa271249b23e04642e90b3fdf87ac67b2079441e28529234225bfd2953342
csv/job_codes/PVT3_TT_3P3_27C_CMP_XM5_XM6_W8P2524_XM7_XM11_W16P8587_S045_LOW_W4.csv,24382,0cad458fae080de1510424e9469e907afdb8de913b652fea3159091b49fe4b13
csv/job_codes/PVT3_TT_3P3_27C_CMP_XM5_XM6_W8P2524_XM7_XM11_W16P8587_S053_LOW_W4.csv,24394,0a83f2a7e3cf5319c28cb4619476a353bb9c6b7723a1dfa12935abd230b580e9
csv/job_codes/PVT3_TT_3P3_27C_CMP_XM5_XM6_W8P2524_XM7_XM11_W16P8587_S065_LOW_W4.csv,24382,75517147dad157c673a76119882151520b2d8234d8dbd9b0814a5dfb6c06c5bd
csv/job_codes/PVT3_TT_3P3_27C_CMP_XM5_XM6_W8P2524_XM7_XM11_W16P8587_S080_LOW_W4.csv,24388,601f858315c288a8d2f7de032c7b6077bab772c710816f5ff2ddd3cf0259d181
csv/job_codes/PVT3_TT_3P3_27C_CMP_XM5_XM6_W8P2524_XM7_XM11_W16P8587_S086_LOW_W4.csv,24385,322311b8fd48ecbf08fc52686971ceb4be9d13523bf0a6f697be47cc8ba95aff
csv/job_codes/PVT3_TT_3P3_27C_CMP_XM5_XM6_W8P2524_XM7_XM11_W16P8587_S096_LOW_W4.csv,24391,3685cba8a90ea7956eb348fae8a712ed21090ae9a8c3f5029e8952ff82f24656
csv/job_codes/PVT3_TT_3P3_27C_CMP_XM5_XM6_W8P2524_XM7_XM11_W16P8587_S116_LOW_W4.csv,24453,303b686a53e6a2c0e38697e0936b1881c72f7586cdfa108bfcf737cce75e036e
csv/job_codes/PVT3_TT_3P3_27C_CMP_XM5_XM6_W8P2524_XM7_XM11_W16P8587_S128_LOW_W4.csv,24452,8aaa8ddcb669acc410c62e9ae238a342d8e5d343165233ccecabfeedd2a47aa0
csv/job_codes/PVT3_TT_3P3_27C_CMP_XM5_XM6_W8P2524_XM7_XM11_W16P8587_S132_LOW_W4.csv,24465,ba88597e21a30ee7eaaefa8e1e5982c2b2f6daead2fcd9d5958abc4a03953624
csv/job_codes/PVT3_TT_3P3_27C_CMP_XM5_XM6_W8P2524_XM7_XM11_W16P8587_S142_LOW_W4.csv,24461,01a634841bd6bc94d05eaf7edf4671dbd140249a1a9383589b822daa932454d5
csv/job_codes/PVT3_TT_3P3_27C_CMP_XM5_XM6_W8P2524_XM7_XM11_W16P8587_S182_LOW_W4.csv,24464,79cd2fd3c26fa690e717e9582fba1291e2413af327c64f23894f2f6681155cfb
csv/job_codes/PVT3_TT_3P3_27C_CMP_XM5_XM6_W8P2524_XM7_XM11_W16P8587_S188_LOW_W4.csv,24454,619f9e58c53d55753132f48c9181ffdc86f44352e72e5273189f4d37c47a6412
csv/job_codes/PVT3_TT_3P3_27C_CMP_XM5_XM6_W8P2524_XM7_XM11_W16P8587_S189_LOW_W4.csv,24467,d76615bc54f682199f4920bed8b8157961b4f5087804de5b07beaa0a11b65cbd
csv/job_codes/PVT3_TT_3P3_27C_CMP_XM5_XM6_W8P2524_XM7_XM11_W16P8587_S190_LOW_W4.csv,24462,70a9420fb512031787db098508b988241fc52053f9d838f710f3ad013d452c4d
csv/job_codes/SMOKE_FF_3P6_M40C_NOMINAL_OFF_LOW_W4.csv,19025,b8af70c809c2e3233c9789462a3dea8b7d6e93e20e34d592ba9f2fade0055766
csv/job_codes/SMOKE_FF_3P6_M40C_S044_ON_LOW_W4.csv,19234,60da3886671a43d93d28fe93f3d4071955e036ecff2610686a9200eb2456a427
csv/job_codes/SMOKE_FF_3P6_M40C_S096_ON_LOW_W4.csv,19237,b26907c7c406ff3008365e041fa82cb10f1016688bf471d9aaec36cbe9f18bd4
csv/job_codes/SMOKE_SS_3P0_125C_NOMINAL_OFF_LOW_W4.csv,19028,b07b7b6c561608c0e4c32479cdef73ed60293bd2b63e69e0c45f4d64031d8101
csv/job_codes/SMOKE_SS_3P0_125C_S044_ON_LOW_W4.csv,19234,c78ff0d9890c34426447b658a50b8474ae60f696207a8d8bf9f41a35e235f02c
csv/job_codes/SMOKE_SS_3P0_125C_S096_ON_LOW_W4.csv,19231,ea86328aa05229454aa9f27cc41d37f7dab91454f206514cb2a8cfb022b3fe58
csv/job_codes/SMOKE_TT_3P3_27C_NOMINAL_OFF_LOW_W4.csv,18948,4c6a9086d96a81b64fae209c2a991df1f7fee6f7b8d804ce036a3a45da81973f
csv/job_codes/SMOKE_TT_3P3_27C_S044_ON_LOW_W4.csv,19158,e26f52891f3fba81bd6231e81de119141e4eb08e0769b05bf6e64adaa20236c3
csv/job_codes/SMOKE_TT_3P3_27C_S096_ON_LOW_W4.csv,19155,3f6cc375d1b78052fe81db4231bef017871e543a2bb6914a97ffaae62e19b8d4
csv/job_paths/PVT3_FF_3P6_M40C_CMP_XM5_XM6_W8P2524_XM7_XM11_W16P8587_S002_LOW_W4.csv,5647,fbd8ebe1b1a3d5d2daff14966829e8f323413ced5476ac1cac4caca5c2c4610f
csv/job_paths/PVT3_FF_3P6_M40C_CMP_XM5_XM6_W8P2524_XM7_XM11_W16P8587_S012_LOW_W4.csv,5641,e729afea97fae0ade2f8c50b0a1bcde8687cc355de55a91f2542ea53c95fb815
csv/job_paths/PVT3_FF_3P6_M40C_CMP_XM5_XM6_W8P2524_XM7_XM11_W16P8587_S021_LOW_W4.csv,5634,0a1027bcca2a2ef0e040f4ff917938d640545773726a9ebca5c431372a1541a1
csv/job_paths/PVT3_FF_3P6_M40C_CMP_XM5_XM6_W8P2524_XM7_XM11_W16P8587_S026_LOW_W4.csv,5642,e955f6b3f07749d530349366eeeb1260bc5fb42e0a30a4816283e51408a8d64e
csv/job_paths/PVT3_FF_3P6_M40C_CMP_XM5_XM6_W8P2524_XM7_XM11_W16P8587_S036_LOW_W4.csv,5645,6f996f2e72f702200db9b1a2717f7e8153b9128a369540c4ca0f2e9f913221f4
csv/job_paths/PVT3_FF_3P6_M40C_CMP_XM5_XM6_W8P2524_XM7_XM11_W16P8587_S044_LOW_W4.csv,5646,ee4aae1970ea2a0d846a09a03279c99b34e7dea7543851210814948c8836f6a9
csv/job_paths/PVT3_FF_3P6_M40C_CMP_XM5_XM6_W8P2524_XM7_XM11_W16P8587_S045_LOW_W4.csv,5649,91868345f46a8dce30bd72cc75392fff94e4dc3efc798ccc8e7dae69559f4533
csv/job_paths/PVT3_FF_3P6_M40C_CMP_XM5_XM6_W8P2524_XM7_XM11_W16P8587_S053_LOW_W4.csv,5647,754646a78676a3b6714466af7f4e9c30b997343f7bd3dd5a7280a6d6b1a6ce60
csv/job_paths/PVT3_FF_3P6_M40C_CMP_XM5_XM6_W8P2524_XM7_XM11_W16P8587_S065_LOW_W4.csv,5647,cf1a5899ca3e5539484fbea34b644aa7a53071ffc28eed36d4e48e8c8ab02cba
csv/job_paths/PVT3_FF_3P6_M40C_CMP_XM5_XM6_W8P2524_XM7_XM11_W16P8587_S080_LOW_W4.csv,5640,8190bc8cdf40213e1e877951c9ce27f3e1cf8945a1c5e1be28a558329d958ab3
csv/job_paths/PVT3_FF_3P6_M40C_CMP_XM5_XM6_W8P2524_XM7_XM11_W16P8587_S086_LOW_W4.csv,5639,4fd443456a017feb7195492934122188f839a4dd18822fcc64f9732c46344396
csv/job_paths/PVT3_FF_3P6_M40C_CMP_XM5_XM6_W8P2524_XM7_XM11_W16P8587_S096_LOW_W4.csv,5646,c27a7ec3311b286cc24e78f5c5ab141dfead0bd1b3403d0756a251feee885106
csv/job_paths/PVT3_FF_3P6_M40C_CMP_XM5_XM6_W8P2524_XM7_XM11_W16P8587_S116_LOW_W4.csv,5638,abfeba371088f1c3bfd841dc7b23b654ee12a2b2c5a4bc34696601720ad4649c
csv/job_paths/PVT3_FF_3P6_M40C_CMP_XM5_XM6_W8P2524_XM7_XM11_W16P8587_S128_LOW_W4.csv,5643,8d9b33b761fc97d278f2fc2e4b47f67e0e52787a131cf09cbd35aaf31432e9c1
csv/job_paths/PVT3_FF_3P6_M40C_CMP_XM5_XM6_W8P2524_XM7_XM11_W16P8587_S132_LOW_W4.csv,5643,f2fc6670bef6af8a4f5e538b84ef17543f40e3f032a0cd624f2acac0cc6575e2
csv/job_paths/PVT3_FF_3P6_M40C_CMP_XM5_XM6_W8P2524_XM7_XM11_W16P8587_S142_LOW_W4.csv,5644,3b95a3b829f5e9c5f5c87f677bcdb660153736d3febf045c1093324de554f058
csv/job_paths/PVT3_FF_3P6_M40C_CMP_XM5_XM6_W8P2524_XM7_XM11_W16P8587_S182_LOW_W4.csv,5649,87f792b0874114a338a7bebf84ebc181d910556a10bd53965240078680205d6d
csv/job_paths/PVT3_FF_3P6_M40C_CMP_XM5_XM6_W8P2524_XM7_XM11_W16P8587_S188_LOW_W4.csv,5643,f30a8bee1ac18c8b3e3c2dccb2100bff14107cc3f0737bbce26ce0c5171f9d1c
csv/job_paths/PVT3_FF_3P6_M40C_CMP_XM5_XM6_W8P2524_XM7_XM11_W16P8587_S189_LOW_W4.csv,5651,2ad76766627e225410ecac99255b4e2e9fdc55f0be2c34438a7a91070548a6aa
csv/job_paths/PVT3_FF_3P6_M40C_CMP_XM5_XM6_W8P2524_XM7_XM11_W16P8587_S190_LOW_W4.csv,5638,a0225e82058ab19c0af61ed299ec3b08195110a914b091999ef7abae54c00586
csv/job_paths/PVT3_SS_3P0_125C_CMP_XM5_XM6_W8P2524_XM7_XM11_W16P8587_S002_LOW_W4.csv,5882,279f76cd4b53a0b19a4f9656a99bd6ad4df46041387cd910c8fc662bca3a1055
csv/job_paths/PVT3_SS_3P0_125C_CMP_XM5_XM6_W8P2524_XM7_XM11_W16P8587_S012_LOW_W4.csv,5883,8920451c5942ea06439943cdf3ba2c2614f3ded7b3167e2301d8df0ce1e29c4f
csv/job_paths/PVT3_SS_3P0_125C_CMP_XM5_XM6_W8P2524_XM7_XM11_W16P8587_S021_LOW_W4.csv,5867,2460e23c736f3c9af59043b53aa48fd89b5ad84f755794c1c68cf9074982bd78
csv/job_paths/PVT3_SS_3P0_125C_CMP_XM5_XM6_W8P2524_XM7_XM11_W16P8587_S026_LOW_W4.csv,5881,46ab0397c25ddd3d1a0897019ca0b0bc4a1a2c80a9d5572d83b72a65aec17a3b
csv/job_paths/PVT3_SS_3P0_125C_CMP_XM5_XM6_W8P2524_XM7_XM11_W16P8587_S036_LOW_W4.csv,5877,1f34c8e1a0a27f6e2b9f855936b94e025c5f989732e08c320295c665e1c6bf25
csv/job_paths/PVT3_SS_3P0_125C_CMP_XM5_XM6_W8P2524_XM7_XM11_W16P8587_S044_LOW_W4.csv,5879,9c2bf38333212a113594842c120ef146df6b4559e6720fbe136a73c308a3c468
csv/job_paths/PVT3_SS_3P0_125C_CMP_XM5_XM6_W8P2524_XM7_XM11_W16P8587_S045_LOW_W4.csv,5897,f903dee454856b095656d6af74e5d5abb2b5fbea8faf950fb3c36529e0e7ed79
csv/job_paths/PVT3_SS_3P0_125C_CMP_XM5_XM6_W8P2524_XM7_XM11_W16P8587_S053_LOW_W4.csv,5871,7e66430c08e2a86e5b882939b9a2573dcac969a3a9c4f83e5e0bdb35d22e1b42
csv/job_paths/PVT3_SS_3P0_125C_CMP_XM5_XM6_W8P2524_XM7_XM11_W16P8587_S065_LOW_W4.csv,5870,1421e5c0b06db1cc57b3d5c3ec6fb27d1356941442aac1e301adf84785502b9b
csv/job_paths/PVT3_SS_3P0_125C_CMP_XM5_XM6_W8P2524_XM7_XM11_W16P8587_S080_LOW_W4.csv,5884,ba6580f74d087b58edb7ffc8b025441a94576117c6bf814291a4951fd52cdd24
csv/job_paths/PVT3_SS_3P0_125C_CMP_XM5_XM6_W8P2524_XM7_XM11_W16P8587_S086_LOW_W4.csv,5883,ed18101dc3c4749f9d9fd39d948b2134561457f0e785a2f1112c2c5b91e42377
csv/job_paths/PVT3_SS_3P0_125C_CMP_XM5_XM6_W8P2524_XM7_XM11_W16P8587_S096_LOW_W4.csv,5890,082d43ebdac4afbd502f5a7aa1d92fc709e8e74ccd3ea4e391cda9c9ae92ac4f
csv/job_paths/PVT3_SS_3P0_125C_CMP_XM5_XM6_W8P2524_XM7_XM11_W16P8587_S116_LOW_W4.csv,5886,bc5103e03cd5dc6e49d729a05c2376d1bfdcbd6f68087783e068e5f86e1e8056
csv/job_paths/PVT3_SS_3P0_125C_CMP_XM5_XM6_W8P2524_XM7_XM11_W16P8587_S128_LOW_W4.csv,5889,88aab3598fbcd817159615df1ca8b8954720011276dc10c739f165dee933b9e9
csv/job_paths/PVT3_SS_3P0_125C_CMP_XM5_XM6_W8P2524_XM7_XM11_W16P8587_S132_LOW_W4.csv,5882,5b311ab7d9b8b827b69af2a7dfc06a25382ad6d1e5a77d74baaf1be623b7e3fe
csv/job_paths/PVT3_SS_3P0_125C_CMP_XM5_XM6_W8P2524_XM7_XM11_W16P8587_S142_LOW_W4.csv,5884,faa9a1849a88f58e66e23bcab40365a9fca0cb73b921a1cd94ab7e1bfe3a312f
csv/job_paths/PVT3_SS_3P0_125C_CMP_XM5_XM6_W8P2524_XM7_XM11_W16P8587_S182_LOW_W4.csv,5882,97f223c0752c77d26dafbd9813bf4ce662158e820b613ab4cacc067ba3c02590
csv/job_paths/PVT3_SS_3P0_125C_CMP_XM5_XM6_W8P2524_XM7_XM11_W16P8587_S188_LOW_W4.csv,5875,c0923d71853e59927a0691eeae288d003aa8096489642a2c5ca9058d8d3a747a
csv/job_paths/PVT3_SS_3P0_125C_CMP_XM5_XM6_W8P2524_XM7_XM11_W16P8587_S189_LOW_W4.csv,5871,c66223bd2e3e8b4383896c88605ddc43f31ea4b10c84573013c643e5fc7d5aba
csv/job_paths/PVT3_SS_3P0_125C_CMP_XM5_XM6_W8P2524_XM7_XM11_W16P8587_S190_LOW_W4.csv,5887,0a9f764bf620668610464e2aaaa0b405e50e0bb1256df302e36f7144ed46c82f
csv/job_paths/PVT3_TT_3P3_27C_CMP_XM5_XM6_W8P2524_XM7_XM11_W16P8587_S002_LOW_W4.csv,5640,e1c5a7b492f6565faa8924e6bbf288e4cd537a6e978188edafa2032cb279ac53
csv/job_paths/PVT3_TT_3P3_27C_CMP_XM5_XM6_W8P2524_XM7_XM11_W16P8587_S012_LOW_W4.csv,5643,dd9d2add07e3a101c9d0e84b1c7709bb99063d5d42ca5d189cc0fd38467272df
csv/job_paths/PVT3_TT_3P3_27C_CMP_XM5_XM6_W8P2524_XM7_XM11_W16P8587_S021_LOW_W4.csv,5638,8f75bbd04dc0ce10240b6707a6202f439e44a0bbd11a4db60c3893b9df66056f
csv/job_paths/PVT3_TT_3P3_27C_CMP_XM5_XM6_W8P2524_XM7_XM11_W16P8587_S026_LOW_W4.csv,5629,ca401aa71e8ab197fba323e764351340da09830656a68ef3d459a0d704d2b871
csv/job_paths/PVT3_TT_3P3_27C_CMP_XM5_XM6_W8P2524_XM7_XM11_W16P8587_S036_LOW_W4.csv,5634,b72e0fc493c4b0c0833b3dacc4e2618a2ad1a1f31b7887eec684c8668cc0c89a
csv/job_paths/PVT3_TT_3P3_27C_CMP_XM5_XM6_W8P2524_XM7_XM11_W16P8587_S044_LOW_W4.csv,5641,d0c49ee4ad612c7f44aa94b1b8b49c81d417d2ff36a95d01c30d3156df3b8960
csv/job_paths/PVT3_TT_3P3_27C_CMP_XM5_XM6_W8P2524_XM7_XM11_W16P8587_S045_LOW_W4.csv,5631,c97d0eaaefe37fca95e2d860948ff700601baea5e0b69aaee2f5d95a86e7a415
csv/job_paths/PVT3_TT_3P3_27C_CMP_XM5_XM6_W8P2524_XM7_XM11_W16P8587_S053_LOW_W4.csv,5634,7462bda2ac57d92ab4f540d4b7645f95f05b56b616cdd485eb8dce087883f95a
csv/job_paths/PVT3_TT_3P3_27C_CMP_XM5_XM6_W8P2524_XM7_XM11_W16P8587_S065_LOW_W4.csv,5629,aa7ea0ca8b298c4cd6dbae7fbd2daddff33db31b3c594456f52e8907e3d5be9a
csv/job_paths/PVT3_TT_3P3_27C_CMP_XM5_XM6_W8P2524_XM7_XM11_W16P8587_S080_LOW_W4.csv,5640,9980449c74e69ad60df6b4154043e04d1a51707372b4f9c67a99751c1202b12d
csv/job_paths/PVT3_TT_3P3_27C_CMP_XM5_XM6_W8P2524_XM7_XM11_W16P8587_S086_LOW_W4.csv,5642,0a8a70de25ad90e3532310992105f6a8a7418547400f1236177bf99b96f280a8
csv/job_paths/PVT3_TT_3P3_27C_CMP_XM5_XM6_W8P2524_XM7_XM11_W16P8587_S096_LOW_W4.csv,5634,20f4c913e4d6fecf4d1fc65b2801cf249498e91d3ad372a4dfcded36b98b781c
csv/job_paths/PVT3_TT_3P3_27C_CMP_XM5_XM6_W8P2524_XM7_XM11_W16P8587_S116_LOW_W4.csv,5639,62075f4d154a8ab093917c7aa133f9f8038da391d0c81fcdc4e7e40682c06cc8
csv/job_paths/PVT3_TT_3P3_27C_CMP_XM5_XM6_W8P2524_XM7_XM11_W16P8587_S128_LOW_W4.csv,5636,7827f212d0b95d5b1938adedba00f265461f19165e58f550368980efd6b22429
csv/job_paths/PVT3_TT_3P3_27C_CMP_XM5_XM6_W8P2524_XM7_XM11_W16P8587_S132_LOW_W4.csv,5642,a69f52637f7cbebacbbc37b70bab58555c35511e8e81f129aae8f101cf53bebb
csv/job_paths/PVT3_TT_3P3_27C_CMP_XM5_XM6_W8P2524_XM7_XM11_W16P8587_S142_LOW_W4.csv,5642,fdc2c7c2fae2357ba060ba1350c3e27f365aaa315ef26801c2533c29a9a2454e
csv/job_paths/PVT3_TT_3P3_27C_CMP_XM5_XM6_W8P2524_XM7_XM11_W16P8587_S182_LOW_W4.csv,5641,9c6f5b607fba9c796544b5dbcc3c3a280dfe4dab1f965bd0dd2ca817763328de
csv/job_paths/PVT3_TT_3P3_27C_CMP_XM5_XM6_W8P2524_XM7_XM11_W16P8587_S188_LOW_W4.csv,5636,f8ed6f822e13846e071f034ce37e75a660915b62d8f37301899c7542500c56db
csv/job_paths/PVT3_TT_3P3_27C_CMP_XM5_XM6_W8P2524_XM7_XM11_W16P8587_S189_LOW_W4.csv,5641,6ab4692bb52b5d194bd6c74c1f5835f93b5fcdab4d8a5b3dc8e6974502b9f9cb
csv/job_paths/PVT3_TT_3P3_27C_CMP_XM5_XM6_W8P2524_XM7_XM11_W16P8587_S190_LOW_W4.csv,5642,a21c9b2cc53ec7c2930ecba85e6378ed55f9cd6715f7b2756f4dab5c1ffe7d4c
csv/job_paths/SMOKE_FF_3P6_M40C_NOMINAL_OFF_LOW_W4.csv,5407,2b365f07e2a1d404742aa6ff169d66f9929bdfaddda435747e11bf4dbef63a25
csv/job_paths/SMOKE_FF_3P6_M40C_S044_ON_LOW_W4.csv,5374,58a2ecd6cd5b3e18be6311155dc585f8982720678b1f9531a9b185bb44eb01e7
csv/job_paths/SMOKE_FF_3P6_M40C_S096_ON_LOW_W4.csv,5374,54a10a6ded7100b8950feb7291b33ef4739c0f5bbcf641eff350c278a622ab72
csv/job_paths/SMOKE_SS_3P0_125C_NOMINAL_OFF_LOW_W4.csv,5636,3d4327c6da49f7869cb6228b16ac04d4bb22e4b18e12bcb0204a0c544c77a961
csv/job_paths/SMOKE_SS_3P0_125C_S044_ON_LOW_W4.csv,5607,e6017e08caa9d661e9cc843813f7e8eebdcec0b2aa0ad464572b2d7ab83bd807
csv/job_paths/SMOKE_SS_3P0_125C_S096_ON_LOW_W4.csv,5618,6a265afc8769268073b92d04132e7f6c4dfdd24fd3cebe95042731b4743df206
csv/job_paths/SMOKE_TT_3P3_27C_NOMINAL_OFF_LOW_W4.csv,5396,43f6477f11580126b83e1e7afc75c0ccc4ea65db55c2fc34c079ef58a5fc2cad
csv/job_paths/SMOKE_TT_3P3_27C_S044_ON_LOW_W4.csv,5369,cddab45ca7d64dfe49bfc5eebe6bad9628fb3f1632467012028a8909d616ed78
csv/job_paths/SMOKE_TT_3P3_27C_S096_ON_LOW_W4.csv,5362,5cb2eae9a75f8c951ce76408f14eba28a9b775463179e9583dd1a59517833891
csv/pvt3_mc20_by_seed_pivot.csv,33553,17111dd059c3baad3915ce8d45d9b7689ad1ddd462a712760127df1cfd8addeb
csv/pvt3_mc20_codes_all.csv,1601122,8fd3b94ea59577f0f85a3357e3958f5deb468c4a809c5709be82d6fafe2611a1
csv/pvt3_mc20_codes_w4.csv,1508259,937d7f5c959b2281c105de0e5f5acedbb1b8773096419c23f380b3c4067b5692
csv/pvt3_mc20_comparison_summary.csv,4052,75837d8a5439c0a6507b0435fd51f78b66b1c105f40a3fc6ab3d3ba0276eb45a
csv/pvt3_mc20_corner_summary.csv,4556,99da111711f935fbf87ee84a1e1d0cb8e1178012e6e97d31f3dabed92f300507
csv/pvt3_mc20_master.csv,91450,1e56f583c7f4470abd5135565d8ee3bea18c6d0a3093349743be81e3d4ba1358
csv/pvt3_mc20_paired_vs_t1p000.csv,44961,54aed8bbaee6fe8098d576cbd1c1bc4ab5d9d22cd9318b521a7b2d1ec772fd54
csv/resource_trace.csv,1308303,6b9ecc691480a97372d0e30a4a6caae8f4f14f36edb81f58af38c129a4f4d47a
jobs/fast64_v2/p1_smoke/smoke_ff_3p6_m40c_nominal_off_low_w4.spice,105264,f03dde7a541667554f6899845c945656670e2f14d5049e65cc12705e2aaaa850
jobs/fast64_v2/p1_smoke/smoke_ff_3p6_m40c_s044_on_low_w4.spice,147353,2262bc4ee12d468e3f7d2dde12c7f1a309c50739dc008b6570b5fcb1568f16b4
jobs/fast64_v2/p1_smoke/smoke_ff_3p6_m40c_s096_on_low_w4.spice,147420,be033cc07aab21c8541a2997d78a68dc1dd4ab74d664483ebe797bc5beeea971
jobs/fast64_v2/p1_smoke/smoke_ss_3p0_125c_nominal_off_low_w4.spice,105250,d0ff918b07af7253564905c946d5c5ed5d00a87a6bd2f1389f223088122c0462
jobs/fast64_v2/p1_smoke/smoke_ss_3p0_125c_s044_on_low_w4.spice,147339,e1b19d08f41da2f1fccecd5c7e115a649f06b7d0923955ea187626da50d4a119
jobs/fast64_v2/p1_smoke/smoke_ss_3p0_125c_s096_on_low_w4.spice,147406,6f75836ac3a37b66842a229c6edf4a7ff219c983753ac4dbdbf20e43c434e34b
jobs/fast64_v2/p1_smoke/smoke_tt_3p3_27c_nominal_off_low_w4.spice,105273,18051d24ab93e23d1cb9d00d796dee170a80008c9d6ee1793fdbb52d4224500c
jobs/fast64_v2/p1_smoke/smoke_tt_3p3_27c_s044_on_low_w4.spice,147362,599d45dbd5ca614c6084fa9874a2035e8d0a0bfc7ec3dbdff947f34aaa1f0048
jobs/fast64_v2/p1_smoke/smoke_tt_3p3_27c_s096_on_low_w4.spice,147429,f8398d08600554e8bdf5fe2e524bf6fab97b80cada438310277f98146a0aa212
jobs/fast64_v2/p4_pvt_tt_mc20_low/pvt3_tt_3p3_27c_cmp_xm5_xm6_w8p2524_xm7_xm11_w16p8587_s002_low_w4.spice,147396,3aa6cdc6faac99f757b04ffa6c7d14e0ed6f712f49d8b796d3922fc8637d1b23
jobs/fast64_v2/p4_pvt_tt_mc20_low/pvt3_tt_3p3_27c_cmp_xm5_xm6_w8p2524_xm7_xm11_w16p8587_s012_low_w4.spice,147459,21631bd5d4a49feb06329d445e7a47002d45e6fa1cad8a01bfcac7b3b116dbea
jobs/fast64_v2/p4_pvt_tt_mc20_low/pvt3_tt_3p3_27c_cmp_xm5_xm6_w8p2524_xm7_xm11_w16p8587_s021_low_w4.spice,147340,2e501c76dd8217ff60d888a35d181a870a981289aed4d5ad2cdcdf4b5f777e7d
jobs/fast64_v2/p4_pvt_tt_mc20_low/pvt3_tt_3p3_27c_cmp_xm5_xm6_w8p2524_xm7_xm11_w16p8587_s026_low_w4.spice,147403,89ee8a3432062c8bf5a7b5d74d706fa85c52fd51986e45beac2744933c3a0462
jobs/fast64_v2/p4_pvt_tt_mc20_low/pvt3_tt_3p3_27c_cmp_xm5_xm6_w8p2524_xm7_xm11_w16p8587_s036_low_w4.spice,147471,b18b75abbb00e5e9990aa43acd2168cc3b3c69c7f827bc83d2056005d9182ab5
jobs/fast64_v2/p4_pvt_tt_mc20_low/pvt3_tt_3p3_27c_cmp_xm5_xm6_w8p2524_xm7_xm11_w16p8587_s044_low_w4.spice,147362,599d45dbd5ca614c6084fa9874a2035e8d0a0bfc7ec3dbdff947f34aaa1f0048
jobs/fast64_v2/p4_pvt_tt_mc20_low/pvt3_tt_3p3_27c_cmp_xm5_xm6_w8p2524_xm7_xm11_w16p8587_s045_low_w4.spice,147431,fddceb959c455e68edf1ab61ef8a0d1d11191f9dad712f29fef9cd9dfca37cfe
jobs/fast64_v2/p4_pvt_tt_mc20_low/pvt3_tt_3p3_27c_cmp_xm5_xm6_w8p2524_xm7_xm11_w16p8587_s053_low_w4.spice,147375,696ddfc9da34553679a549d820abcf71e11d0dda300b2d5b24f470bea5daa513
jobs/fast64_v2/p4_pvt_tt_mc20_low/pvt3_tt_3p3_27c_cmp_xm5_xm6_w8p2524_xm7_xm11_w16p8587_s065_low_w4.spice,147431,4509d21a40803f3d621e5970e6dcba5f5bc2d2da8aafa60710221d7016abf5c4
jobs/fast64_v2/p4_pvt_tt_mc20_low/pvt3_tt_3p3_27c_cmp_xm5_xm6_w8p2524_xm7_xm11_w16p8587_s080_low_w4.spice,147431,78d0286a9c07de9a76f41d6877f3948bacd889dce9d3c7329c38f3385da90eef
jobs/fast64_v2/p4_pvt_tt_mc20_low/pvt3_tt_3p3_27c_cmp_xm5_xm6_w8p2524_xm7_xm11_w16p8587_s086_low_w4.spice,147373,76b24761f6bf797fac4d29340c32bc600bd74c41d714eb0ec039ba5d0f27bdc8
jobs/fast64_v2/p4_pvt_tt_mc20_low/pvt3_tt_3p3_27c_cmp_xm5_xm6_w8p2524_xm7_xm11_w16p8587_s096_low_w4.spice,147429,f8398d08600554e8bdf5fe2e524bf6fab97b80cada438310277f98146a0aa212
jobs/fast64_v2/p4_pvt_tt_mc20_low/pvt3_tt_3p3_27c_cmp_xm5_xm6_w8p2524_xm7_xm11_w16p8587_s116_low_w4.spice,147476,9ad50284225dac789895420654f6b5a41846ab02d1d09a9a8062bb053d8bc73b
jobs/fast64_v2/p4_pvt_tt_mc20_low/pvt3_tt_3p3_27c_cmp_xm5_xm6_w8p2524_xm7_xm11_w16p8587_s128_low_w4.spice,147410,6b5a8cd981a632d93d0cd36206956f0b61d161049fa11f2b6e39dc9920fc9884
jobs/fast64_v2/p4_pvt_tt_mc20_low/pvt3_tt_3p3_27c_cmp_xm5_xm6_w8p2524_xm7_xm11_w16p8587_s132_low_w4.spice,147404,c28ee2d9148d945aae4098355b3ee04e79b860ce5f0f671f08162d3114865942
jobs/fast64_v2/p4_pvt_tt_mc20_low/pvt3_tt_3p3_27c_cmp_xm5_xm6_w8p2524_xm7_xm11_w16p8587_s142_low_w4.spice,147380,bdb7799a0d1039a3ab4e3f20e2540195b87c8bf257a7854b1fa7fb7d280d48dc
jobs/fast64_v2/p4_pvt_tt_mc20_low/pvt3_tt_3p3_27c_cmp_xm5_xm6_w8p2524_xm7_xm11_w16p8587_s182_low_w4.spice,147436,86b73604d9cd7573dfbb956936aed547e8626096d21d3d020e44f7fa579f9cc7
jobs/fast64_v2/p4_pvt_tt_mc20_low/pvt3_tt_3p3_27c_cmp_xm5_xm6_w8p2524_xm7_xm11_w16p8587_s188_low_w4.spice,147398,516c3eb93d7453646b80709654fd40ba86dd300a507ba91ed89e808566676b65
jobs/fast64_v2/p4_pvt_tt_mc20_low/pvt3_tt_3p3_27c_cmp_xm5_xm6_w8p2524_xm7_xm11_w16p8587_s189_low_w4.spice,147395,b51dc7e4490564f3a168cd98e5786560e8582a0d88b9ce9a1dea25c85d746505
jobs/fast64_v2/p4_pvt_tt_mc20_low/pvt3_tt_3p3_27c_cmp_xm5_xm6_w8p2524_xm7_xm11_w16p8587_s190_low_w4.spice,147435,8496f642b9d43953307657a44010133e995f5b674fdb24d5d6e3a2fcc71b70de
jobs/fast64_v2/p5_pvt_ss_mc20_low/pvt3_ss_3p0_125c_cmp_xm5_xm6_w8p2524_xm7_xm11_w16p8587_s002_low_w4.spice,147373,28d309f9bab748d90f951f16d2daa99e607d9f5b0257faeda90d432b96899851
jobs/fast64_v2/p5_pvt_ss_mc20_low/pvt3_ss_3p0_125c_cmp_xm5_xm6_w8p2524_xm7_xm11_w16p8587_s012_low_w4.spice,147436,578e944870d2ebb4b997bf45eec31e4089b8a711367769317146513ab399f817
jobs/fast64_v2/p5_pvt_ss_mc20_low/pvt3_ss_3p0_125c_cmp_xm5_xm6_w8p2524_xm7_xm11_w16p8587_s021_low_w4.spice,147317,cf8afb0ec969d221dd48f3a6a84a0ed2b1979ca6bcd13ad9ecf490f419ad60fd
jobs/fast64_v2/p5_pvt_ss_mc20_low/pvt3_ss_3p0_125c_cmp_xm5_xm6_w8p2524_xm7_xm11_w16p8587_s026_low_w4.spice,147380,190a1b653cdcb0bf56d3a502dabff3f97c79d399cad46d6ecf46050bbf6a6d94
jobs/fast64_v2/p5_pvt_ss_mc20_low/pvt3_ss_3p0_125c_cmp_xm5_xm6_w8p2524_xm7_xm11_w16p8587_s036_low_w4.spice,147448,ae470a840adc3959782ea565d79a9d5ae9663f5247512390041a1f78b3035dba
jobs/fast64_v2/p5_pvt_ss_mc20_low/pvt3_ss_3p0_125c_cmp_xm5_xm6_w8p2524_xm7_xm11_w16p8587_s044_low_w4.spice,147339,e1b19d08f41da2f1fccecd5c7e115a649f06b7d0923955ea187626da50d4a119
jobs/fast64_v2/p5_pvt_ss_mc20_low/pvt3_ss_3p0_125c_cmp_xm5_xm6_w8p2524_xm7_xm11_w16p8587_s045_low_w4.spice,147408,d07502869b8dfd38065470954acb10a891092df233a7d2696af0dc1b6d5f2f49
jobs/fast64_v2/p5_pvt_ss_mc20_low/pvt3_ss_3p0_125c_cmp_xm5_xm6_w8p2524_xm7_xm11_w16p8587_s053_low_w4.spice,147352,02038fc6962043d712c7cebb87c21af500cf9d40b49d41879ce4bdc3b5e5386d
jobs/fast64_v2/p5_pvt_ss_mc20_low/pvt3_ss_3p0_125c_cmp_xm5_xm6_w8p2524_xm7_xm11_w16p8587_s065_low_w4.spice,147408,381083841e1d436c5eea913e6c0a257208b3fc2ab2d84d930fbd91365c74289f
jobs/fast64_v2/p5_pvt_ss_mc20_low/pvt3_ss_3p0_125c_cmp_xm5_xm6_w8p2524_xm7_xm11_w16p8587_s080_low_w4.spice,147408,40f9b25a091f6cc07d2479b06f4c8a97e88992106ec805e90b1aa666db375eb4
jobs/fast64_v2/p5_pvt_ss_mc20_low/pvt3_ss_3p0_125c_cmp_xm5_xm6_w8p2524_xm7_xm11_w16p8587_s086_low_w4.spice,147350,41364ebed0caa199bf12a8413cc0191fb1aa64a468a24a83368d13a75ff099a2
jobs/fast64_v2/p5_pvt_ss_mc20_low/pvt3_ss_3p0_125c_cmp_xm5_xm6_w8p2524_xm7_xm11_w16p8587_s096_low_w4.spice,147406,6f75836ac3a37b66842a229c6edf4a7ff219c983753ac4dbdbf20e43c434e34b
jobs/fast64_v2/p5_pvt_ss_mc20_low/pvt3_ss_3p0_125c_cmp_xm5_xm6_w8p2524_xm7_xm11_w16p8587_s116_low_w4.spice,147453,9ac7117ba1405514fd5006f097614c3294a5b120d0d4d894383ef6b1b3b2f0a0
jobs/fast64_v2/p5_pvt_ss_mc20_low/pvt3_ss_3p0_125c_cmp_xm5_xm6_w8p2524_xm7_xm11_w16p8587_s128_low_w4.spice,147387,cb9d94ef0c775cd17d861379b696930ec7ed56989c48686d31700b62bc1c6322
jobs/fast64_v2/p5_pvt_ss_mc20_low/pvt3_ss_3p0_125c_cmp_xm5_xm6_w8p2524_xm7_xm11_w16p8587_s132_low_w4.spice,147381,24886b333275fd411b6c28846383b47d7823ba141ce4ff2ccd9f3230d10bc6f8
jobs/fast64_v2/p5_pvt_ss_mc20_low/pvt3_ss_3p0_125c_cmp_xm5_xm6_w8p2524_xm7_xm11_w16p8587_s142_low_w4.spice,147357,f217d3463ecc75c8b1a95611b9b20461478718bbf0fcd8df28d1502560a0a254
jobs/fast64_v2/p5_pvt_ss_mc20_low/pvt3_ss_3p0_125c_cmp_xm5_xm6_w8p2524_xm7_xm11_w16p8587_s182_low_w4.spice,147413,f96491507c264a2a2c9020e3e44b6b9468da6cfacbc699dc941d921f5e990ea4
jobs/fast64_v2/p5_pvt_ss_mc20_low/pvt3_ss_3p0_125c_cmp_xm5_xm6_w8p2524_xm7_xm11_w16p8587_s188_low_w4.spice,147375,f849debfc97ac2afcfa8789da636547f0229124599f11af5b524617337fc524d
jobs/fast64_v2/p5_pvt_ss_mc20_low/pvt3_ss_3p0_125c_cmp_xm5_xm6_w8p2524_xm7_xm11_w16p8587_s189_low_w4.spice,147372,2d16e544ae58e51648f5f8a156bd500cf9d499eef714fc80cac4a93fd3d61e70
jobs/fast64_v2/p5_pvt_ss_mc20_low/pvt3_ss_3p0_125c_cmp_xm5_xm6_w8p2524_xm7_xm11_w16p8587_s190_low_w4.spice,147412,4b060e94112a007e64c7dbd2aa8a167f23a9adbf16e75082864d0d374ce4d27b
jobs/fast64_v2/p6_pvt_ff_mc20_low/pvt3_ff_3p6_m40c_cmp_xm5_xm6_w8p2524_xm7_xm11_w16p8587_s002_low_w4.spice,147387,ccc5358ac724b7fe87668a4f5b96917716f0f58c3ebb9730ed2587ba63abd08d
jobs/fast64_v2/p6_pvt_ff_mc20_low/pvt3_ff_3p6_m40c_cmp_xm5_xm6_w8p2524_xm7_xm11_w16p8587_s012_low_w4.spice,147450,9669964f3bc322787df84c8d18a09a330b9163a48303bff41af07b8f37e10076
jobs/fast64_v2/p6_pvt_ff_mc20_low/pvt3_ff_3p6_m40c_cmp_xm5_xm6_w8p2524_xm7_xm11_w16p8587_s021_low_w4.spice,147331,88e39cb6271e6f371b5d29faae118bd1efebdb3fe9ce8a211c6a620636cff747
jobs/fast64_v2/p6_pvt_ff_mc20_low/pvt3_ff_3p6_m40c_cmp_xm5_xm6_w8p2524_xm7_xm11_w16p8587_s026_low_w4.spice,147394,5eb1dad9663910e32ecfbc0590e268f291d25b0e0f0a4c5debc636379c33c90a
jobs/fast64_v2/p6_pvt_ff_mc20_low/pvt3_ff_3p6_m40c_cmp_xm5_xm6_w8p2524_xm7_xm11_w16p8587_s036_low_w4.spice,147462,16f6219e5d4ffdc81c9c4efdf556b4295a51a95b3217a0ac56b66d621a393b5e
jobs/fast64_v2/p6_pvt_ff_mc20_low/pvt3_ff_3p6_m40c_cmp_xm5_xm6_w8p2524_xm7_xm11_w16p8587_s044_low_w4.spice,147353,2262bc4ee12d468e3f7d2dde12c7f1a309c50739dc008b6570b5fcb1568f16b4
jobs/fast64_v2/p6_pvt_ff_mc20_low/pvt3_ff_3p6_m40c_cmp_xm5_xm6_w8p2524_xm7_xm11_w16p8587_s045_low_w4.spice,147422,4fc4cfe245f4e6634487142a632e584f2a302f92e5b8d878cb7a288b7984619e
jobs/fast64_v2/p6_pvt_ff_mc20_low/pvt3_ff_3p6_m40c_cmp_xm5_xm6_w8p2524_xm7_xm11_w16p8587_s053_low_w4.spice,147366,7f698a196742598ddd9b90eebd500a1e23b3cf489b793c9d7a31c6fbbebe94c1
jobs/fast64_v2/p6_pvt_ff_mc20_low/pvt3_ff_3p6_m40c_cmp_xm5_xm6_w8p2524_xm7_xm11_w16p8587_s065_low_w4.spice,147422,2e0759c431f04abb43c7686fe36c361a25aa24fd1f17cf33cf93da7964cdf18b
jobs/fast64_v2/p6_pvt_ff_mc20_low/pvt3_ff_3p6_m40c_cmp_xm5_xm6_w8p2524_xm7_xm11_w16p8587_s080_low_w4.spice,147422,6af788b3f6a3cdb7d204d14cecf34cf8df79b1365db892a89bed758d844519a6
jobs/fast64_v2/p6_pvt_ff_mc20_low/pvt3_ff_3p6_m40c_cmp_xm5_xm6_w8p2524_xm7_xm11_w16p8587_s086_low_w4.spice,147364,853b87006681d6f640988e21d451ca30c8a1ac64c685e194cde317f02eeb2dd4
jobs/fast64_v2/p6_pvt_ff_mc20_low/pvt3_ff_3p6_m40c_cmp_xm5_xm6_w8p2524_xm7_xm11_w16p8587_s096_low_w4.spice,147420,be033cc07aab21c8541a2997d78a68dc1dd4ab74d664483ebe797bc5beeea971
jobs/fast64_v2/p6_pvt_ff_mc20_low/pvt3_ff_3p6_m40c_cmp_xm5_xm6_w8p2524_xm7_xm11_w16p8587_s116_low_w4.spice,147467,19160eed75d6e11b8f296be934dfe5627fdf67e9efb25c217b4b9530f106d68c
jobs/fast64_v2/p6_pvt_ff_mc20_low/pvt3_ff_3p6_m40c_cmp_xm5_xm6_w8p2524_xm7_xm11_w16p8587_s128_low_w4.spice,147401,faba169fe8fa7234536cd953febe2cd564ced04a60379d480efbc01e09872662
jobs/fast64_v2/p6_pvt_ff_mc20_low/pvt3_ff_3p6_m40c_cmp_xm5_xm6_w8p2524_xm7_xm11_w16p8587_s132_low_w4.spice,147395,8e31d608b947de0b69ed62b6ff72d4730569d9763dd6d6ade7723adb49d76829
jobs/fast64_v2/p6_pvt_ff_mc20_low/pvt3_ff_3p6_m40c_cmp_xm5_xm6_w8p2524_xm7_xm11_w16p8587_s142_low_w4.spice,147371,7623dc0a8fd54c10ee232867187d10e8d4abc62f27c752201d0a6ad7908d114a
jobs/fast64_v2/p6_pvt_ff_mc20_low/pvt3_ff_3p6_m40c_cmp_xm5_xm6_w8p2524_xm7_xm11_w16p8587_s182_low_w4.spice,147427,e4b4a2b7a8becccce3fbe8e784322f7898684195a039452e8219841b0a2d0a82
jobs/fast64_v2/p6_pvt_ff_mc20_low/pvt3_ff_3p6_m40c_cmp_xm5_xm6_w8p2524_xm7_xm11_w16p8587_s188_low_w4.spice,147389,343ff108af5f62d51f1ab8cfe987d7175a5d427f41d84a7bbd0a7a02164f397d
jobs/fast64_v2/p6_pvt_ff_mc20_low/pvt3_ff_3p6_m40c_cmp_xm5_xm6_w8p2524_xm7_xm11_w16p8587_s189_low_w4.spice,147386,cf50799fd2b2a5ff196bce529774404a7a6da1ae4319ae77ec739a31d8080af1
jobs/fast64_v2/p6_pvt_ff_mc20_low/pvt3_ff_3p6_m40c_cmp_xm5_xm6_w8p2524_xm7_xm11_w16p8587_s190_low_w4.spice,147426,a6fde729af8cc5f4df59bd22dfbfcc58f7f7ced479671a14cc1a09341888157c
jobs/pvt_pairing_probe/ff_3p6_m40c_s044_r1.spice,1996,8907f977bfd26e0d7c00cd79205f779d7a767acc91d2c3b59b3a9d668ead8979
jobs/pvt_pairing_probe/ff_3p6_m40c_s044_r2.spice,1996,8907f977bfd26e0d7c00cd79205f779d7a767acc91d2c3b59b3a9d668ead8979
jobs/pvt_pairing_probe/ff_3p6_m40c_s096_r1.spice,1996,c3a9d26ab4c1d98c7e76055bbdc1b000304a0b1073da12633d304e905aed9595
jobs/pvt_pairing_probe/ff_3p6_m40c_s096_r2.spice,1996,c3a9d26ab4c1d98c7e76055bbdc1b000304a0b1073da12633d304e905aed9595
jobs/pvt_pairing_probe/ss_3p0_125c_s044_r1.spice,1996,9cd45f9b5e1001f73a2192d40bebc36542b39b20d7e481f6363a784204e9a815
jobs/pvt_pairing_probe/ss_3p0_125c_s044_r2.spice,1996,9cd45f9b5e1001f73a2192d40bebc36542b39b20d7e481f6363a784204e9a815
jobs/pvt_pairing_probe/ss_3p0_125c_s096_r1.spice,1996,c3f42521ff91cca0ef27063af6c396486bfd4dfaebe8eaac417fedf85777dae5
jobs/pvt_pairing_probe/ss_3p0_125c_s096_r2.spice,1996,c3f42521ff91cca0ef27063af6c396486bfd4dfaebe8eaac417fedf85777dae5
jobs/pvt_pairing_probe/tt_3p3_27c_s044_r1.spice,2000,a944d8dd8f265db135798b325d0f850fa60c176ddcc3f8a1285e109b296bcd37
jobs/pvt_pairing_probe/tt_3p3_27c_s044_r2.spice,2000,a944d8dd8f265db135798b325d0f850fa60c176ddcc3f8a1285e109b296bcd37
jobs/pvt_pairing_probe/tt_3p3_27c_s096_r1.spice,2000,d20a85480f6743940f4123f67a54eb08cc08b41c526fa69ecf8bb532ec141175
jobs/pvt_pairing_probe/tt_3p3_27c_s096_r2.spice,2000,d20a85480f6743940f4123f67a54eb08cc08b41c526fa69ecf8bb532ec141175
logs/fast64_v2/p1_smoke/smoke_ff_3p6_m40c_nominal_off_low_w4.log,68262,8dc8fc9d87735e77001d75f514d030060dfa612b5a5cba608d53bb5fd2d3d067
logs/fast64_v2/p1_smoke/smoke_ff_3p6_m40c_s044_on_low_w4.log,77368,92ebbf3159016cde473b1f3aa5e831b0e9685e7fa879d11a57af90db52e18092
logs/fast64_v2/p1_smoke/smoke_ff_3p6_m40c_s096_on_low_w4.log,69417,eb827c83d86724b8d1150c3575d16a5c95c35a376265da0dc1437d7011f9ff36
logs/fast64_v2/p1_smoke/smoke_ss_3p0_125c_nominal_off_low_w4.log,66314,e0cf5fcdc4ef85a2df3e725823daf34d81d4bcf280a01aeb98b0fe3f439038da
logs/fast64_v2/p1_smoke/smoke_ss_3p0_125c_s044_on_low_w4.log,68021,d7bb06a49d88048c75e845d7ad125f74ad91d2c414b085daa5d7c2a139fcf0b1
logs/fast64_v2/p1_smoke/smoke_ss_3p0_125c_s096_on_low_w4.log,67920,ee6c4f3fb121de74cb39a3441766d4faa5850c2a6475bad23c6d8f6e8ede64f8
logs/fast64_v2/p1_smoke/smoke_tt_3p3_27c_nominal_off_low_w4.log,66860,2ade0d376e4ffd9de4405220716629f8d072eb2647690a665d8dbd2dd7fc3361
logs/fast64_v2/p1_smoke/smoke_tt_3p3_27c_s044_on_low_w4.log,68452,2f8df4ef8d4f40dff35afdb329160d293396b60b05c1012daa7d676841c5b0b4
logs/fast64_v2/p1_smoke/smoke_tt_3p3_27c_s096_on_low_w4.log,68452,43b3528f6ef9f085767c10c699dbfb65a7bebf01de3d3a9656fe9c8b943d0cbf
logs/fast64_v2/p4_pvt_tt_mc20_low/pvt3_tt_3p3_27c_cmp_xm5_xm6_w8p2524_xm7_xm11_w16p8587_s002_low_w4.log,68471,1c1853658d5ff60082714499484c78c2de427ed0a6cc30fb4a1c632324c79a73
logs/fast64_v2/p4_pvt_tt_mc20_low/pvt3_tt_3p3_27c_cmp_xm5_xm6_w8p2524_xm7_xm11_w16p8587_s012_low_w4.log,68448,b9d686b3f22b3039235b7ded12e563f1e03dc77f06e26f4a6f7951702ae48561
logs/fast64_v2/p4_pvt_tt_mc20_low/pvt3_tt_3p3_27c_cmp_xm5_xm6_w8p2524_xm7_xm11_w16p8587_s021_low_w4.log,68479,c919aa5430b05296b3f987af79fadcf151071bf09825ba5f014dbc079a5ebd4f
logs/fast64_v2/p4_pvt_tt_mc20_low/pvt3_tt_3p3_27c_cmp_xm5_xm6_w8p2524_xm7_xm11_w16p8587_s026_low_w4.log,68455,0fb6f2b81702ddf979d7a8ada6a92493f0ea111bda45bbb767bfdfcd984a9569
logs/fast64_v2/p4_pvt_tt_mc20_low/pvt3_tt_3p3_27c_cmp_xm5_xm6_w8p2524_xm7_xm11_w16p8587_s036_low_w4.log,68464,97c7962772affe368e5fa1d67cbd5ab3fafc144df30a8fb852b1db73cecbea6c
logs/fast64_v2/p4_pvt_tt_mc20_low/pvt3_tt_3p3_27c_cmp_xm5_xm6_w8p2524_xm7_xm11_w16p8587_s044_low_w4.log,68452,2f8df4ef8d4f40dff35afdb329160d293396b60b05c1012daa7d676841c5b0b4
logs/fast64_v2/p4_pvt_tt_mc20_low/pvt3_tt_3p3_27c_cmp_xm5_xm6_w8p2524_xm7_xm11_w16p8587_s045_low_w4.log,68470,3eb8c79af5a8deb15aac83cd08458227438a6ad8b8d936e288e9d02b8480aee5
logs/fast64_v2/p4_pvt_tt_mc20_low/pvt3_tt_3p3_27c_cmp_xm5_xm6_w8p2524_xm7_xm11_w16p8587_s053_low_w4.log,68446,68d233525b918d6f7023b170ed4216a563c3d2d5785595e4d5c111071674e229
logs/fast64_v2/p4_pvt_tt_mc20_low/pvt3_tt_3p3_27c_cmp_xm5_xm6_w8p2524_xm7_xm11_w16p8587_s065_low_w4.log,68451,72820129a58aeb9054420a6c572ce7e91910b349bfebafce0412098a59da512e
logs/fast64_v2/p4_pvt_tt_mc20_low/pvt3_tt_3p3_27c_cmp_xm5_xm6_w8p2524_xm7_xm11_w16p8587_s080_low_w4.log,68466,799ba41c6d639c1703319d5de5ade4e82a82e7a0f645e62300a2cc90bce3c46e
logs/fast64_v2/p4_pvt_tt_mc20_low/pvt3_tt_3p3_27c_cmp_xm5_xm6_w8p2524_xm7_xm11_w16p8587_s086_low_w4.log,68483,e8ce85ef8d2da60e6a723f8a81c5749ecdffac04c18ae533dde2da876fb7db54
logs/fast64_v2/p4_pvt_tt_mc20_low/pvt3_tt_3p3_27c_cmp_xm5_xm6_w8p2524_xm7_xm11_w16p8587_s096_low_w4.log,68452,43b3528f6ef9f085767c10c699dbfb65a7bebf01de3d3a9656fe9c8b943d0cbf
logs/fast64_v2/p4_pvt_tt_mc20_low/pvt3_tt_3p3_27c_cmp_xm5_xm6_w8p2524_xm7_xm11_w16p8587_s116_low_w4.log,68581,9b8a31e3eb6411156eff9a67c18f1b90d8903b6bbaea5ce1caf97865b1e7c906
logs/fast64_v2/p4_pvt_tt_mc20_low/pvt3_tt_3p3_27c_cmp_xm5_xm6_w8p2524_xm7_xm11_w16p8587_s128_low_w4.log,68441,6c4233d2aa3e1b3aaae42c870d61d2fcaf5f060bead876064ba7867099b92e51
logs/fast64_v2/p4_pvt_tt_mc20_low/pvt3_tt_3p3_27c_cmp_xm5_xm6_w8p2524_xm7_xm11_w16p8587_s132_low_w4.log,68477,0c8a25f5b76b22082b58a512532ef6515dff9f518573ddca5ec5c8b5f75b3e0a
logs/fast64_v2/p4_pvt_tt_mc20_low/pvt3_tt_3p3_27c_cmp_xm5_xm6_w8p2524_xm7_xm11_w16p8587_s142_low_w4.log,68435,4cc61d47b36b0a4c8ada86163976aaba14ce54f27cbbb5816a2fdb65951c1b59
logs/fast64_v2/p4_pvt_tt_mc20_low/pvt3_tt_3p3_27c_cmp_xm5_xm6_w8p2524_xm7_xm11_w16p8587_s182_low_w4.log,68440,e8fbcd442dde65218d49ac68a02c3e13daf3655b9829b7c4c8c5a738ae53668b
logs/fast64_v2/p4_pvt_tt_mc20_low/pvt3_tt_3p3_27c_cmp_xm5_xm6_w8p2524_xm7_xm11_w16p8587_s188_low_w4.log,68460,ffef470030854d77fbd3698aee3931effa481912c2c944861405875cb8ea9510
logs/fast64_v2/p4_pvt_tt_mc20_low/pvt3_tt_3p3_27c_cmp_xm5_xm6_w8p2524_xm7_xm11_w16p8587_s189_low_w4.log,68460,e850e4a08a208c6a0f798ef94d70d24d36fda57de68c0dda4ff140cf27b8f651
logs/fast64_v2/p4_pvt_tt_mc20_low/pvt3_tt_3p3_27c_cmp_xm5_xm6_w8p2524_xm7_xm11_w16p8587_s190_low_w4.log,68459,d55263eea025c94b19cd079ff7cef39742caf4a90a538bffb8995d53efecc434
logs/fast64_v2/p5_pvt_ss_mc20_low/pvt3_ss_3p0_125c_cmp_xm5_xm6_w8p2524_xm7_xm11_w16p8587_s002_low_w4.log,68001,027bcae4d6f36fd16ce06f1c72dd5c778b0943e57d514b5b6fda413501d35ce0
logs/fast64_v2/p5_pvt_ss_mc20_low/pvt3_ss_3p0_125c_cmp_xm5_xm6_w8p2524_xm7_xm11_w16p8587_s012_low_w4.log,68003,bdb813bff5f32d2ec6facee355e1c2c41eedb35c98b9e792f1e02299f8055ed2
logs/fast64_v2/p5_pvt_ss_mc20_low/pvt3_ss_3p0_125c_cmp_xm5_xm6_w8p2524_xm7_xm11_w16p8587_s021_low_w4.log,68005,3db2c1642ce9dcfb8d9f6d6acd3462e10ff19cf8d2138cb8171b47aeeaf606b5
logs/fast64_v2/p5_pvt_ss_mc20_low/pvt3_ss_3p0_125c_cmp_xm5_xm6_w8p2524_xm7_xm11_w16p8587_s026_low_w4.log,68030,e3193c3eeeb4ccd6a11f37a95d5ce6d46a8cea6eb09638645fb8742c024ed76e
logs/fast64_v2/p5_pvt_ss_mc20_low/pvt3_ss_3p0_125c_cmp_xm5_xm6_w8p2524_xm7_xm11_w16p8587_s036_low_w4.log,68025,bdfa9f31add2dee59d5b3817f78885ab0435bd6a34d5e8fcac3b0f4b57aae9f2
logs/fast64_v2/p5_pvt_ss_mc20_low/pvt3_ss_3p0_125c_cmp_xm5_xm6_w8p2524_xm7_xm11_w16p8587_s044_low_w4.log,68021,d7bb06a49d88048c75e845d7ad125f74ad91d2c414b085daa5d7c2a139fcf0b1
logs/fast64_v2/p5_pvt_ss_mc20_low/pvt3_ss_3p0_125c_cmp_xm5_xm6_w8p2524_xm7_xm11_w16p8587_s045_low_w4.log,68032,b2962d3c73163b297569490ac8af416b0c6bcd67bd96c70bafd437e51cc26000
logs/fast64_v2/p5_pvt_ss_mc20_low/pvt3_ss_3p0_125c_cmp_xm5_xm6_w8p2524_xm7_xm11_w16p8587_s053_low_w4.log,68015,fc9a9e9f563dd35d0b297941a57ffabb1d6b3c8bdf95e772e78c05f267d982e9
logs/fast64_v2/p5_pvt_ss_mc20_low/pvt3_ss_3p0_125c_cmp_xm5_xm6_w8p2524_xm7_xm11_w16p8587_s065_low_w4.log,68006,630abd511df86e4e46b6543e80742baebe6d87d9ecfb18a5aefebf7ea318afc9
logs/fast64_v2/p5_pvt_ss_mc20_low/pvt3_ss_3p0_125c_cmp_xm5_xm6_w8p2524_xm7_xm11_w16p8587_s080_low_w4.log,68025,e7d83c65ee906f3087c49d69a01bf041a6625b84e393fd551613f18db27aa1e8
logs/fast64_v2/p5_pvt_ss_mc20_low/pvt3_ss_3p0_125c_cmp_xm5_xm6_w8p2524_xm7_xm11_w16p8587_s086_low_w4.log,68032,d49a98d528d7735f2b7dbbd2444d37744fd10903c33e9fb6f02412d199aa7b63
logs/fast64_v2/p5_pvt_ss_mc20_low/pvt3_ss_3p0_125c_cmp_xm5_xm6_w8p2524_xm7_xm11_w16p8587_s096_low_w4.log,67920,ee6c4f3fb121de74cb39a3441766d4faa5850c2a6475bad23c6d8f6e8ede64f8
logs/fast64_v2/p5_pvt_ss_mc20_low/pvt3_ss_3p0_125c_cmp_xm5_xm6_w8p2524_xm7_xm11_w16p8587_s116_low_w4.log,68046,93136b6e9c50f6a40b5d7cd84901f11e81e95dab65b58c0941be9300e9d6c2ef
logs/fast64_v2/p5_pvt_ss_mc20_low/pvt3_ss_3p0_125c_cmp_xm5_xm6_w8p2524_xm7_xm11_w16p8587_s128_low_w4.log,68011,7e4487b291d4e9f4dd9d6ccb27df140ef0974cd0e0728a50ca63542fb6e68f98
logs/fast64_v2/p5_pvt_ss_mc20_low/pvt3_ss_3p0_125c_cmp_xm5_xm6_w8p2524_xm7_xm11_w16p8587_s132_low_w4.log,68017,17985ba62d8225ba76b7b45352cdb8cec113628bc55683fa75b3c1f56f6bd74a
logs/fast64_v2/p5_pvt_ss_mc20_low/pvt3_ss_3p0_125c_cmp_xm5_xm6_w8p2524_xm7_xm11_w16p8587_s142_low_w4.log,68024,a59b34cbee448dbef248aaeed530584c8a72855aae8962b91fb7768a542f8c71
logs/fast64_v2/p5_pvt_ss_mc20_low/pvt3_ss_3p0_125c_cmp_xm5_xm6_w8p2524_xm7_xm11_w16p8587_s182_low_w4.log,68020,d62c28280c9a522329c7e19945648b3c25db88b1552d0d0fd8ea6c6ace5d3d3a
logs/fast64_v2/p5_pvt_ss_mc20_low/pvt3_ss_3p0_125c_cmp_xm5_xm6_w8p2524_xm7_xm11_w16p8587_s188_low_w4.log,68041,ed6b801daab13122faa38ceb6433e7491dc29fd73ca4abdd19a1325c1b264249
logs/fast64_v2/p5_pvt_ss_mc20_low/pvt3_ss_3p0_125c_cmp_xm5_xm6_w8p2524_xm7_xm11_w16p8587_s189_low_w4.log,67993,a8f05f68388b9359e087b9e50c5f73a595e8b35b2bc70f13911c816f37d06949
logs/fast64_v2/p5_pvt_ss_mc20_low/pvt3_ss_3p0_125c_cmp_xm5_xm6_w8p2524_xm7_xm11_w16p8587_s190_low_w4.log,68011,8fa0064340ca3c5857912feee2ab9162187257b5034035f013e5cade34d2b537
logs/fast64_v2/p6_pvt_ff_mc20_low/pvt3_ff_3p6_m40c_cmp_xm5_xm6_w8p2524_xm7_xm11_w16p8587_s002_low_w4.log,69644,97c3ae6c5b3be9e25cf98f58b24701e3e20bcc667f0f803ecb5d9365ea35f55c
logs/fast64_v2/p6_pvt_ff_mc20_low/pvt3_ff_3p6_m40c_cmp_xm5_xm6_w8p2524_xm7_xm11_w16p8587_s012_low_w4.log,69637,75e401a19fb962bd69b0e638009f81af129903a8a05e5f7d6cb763656898d93a
logs/fast64_v2/p6_pvt_ff_mc20_low/pvt3_ff_3p6_m40c_cmp_xm5_xm6_w8p2524_xm7_xm11_w16p8587_s021_low_w4.log,69754,69f9e106bf8bda9260a918d6edab0109ef3d7edd6460af0bed25f5e8c9687597
logs/fast64_v2/p6_pvt_ff_mc20_low/pvt3_ff_3p6_m40c_cmp_xm5_xm6_w8p2524_xm7_xm11_w16p8587_s026_low_w4.log,69742,a937785a14e43bcdb955557a646dbb256e210eeb2c10bb4dc861aa7a5d924364
logs/fast64_v2/p6_pvt_ff_mc20_low/pvt3_ff_3p6_m40c_cmp_xm5_xm6_w8p2524_xm7_xm11_w16p8587_s036_low_w4.log,69527,bf240760bd5272ef2d94e72d0303888cbe8c45a6e5e80044bb41bc939cc8f993
logs/fast64_v2/p6_pvt_ff_mc20_low/pvt3_ff_3p6_m40c_cmp_xm5_xm6_w8p2524_xm7_xm11_w16p8587_s044_low_w4.log,77362,24bac5c985035f7cdc19c98f0b0b7cb2e6da5f0bf0ee7dae72561bbbd0397f55
logs/fast64_v2/p6_pvt_ff_mc20_low/pvt3_ff_3p6_m40c_cmp_xm5_xm6_w8p2524_xm7_xm11_w16p8587_s045_low_w4.log,69522,a5333b042115aeb43beb4acc0dfbbe53cabd2eb218427f7cb247861989c29bf8
logs/fast64_v2/p6_pvt_ff_mc20_low/pvt3_ff_3p6_m40c_cmp_xm5_xm6_w8p2524_xm7_xm11_w16p8587_s053_low_w4.log,69643,2abaf3d65952226429060c1cdf0f234dec36ad41cb0e2b1b060cdd3bfae77325
logs/fast64_v2/p6_pvt_ff_mc20_low/pvt3_ff_3p6_m40c_cmp_xm5_xm6_w8p2524_xm7_xm11_w16p8587_s065_low_w4.log,69497,1c02602c085ccd289d78b3f847ab2c129a03ae69cb29055d1ea2e26065cad0d8
logs/fast64_v2/p6_pvt_ff_mc20_low/pvt3_ff_3p6_m40c_cmp_xm5_xm6_w8p2524_xm7_xm11_w16p8587_s080_low_w4.log,77351,aa0138120b8512b1045254af9a811fc26885265ff57d536e2451c306d050f69a
logs/fast64_v2/p6_pvt_ff_mc20_low/pvt3_ff_3p6_m40c_cmp_xm5_xm6_w8p2524_xm7_xm11_w16p8587_s086_low_w4.log,69554,79831de367f6518680671bc9a200406146ba03f783e488bd18823c7c8b3b3f34
logs/fast64_v2/p6_pvt_ff_mc20_low/pvt3_ff_3p6_m40c_cmp_xm5_xm6_w8p2524_xm7_xm11_w16p8587_s096_low_w4.log,69417,eb827c83d86724b8d1150c3575d16a5c95c35a376265da0dc1437d7011f9ff36
logs/fast64_v2/p6_pvt_ff_mc20_low/pvt3_ff_3p6_m40c_cmp_xm5_xm6_w8p2524_xm7_xm11_w16p8587_s116_low_w4.log,69768,94bb83daa6fcfd4ab142da7ef7b44bba7fe688084314376016e27ff1b3a45122
logs/fast64_v2/p6_pvt_ff_mc20_low/pvt3_ff_3p6_m40c_cmp_xm5_xm6_w8p2524_xm7_xm11_w16p8587_s128_low_w4.log,69605,bf42f310025a05242769c270e199780d207f855a4674ba191cde1377e8ef016d
logs/fast64_v2/p6_pvt_ff_mc20_low/pvt3_ff_3p6_m40c_cmp_xm5_xm6_w8p2524_xm7_xm11_w16p8587_s132_low_w4.log,69741,522a337e299ef02777a290a85efe0744b13cabd1d60c023d0f30ecc08ba8dc4e
logs/fast64_v2/p6_pvt_ff_mc20_low/pvt3_ff_3p6_m40c_cmp_xm5_xm6_w8p2524_xm7_xm11_w16p8587_s142_low_w4.log,69723,9d585b9acd2ecdc4e62078bafc223adccc746148c04e3143f4864c7fe9d49dd4
logs/fast64_v2/p6_pvt_ff_mc20_low/pvt3_ff_3p6_m40c_cmp_xm5_xm6_w8p2524_xm7_xm11_w16p8587_s182_low_w4.log,69746,0d33a44b004815d2039779c2b02422cef6e23f3c38da98f1229c1c31ac5cd787
logs/fast64_v2/p6_pvt_ff_mc20_low/pvt3_ff_3p6_m40c_cmp_xm5_xm6_w8p2524_xm7_xm11_w16p8587_s188_low_w4.log,69635,88d30cd7770d8df6551a4c66755050c8378a23fd3ae5ccaa17eb3bb479d5d596
logs/fast64_v2/p6_pvt_ff_mc20_low/pvt3_ff_3p6_m40c_cmp_xm5_xm6_w8p2524_xm7_xm11_w16p8587_s189_low_w4.log,69527,b6241cfb78ecca68cf1b460fb3c5ed8659abb1a470e28da9b895936bf6b3d141
logs/fast64_v2/p6_pvt_ff_mc20_low/pvt3_ff_3p6_m40c_cmp_xm5_xm6_w8p2524_xm7_xm11_w16p8587_s190_low_w4.log,69632,db7858903a040c8dd0415418d8d88fd1bb36b339897a5e19232c0bbde9601861
logs/pvt_formal_driver.log,8463,32cfb31118d1e5678a00b298372e3c4d3d661ee1ae9cad1c1fa1adffb715ff78
logs/pvt_pairing_probe/ff_3p6_m40c_s044_r1.log,642,355f7e15b16ffd8b20b5516edd4fc2696dbc291f829685e4ed68c2617e594dbf
logs/pvt_pairing_probe/ff_3p6_m40c_s044_r2.log,642,355f7e15b16ffd8b20b5516edd4fc2696dbc291f829685e4ed68c2617e594dbf
logs/pvt_pairing_probe/ff_3p6_m40c_s096_r1.log,642,483700216e8bee924e7238eed8b4ae57fcbafb4740abc8edf62d2a092f9c1450
logs/pvt_pairing_probe/ff_3p6_m40c_s096_r2.log,642,483700216e8bee924e7238eed8b4ae57fcbafb4740abc8edf62d2a092f9c1450
logs/pvt_pairing_probe/ss_3p0_125c_s044_r1.log,642,566d7d785d7af22fa2a4c31603a446d6f786bb1f93bd594caf0c16376d572c75
logs/pvt_pairing_probe/ss_3p0_125c_s044_r2.log,642,566d7d785d7af22fa2a4c31603a446d6f786bb1f93bd594caf0c16376d572c75
logs/pvt_pairing_probe/ss_3p0_125c_s096_r1.log,642,732b74789cc35a8e1504718600a40f7800f6da14ab2563548fe565d18e4abc0e
logs/pvt_pairing_probe/ss_3p0_125c_s096_r2.log,642,732b74789cc35a8e1504718600a40f7800f6da14ab2563548fe565d18e4abc0e
logs/pvt_pairing_probe/tt_3p3_27c_s044_r1.log,641,61e23967e4d7ca3fca0c1e751055351ab556a6b03206a6dc6abba2b4e0f009cb
logs/pvt_pairing_probe/tt_3p3_27c_s044_r2.log,641,61e23967e4d7ca3fca0c1e751055351ab556a6b03206a6dc6abba2b4e0f009cb
logs/pvt_pairing_probe/tt_3p3_27c_s096_r1.log,641,7a6defdca357116abdc317595ff3ff56eacd135595a6fb7089cb9d2d7afc1f18
logs/pvt_pairing_probe/tt_3p3_27c_s096_r2.log,641,7a6defdca357116abdc317595ff3ff56eacd135595a6fb7089cb9d2d7afc1f18
logs/pvt_smoke_driver.log,1066,05abbf5d44d2e80146b79212b33574dd8e779959d936e60a2951b7b512b3b880
manifests/frozen_input_manifest.csv,1736,8d880a7e737cad2a7e935037cbdc0d2490f2af4ec48055e554e1997abce0c11c
manifests/job_matrix.csv,18731,e4ec993eaebd77a6663b10dba1d7339128720750321be006317ccb9534da22a8
manifests/pvt_binding_formal_audit.csv,8707,2d8e976cdfcb9435a0e7182ada5db680810c7b9426ec268ed82721888699c3cb
manifests/smoke_job_matrix.csv,2327,f0281f5ea5c65ff832b5b8166e4db5d0db60dd93a3c439fd4652f9cf42ad9cb1
models/SAR_LOGIC_BEH_TT_3P3_27C,22628,f1fc99ff4fb0c43ec02a22719c9079247dc5f77d1aad0c90f2f49ec556d7e207
models/SAR_LOGIC_BEH_TT_3P3_27C.ivvp,24707,21b3c1deaf18c38f7df0449aef298f3391240290d96f0b04b483636fa5761165
models/SAR_LOGIC_BEH_TT_3P3_27C.so,286040,e6f8341531b50a0d59e1f2f2be60f501a43d84e887b7e6226f5cd4d9c431ea0c
models/SAR_LOGIC_BEH_TT_3P3_27C.v,8528,6df2fd07da2cf65f21f4c8f514cdaf2f2d5ca84a4fb61d5df54a66738420ded3
models/SAR_LOGIC_BEH_TT_3P3_27C.va,13525,481ba49c308b598f842b914d0defbb9fd28c337f70fef162bc7d759109458a9a
models/no_r6_equivalent_loads.inc,1176,e9a41dab2e5e52b4f6ecc1d8d0d0b17eca88e8854b1ef7e24f8d62578b76dda3
models/obj_dir/Vlng,244216,1eb1c33f44b759948675eb3aeead2234c4f859c378a19a1e1c144cd3a0a11aa9
models/obj_dir/Vlng.cpp,3768,ec1b88afbdeba6248d2f72ebde2839a46ff8a45a88c407d7d2afbbc09b7d91a3
models/obj_dir/Vlng.h,4037,3e4e10d242e5589c8e9a260fa279172e3d29b0e07e4d981141d264529df2368c
models/obj_dir/Vlng.mk,2309,5804490717ecfb7c96b221910e3edc76842c2226f36aa208550a044ef8c22696
models/obj_dir/Vlng__ALL.a,42614,8a96bd758d86bb902cf89b4b8317c282ca7b9cb687f7d63422ecfda95bfee32b
models/obj_dir/Vlng__ALL.cpp,252,970afa7c204d42a0a72313e62c93bb5165eafdee255c5a6b4178d8962c54799d
models/obj_dir/Vlng__ALL.d,645,76d9bd0c643740bcd33fbdc33653caa0fdf53e5944457bfefb2f4f383ece6273
models/obj_dir/Vlng__ALL.o,38824,484df69692e07771c0333ea9d662684b870082788411a142ddefbc20de70b6b2
models/obj_dir/Vlng__Syms.h,920,aeb6e7df227b939d4a20195740ac1aa2127408a4bcbcee2cd0e4f98b0fa27dbd
models/obj_dir/Vlng__Syms__Slow.cpp,852,1b944908094504e04580fca762fc59685e552f36e8f4c12fb7a2a234f2a69661
models/obj_dir/Vlng___024root.h,2115,18e7bbf88696d88d45faaf02488074948004525546ce5356cdcf52ee0713d35e
models/obj_dir/Vlng___024root__0.cpp,50855,debe12a0071c4499e6fde2d5bd50d4af6b6c0482a079240ae2452f94819bfe58
models/obj_dir/Vlng___024root__0__Slow.cpp,10776,967db0929949f9ac44f14e08d09997c895202eb2a1279370f1742628d71873a5
models/obj_dir/Vlng___024root__Slow.cpp,674,11f5fe9d02b86ebc4a1ee7c40bdb5268c2a171e029a5c7e862df4cc8ef03bb60
models/obj_dir/Vlng__pch.h,745,972b112d15bd0ce7e340a9c878e68245507fbff57439c854f9e61caf2fcf0d01
models/obj_dir/Vlng__ver.d,1647,f8a5eb40dacf64578f2580e9371cb4a464a9a6ac817a1ce4a02066f77595c088
models/obj_dir/Vlng__verFiles.dat,3856,4afd847216b409b3540e9d83e5c3e28bb289a675e31c69333b9b786862c880e7
models/obj_dir/Vlng_classes.mk,1636,315dde8243f844b56dfdfde4fc0dabe185a2728c2950497d05b849eceaf5b3d3
models/obj_dir/inouts.h,0,e3b0c44298fc1c149afbf4c8996fb92427ae41e4649b934ca495991b7852b855
models/obj_dir/inputs.h,62,ef07e09ec40a2fa7a75e253ab26cdf0a4713c9c94704c13d84b214b7b32e6de6
models/obj_dir/outputs.h,488,566fa14722145e129a4b6e266c7696e14b7a6bce432e7fbb5a63256b8dfdea61
models/obj_dir/verilated.d,802,e57e6cd1350f68d70ceaf86c835a6cdb8c5b6e460600abc120d8d31cca333ccf
models/obj_dir/verilated.o,258264,ee3f787e3720eb885783c5c4b6adc1a0817db32b342ad0a811897d14c1c3e0eb
models/obj_dir/verilated_threads.d,487,2c83c57cbc4b44ca75dc0d8dd62b3979479b04d50661c959103aa5ebe95b6cdf
models/obj_dir/verilated_threads.o,62480,68d59b5013fbd2d2dd85ad7f0472d8723fefe216d716b50b88defa59d53ade09
models/obj_dir/verilated_timing.d,484,84694bb905620efd259ba20ccfb9b2495be47eb8a37e643c801536defcc870f5
models/obj_dir/verilated_timing.o,13320,f143b715f3324f9d1528cda064f0e1d2bbffbc3d0632ac67ef751ba0c6c6ed59
models/obj_dir/verilator_main.d,286,b0b6e8e5f987b23ad2ba55a746e4d14dc6c18be0e0196f0d1d41dd50cb5876c4
models/obj_dir/verilator_main.o,1368,94057ff1588bbff9205817b9b381c3442750c928acfe6205c7573c72b3f3c743
models/obj_dir/verilator_shim.d,650,6a3b73c1a56992eb3a5a161b21569989e1905082f803445517005d118c38f78c
models/obj_dir/verilator_shim.o,6768,3327836e14a15ae42c5a8b5de85e768e49ccf434171fec3bb20584b007ed8b4e
netlists/core/subckts/CDAC_native_extracted.subckt.spice,4365,6e98da540b1c765b0dcec4d1e10399142dc37b7f1c21960d289a83f07ec10ada
netlists/core/subckts/Comparator_StrongARM_extracted.subckt.spice,3906,53f26155df31b8d1f50dd1bc99a17a6530de29233c11faabe63906debd1b5b49
netlists/core/subckts/SWITCH_BOOT_SP_native_extracted.subckt.spice,3195,3ef9735c56374250575394bbc2dbbf4e33ad4cc4c02af0055205160908e0daf1
plots/pvt3_mc20_ecdf.pdf,19549,67b9b25ba951cc3b9c8289768b9801fb8e139cef7751e256f8d20133fddfa54a
plots/pvt3_mc20_ecdf.png,130807,563a82e4448eaffd492cb6d5edd3abc825f9fbbaccb5f4b1e51c82aac90b7f2b
plots/pvt3_mc20_hard_status_map.pdf,16046,85b0584c1e473b0fe597de746fcb57586f6049db97893ea6784b16d8ba3ea66f
plots/pvt3_mc20_hard_status_map.png,144439,8349d87711a641c572b549855a2ebe0a1719ae2e0e9888bd93af22655d5e3d27
plots/pvt3_mc20_paired_sndr_delta.pdf,23806,a7c33ddaa5d0b8cb41fe6f57c8c7065fe75f24a56ce23fba4bb5b819198bbdd3
plots/pvt3_mc20_paired_sndr_delta.png,213153,0b3838b27415c50e22ebbf4d36a5bff807684f4012d9a39e1c39179fcac0b80f
plots/pvt3_mc20_representative_spectra.pdf,25140,f063021cb11e8a45a99f0f4a6389ba534f49f0698a96b31d25ea397f614a641c
plots/pvt3_mc20_representative_spectra.png,296367,fc236963d9c0e588bf7e9f2c4dbef740ce9a2517d8f7e4833354d66f9e5c8cd9
plots/pvt3_mc20_seed_sndr.pdf,19982,4b2e893e6dd12a2de37e7085012689f90e34191c41d4a97f16dfcef81edf42ea
plots/pvt3_mc20_seed_sndr.png,381427,43ded4bd796df07c8b104d748f21c3d2a4d2b277e6970cbec1f7893d5ba847ab
references/baseline_t1p000_STATUS.json,2821,191c83ee1333f7b61a86590aa4b5bed48c03df086e7fd0abbc9b723fe03a6158
references/baseline_t1p000_comparator.subckt.spice,3896,e30b2055a880b83176f9389c8b79a13201fdd0e689ca46f3dc3f32b19436f303
references/baseline_t1p000_manifest_audit.json,215,a9b23cd4908356edbbd0194d914f4b9a470b6d021a057ad783c3c57cf7ddef5c
references/baseline_t1p000_pvt3_mc20_master.csv,88021,8ef011ad3e11cb01625bda4bbac7e3cb41cefda13a2edcb37c77c8a7f2e562c5
references/baseline_t1p000_pvt3_mc20_reference.csv,88021,8ef011ad3e11cb01625bda4bbac7e3cb41cefda13a2edcb37c77c8a7f2e562c5
references/baseline_t1p000_tt_mc20.csv,30326,a77a65cd294b9f0d7c3292e5345b9c6ab2e1433dd30a425cbbf4f4c83cf81c86
references/current_w3p61_tt_mc20_master.csv,30082,952ad49750b4629488049f07fd279159d39dcb29ad33d3a9f2431bd82b0a8ff8
reports/pvt3_mc20_report_cn.md,1680,6f18be9721d98a645eae9c0d961615014347b40cab714b6a93e9a0b3711775a8
results/baseline_pairing_audit.csv,14740,5d13f401db10ef54025fe1232f8fb4baae09829aaab5ba683ac0fc20f512f02f
results/baseline_pairing_audit.json,205,90c44835d62e4cac2204ce960b7a625932876f93e3fd1676629099089d4afda0
results/execution_pvt-formal.json,519,6b18f7e89d0359cb6ee1f26537b4c86c791b6ec7feac2c4ce55a3756e33115a2
results/execution_smoke.json,512,9e921eed00c3dcaa12ac229db9cd1d4425a20a23bca0a68106d83c79eafef075
results/final_verification.json,701,0a4fea795ec75c6216463cefb3193258841168a609dde620a4d58e75166bfd1c
results/frame0_pvt3_summary.json,425,de522e929779f19447a51cf7dc884651db3ee0118e652708f367a098d5975adc
results/frozen_input_recheck.json,4505,14b5acad0a15b1b602de36f21fee731ad495b45a140ffb9a947ad30df773d632
results/jobs/PVT3_FF_3P6_M40C_CMP_XM5_XM6_W8P2524_XM7_XM11_W16P8587_S002_LOW_W4.json,3230,d5f3b36590812f5f4e230cc793c4aa3fafc10039827f1b692395e3aa9a41d34a
results/jobs/PVT3_FF_3P6_M40C_CMP_XM5_XM6_W8P2524_XM7_XM11_W16P8587_S012_LOW_W4.json,3244,6875ff7d4c7f6f0f0dcc2cba9eff046c917fdaf9171b09d4752dabcf9f6a13c7
results/jobs/PVT3_FF_3P6_M40C_CMP_XM5_XM6_W8P2524_XM7_XM11_W16P8587_S021_LOW_W4.json,3234,0453029c5fd034b7797ce28f3f2e732ffec29d310563f0ee7210ef3fd5976851
results/jobs/PVT3_FF_3P6_M40C_CMP_XM5_XM6_W8P2524_XM7_XM11_W16P8587_S026_LOW_W4.json,3229,b535aa16c0b2aaefe83ed4be2de0e9d476610d419c79ef33473ee9c7c5406f8e
results/jobs/PVT3_FF_3P6_M40C_CMP_XM5_XM6_W8P2524_XM7_XM11_W16P8587_S036_LOW_W4.json,3228,4f455c2633fbb4afcfd2c20f622bb96832613a2bf64c6d833e27a3c2cbebf8b9
results/jobs/PVT3_FF_3P6_M40C_CMP_XM5_XM6_W8P2524_XM7_XM11_W16P8587_S044_LOW_W4.json,3228,4a78af6b9305a4d98f2d672f7aa0f170989c1702db065b139a48db1c89605ee2
results/jobs/PVT3_FF_3P6_M40C_CMP_XM5_XM6_W8P2524_XM7_XM11_W16P8587_S045_LOW_W4.json,3226,5f860d0a7520e9acad0b43944446d5fb63f05f6fcd6bf985a5515840daf77777
results/jobs/PVT3_FF_3P6_M40C_CMP_XM5_XM6_W8P2524_XM7_XM11_W16P8587_S053_LOW_W4.json,3230,af86c5f47667448b22dcc04bee76e811b898c6ef8b6a0be03ea65b5a684c6d88
results/jobs/PVT3_FF_3P6_M40C_CMP_XM5_XM6_W8P2524_XM7_XM11_W16P8587_S065_LOW_W4.json,3233,9e222e693c9af1e9d0fc29fedd5c4df14038e8ac49ce42a015428af3e70ac0b1
results/jobs/PVT3_FF_3P6_M40C_CMP_XM5_XM6_W8P2524_XM7_XM11_W16P8587_S080_LOW_W4.json,3225,f2bd1941634900c0020c9bda12971eefd41b22ba45c1a946bbd04d808c10bf6f
results/jobs/PVT3_FF_3P6_M40C_CMP_XM5_XM6_W8P2524_XM7_XM11_W16P8587_S086_LOW_W4.json,3233,9aa1b8dbb72f36b402e2a4c89800792d1a41d1b578fa30e54fe22d59bc88e119
results/jobs/PVT3_FF_3P6_M40C_CMP_XM5_XM6_W8P2524_XM7_XM11_W16P8587_S096_LOW_W4.json,3244,71c9f8f4ca9bfed5266240720c49b12ab3b1c5512a77c741147926304cc88c64
results/jobs/PVT3_FF_3P6_M40C_CMP_XM5_XM6_W8P2524_XM7_XM11_W16P8587_S116_LOW_W4.json,3231,dc68b5f00e3118be15b8cc8f1039456969aa5fbbea136f983ff095a739d93f34
results/jobs/PVT3_FF_3P6_M40C_CMP_XM5_XM6_W8P2524_XM7_XM11_W16P8587_S128_LOW_W4.json,3227,d8fbfa9aacb8cfefd46370c76fcbb36b539148fd5a1c89031d24ecb017643f2f
results/jobs/PVT3_FF_3P6_M40C_CMP_XM5_XM6_W8P2524_XM7_XM11_W16P8587_S132_LOW_W4.json,3232,e8763623e4e802489fa6346636a26792187973964e489110fd647812e0f86951
results/jobs/PVT3_FF_3P6_M40C_CMP_XM5_XM6_W8P2524_XM7_XM11_W16P8587_S142_LOW_W4.json,3231,7282eb99ac13009a3759b5ee3d7692a94a3684cf0a73eb30325f22474481ff37
results/jobs/PVT3_FF_3P6_M40C_CMP_XM5_XM6_W8P2524_XM7_XM11_W16P8587_S182_LOW_W4.json,3236,58b7cb5a85b638df06a472f0f3773394b4bb6969c42fa4ffac43ea77c155aa04
results/jobs/PVT3_FF_3P6_M40C_CMP_XM5_XM6_W8P2524_XM7_XM11_W16P8587_S188_LOW_W4.json,3244,aae874f2517802d49d5f727947fd6a7605377551706bb40deec5459f7be1e004
results/jobs/PVT3_FF_3P6_M40C_CMP_XM5_XM6_W8P2524_XM7_XM11_W16P8587_S189_LOW_W4.json,3245,f8dec3259b1738106986b6736766e8f775cd7a564f6736ea9ef48c93a019465b
results/jobs/PVT3_FF_3P6_M40C_CMP_XM5_XM6_W8P2524_XM7_XM11_W16P8587_S190_LOW_W4.json,3232,0868a1ffbfc35db9cd8f65f1ac6d554cd6b92f8d022bd1c44bdb356632074bc5
results/jobs/PVT3_SS_3P0_125C_CMP_XM5_XM6_W8P2524_XM7_XM11_W16P8587_S002_LOW_W4.json,3230,f5c78dd51de6240a26be3be9c9f7854e2140be7e657cd89d7fe4ec920d18f2ec
results/jobs/PVT3_SS_3P0_125C_CMP_XM5_XM6_W8P2524_XM7_XM11_W16P8587_S012_LOW_W4.json,3233,5365230a213b1a263abc74abcf32c33e9b51ee64ee2723cd60140be963cd1e63
results/jobs/PVT3_SS_3P0_125C_CMP_XM5_XM6_W8P2524_XM7_XM11_W16P8587_S021_LOW_W4.json,3229,b74816163f2ca8e6feceaeebb72708d28d8606b8d76bea6c77bf77408b38113f
results/jobs/PVT3_SS_3P0_125C_CMP_XM5_XM6_W8P2524_XM7_XM11_W16P8587_S026_LOW_W4.json,3234,cc1032072fe51bf5d556eeba49e47eb0c0a4aca5f2b296de2dc446d45bf928b2
results/jobs/PVT3_SS_3P0_125C_CMP_XM5_XM6_W8P2524_XM7_XM11_W16P8587_S036_LOW_W4.json,3216,49a792e23e90e2809fcaeaedf2c73a52ce5ccef28508709886fa8349bf468695
results/jobs/PVT3_SS_3P0_125C_CMP_XM5_XM6_W8P2524_XM7_XM11_W16P8587_S044_LOW_W4.json,3249,b569676aedd22e0c97dd139eef002fc72bf1671d3ceeb6a74943766797523134
results/jobs/PVT3_SS_3P0_125C_CMP_XM5_XM6_W8P2524_XM7_XM11_W16P8587_S045_LOW_W4.json,3227,d60d0268188ea313ca0a80ecee5f61e930e4b875599a8a477a27370e4656871f
results/jobs/PVT3_SS_3P0_125C_CMP_XM5_XM6_W8P2524_XM7_XM11_W16P8587_S053_LOW_W4.json,3234,f24b7de6a518dadcf7f8be7fe58d353fb38e91c6185b20c7716158b8c74389cc
results/jobs/PVT3_SS_3P0_125C_CMP_XM5_XM6_W8P2524_XM7_XM11_W16P8587_S065_LOW_W4.json,3229,3ad0dbd9c141d4465953342d417c8aba59e0fca44cbb0c21858d7184c34c15a5
results/jobs/PVT3_SS_3P0_125C_CMP_XM5_XM6_W8P2524_XM7_XM11_W16P8587_S080_LOW_W4.json,3234,42b4761f909e4cbd23718254f563cb65b3c12ac7a3faf033fe99c016c6969a79
results/jobs/PVT3_SS_3P0_125C_CMP_XM5_XM6_W8P2524_XM7_XM11_W16P8587_S086_LOW_W4.json,3233,13bb7db1148f6f2a0d91e3743b0fd0a6e312bdda5ff4c186b397c37dff580ed0
results/jobs/PVT3_SS_3P0_125C_CMP_XM5_XM6_W8P2524_XM7_XM11_W16P8587_S096_LOW_W4.json,3247,32bd19d2c6fb8c7de5d9a256cdad6581f2fde4089a9e8adf6b93071b1f56c5af
results/jobs/PVT3_SS_3P0_125C_CMP_XM5_XM6_W8P2524_XM7_XM11_W16P8587_S116_LOW_W4.json,3231,dee052123f6cd83d7991d3f520f3633cf5a0302a26a3ca03829281e3566762cb
results/jobs/PVT3_SS_3P0_125C_CMP_XM5_XM6_W8P2524_XM7_XM11_W16P8587_S128_LOW_W4.json,3229,86d7a43c806f875b031b77a17fe73e56d4a9907041ec760c41e3b2bbdd8de121
results/jobs/PVT3_SS_3P0_125C_CMP_XM5_XM6_W8P2524_XM7_XM11_W16P8587_S132_LOW_W4.json,3237,2b1700779b7b028ec362d6bd2d30dd1762e9fbd69c5c100fff5e9442806fc2d6
results/jobs/PVT3_SS_3P0_125C_CMP_XM5_XM6_W8P2524_XM7_XM11_W16P8587_S142_LOW_W4.json,3230,68aba3f016ea8cc23611109299cfe9a08b57a9f241e92f111308e92e00a54017
results/jobs/PVT3_SS_3P0_125C_CMP_XM5_XM6_W8P2524_XM7_XM11_W16P8587_S182_LOW_W4.json,3248,3bc3ca4149fbd208704b02fc3d3eb4c3419bcc13af455474194c235a573f34e5
results/jobs/PVT3_SS_3P0_125C_CMP_XM5_XM6_W8P2524_XM7_XM11_W16P8587_S188_LOW_W4.json,3228,eabb03aff78ffc88ae581bb790e660c5e4ec7280bcfbdfd158bffd1173c24bab
results/jobs/PVT3_SS_3P0_125C_CMP_XM5_XM6_W8P2524_XM7_XM11_W16P8587_S189_LOW_W4.json,3220,b084623b2802ad7436c2862a7803b682f9965d3f32a9e4c3266ad8dadcc32bea
results/jobs/PVT3_SS_3P0_125C_CMP_XM5_XM6_W8P2524_XM7_XM11_W16P8587_S190_LOW_W4.json,3175,d78db3da7d92f084e40cc05d282927d7ead71707e5eb6b010c505f9be01f32e0
results/jobs/PVT3_TT_3P3_27C_CMP_XM5_XM6_W8P2524_XM7_XM11_W16P8587_S002_LOW_W4.json,3224,4484f6372751776d9e2910e94272475da1457b14e7c82d0a1cbf07202d9059aa
results/jobs/PVT3_TT_3P3_27C_CMP_XM5_XM6_W8P2524_XM7_XM11_W16P8587_S012_LOW_W4.json,3246,26505d21c8e3eab30996d4f5a5bf4eadfa800755dc48bdbc15a92a8ad36b7398
results/jobs/PVT3_TT_3P3_27C_CMP_XM5_XM6_W8P2524_XM7_XM11_W16P8587_S021_LOW_W4.json,3228,9fbbcd49aa75686e2b90445ec99e4d4062328b66a396c3c6ca3033c384434013
results/jobs/PVT3_TT_3P3_27C_CMP_XM5_XM6_W8P2524_XM7_XM11_W16P8587_S026_LOW_W4.json,3225,0a8c2a6753eb5e80a77cbe82398f5acc78fc0d661beedba8eb1321e545f1e926
results/jobs/PVT3_TT_3P3_27C_CMP_XM5_XM6_W8P2524_XM7_XM11_W16P8587_S036_LOW_W4.json,3231,ab45dde9eabbb01ae9fc039d58c4e0a8f57e2bc7905e5ad733ea2499cce8aec3
results/jobs/PVT3_TT_3P3_27C_CMP_XM5_XM6_W8P2524_XM7_XM11_W16P8587_S044_LOW_W4.json,3224,a3a645a3d3bdfc9e34cb6651c62d258be1e40f7f3dedc5523b884a8fbfd937bb
results/jobs/PVT3_TT_3P3_27C_CMP_XM5_XM6_W8P2524_XM7_XM11_W16P8587_S045_LOW_W4.json,3232,f02d5ded3bb275c48989e3c9520fd120badb452a322d60eef1539d5854597dd5
results/jobs/PVT3_TT_3P3_27C_CMP_XM5_XM6_W8P2524_XM7_XM11_W16P8587_S053_LOW_W4.json,3230,876507592472e7ebdf800633f6298f009717de362affdde8f8d84019af4c15a7
results/jobs/PVT3_TT_3P3_27C_CMP_XM5_XM6_W8P2524_XM7_XM11_W16P8587_S065_LOW_W4.json,3248,6d491735300fd5491082522cc167c920e70a6253756c4a86ac4f5f125c022ff9
results/jobs/PVT3_TT_3P3_27C_CMP_XM5_XM6_W8P2524_XM7_XM11_W16P8587_S080_LOW_W4.json,3223,52f57c43d23e440958d02cce3d2d82683e2c15538a0a74634d32cc640b1049ed
results/jobs/PVT3_TT_3P3_27C_CMP_XM5_XM6_W8P2524_XM7_XM11_W16P8587_S086_LOW_W4.json,3223,c79a429d9c22f48801afeb6329fc0159527509ba51477f779bd8d7fc8d2b6baf
results/jobs/PVT3_TT_3P3_27C_CMP_XM5_XM6_W8P2524_XM7_XM11_W16P8587_S096_LOW_W4.json,3221,1e81d6a85f420f202a5ecb3f07535028766bb9598d03b1580b49a8051386dc0d
results/jobs/PVT3_TT_3P3_27C_CMP_XM5_XM6_W8P2524_XM7_XM11_W16P8587_S116_LOW_W4.json,3227,af99830c6ec149057442ed27d70590811788cca6e3aabc5893ee7e5e590c0e07
results/jobs/PVT3_TT_3P3_27C_CMP_XM5_XM6_W8P2524_XM7_XM11_W16P8587_S128_LOW_W4.json,3224,8b64cfc0db3c6e99e8ab14feb671e5acbcf0a4290b6223bb45a6689446be6340
results/jobs/PVT3_TT_3P3_27C_CMP_XM5_XM6_W8P2524_XM7_XM11_W16P8587_S132_LOW_W4.json,3224,f7373747e080f161a9579dd8984f4bbe0345943c439bc6bf4cdcbf66d596945a
results/jobs/PVT3_TT_3P3_27C_CMP_XM5_XM6_W8P2524_XM7_XM11_W16P8587_S142_LOW_W4.json,3243,cdadab65f26427a360c80d704a9f785601cc0000c0c7b5218c4d12797cdd630e
results/jobs/PVT3_TT_3P3_27C_CMP_XM5_XM6_W8P2524_XM7_XM11_W16P8587_S182_LOW_W4.json,3238,5625b1f18913a221327063b47d9fdd99584fa04840583bbec9a6177b575f3d98
results/jobs/PVT3_TT_3P3_27C_CMP_XM5_XM6_W8P2524_XM7_XM11_W16P8587_S188_LOW_W4.json,3222,333c1c34021c7e21a2db8a3756cab4a6e630c74f4432fcf14bc5b2a3fe4c8705
results/jobs/PVT3_TT_3P3_27C_CMP_XM5_XM6_W8P2524_XM7_XM11_W16P8587_S189_LOW_W4.json,3231,0576201aef6c1fd430defbc586b712400fa36fbff122de87230655ae9875a88a
results/jobs/PVT3_TT_3P3_27C_CMP_XM5_XM6_W8P2524_XM7_XM11_W16P8587_S190_LOW_W4.json,3206,e100b31bc60ddccc8ef4165d8f15cc7cc0c25c2aa12c78c9a59813185ef7c9f5
results/jobs/SMOKE_FF_3P6_M40C_NOMINAL_OFF_LOW_W4.json,3042,5721d1bba2240e9188a424ae46d70ec28b0c1b17d661dee0991b118ff364d883
results/jobs/SMOKE_FF_3P6_M40C_S044_ON_LOW_W4.json,3066,c7ae74c42227e67c41eb054761bfee5272445c8677c4475fcdad16b067cad9ee
results/jobs/SMOKE_FF_3P6_M40C_S096_ON_LOW_W4.json,3078,943a088b98c0e01a0789ccb5aaeb2ec75cc29729ce0b5eadb5d25fae95441109
results/jobs/SMOKE_SS_3P0_125C_NOMINAL_OFF_LOW_W4.json,3088,2c90d7033daae95e71451be981d246d8857778b4209602159b176a5ea30be36b
results/jobs/SMOKE_SS_3P0_125C_S044_ON_LOW_W4.json,3084,2f312d16577c2b81a417217ac1ebe3b1b0704edf3a7c8130ec633784f2a2b097
results/jobs/SMOKE_SS_3P0_125C_S096_ON_LOW_W4.json,3083,be858a034628e663bdf0c3353ed7448fc122649c75aad4a7742c5130421079cf
results/jobs/SMOKE_TT_3P3_27C_NOMINAL_OFF_LOW_W4.json,3081,ee7c9ca22854d0270e461faa27991ddd439d375f48036d73c7cb43642e044f42
results/jobs/SMOKE_TT_3P3_27C_S044_ON_LOW_W4.json,3059,b772ac5c3e096a09f1beca420d1c6b41745a07a5cdaf999c21066432858c62a7
results/jobs/SMOKE_TT_3P3_27C_S096_ON_LOW_W4.json,3057,c45e85880df746445627174663913c3c8a725c52cf84cdd22cf47a798ee9fd8a
results/manual_visual_review.json,975,bc76d699e9988408f828c09be5011377e3a816592533ba627f7e351787739c24
results/pvt_binding_static_audit.json,7035,09fca784f0c16eaa9c8128affde6fe963b7e85e1d156f067e7be662859eeaea3
results/pvt_pairing_audit.json,7895,45468ab8ddc43ad7ba7205913f34a991d223461b99e64c61698bb0918b96b2b1
results/rng_burn_search.json,9275,82fffd938a7c631c54865f571e4adbd43572f497e9e37c0e0a60f2ad7e6addbc
results/setup_audit.json,638,d99763717288b8e7ce471bd8d2f2d310638e24bfc2c58f96421c79ad1537bb5c
results/smoke_audit_pvt3.json,7780,ab7af5ac25f4c0b13c6012c41582f3f345d5a683f1e97eb5152974e304a0e4aa
scripts/__pycache__/analyze_tt_mc20_candidate.cpython-312.pyc,16913,9d6716a511ccfb1ad470ba9eb8b4b53c0d119e6452ea3423ca6f5c7a8134b3c3
scripts/__pycache__/audit_pvt3_smoke.cpython-312.pyc,8382,90f1280d6b243e31453a1fd151c2681647cd94add1fee8823fc75f04c05900d1
scripts/__pycache__/dynamic_analysis.cpython-312.pyc,11253,21b9398c204e01896034b093b97f049965163b07a47d24882ae431e8e24b0eb0
scripts/__pycache__/fast64_v2_common.cpython-312.pyc,13828,6d6b1c9a895241fae646edcde111a0156e373939ceab28f2d16b600df807d34d
scripts/__pycache__/finalize_pvt3_mc20.cpython-312.pyc,51530,e6d346cc8c0853c9f4c542e18688a0086720a098380315a84d510aa8e3df045a
scripts/__pycache__/finalize_tt_mc20.cpython-312.pyc,28809,51dd705decc09ba987c17e4a63ff85e22adde577e8820052e13984984cc36379
scripts/__pycache__/sar_campaign_common.cpython-312.pyc,34314,32d748bcb7bfbd0d79717a45b169d7964a63dae1d20273f1f246f359ba35143b
scripts/__pycache__/sar_event_noise.cpython-312.pyc,24163,71b938a5e61f254ada75416cf67a0ece5572ca1a156d09ef1415214beaf4b994
scripts/__pycache__/setup_pvt3_mc20.cpython-312.pyc,21145,ce7355b275246dd45f3a32b66a46ea4e0c69a159b27a750f7529b8754444f88d
scripts/__pycache__/setup_tt_mc20_candidate.cpython-312.pyc,11051,f26a4e4f3e1d610e859f9db8e64650a4329dd794650cd40c533f486c6a13eed7
scripts/analyze_tt_mc20_candidate.py,12611,f8ac1f454e005cef89faed44c147a34aa027f4f69729106b7a3a93a107e46d6e
scripts/audit_pvt3_smoke.py,5449,1868b4013977d1d15418ce155b36f0a6e1b05dfd32e30b8139c02374efac69c3
scripts/audit_tt_formal_compatibility.py,2562,a5204d24c464b503319d7d9195c267856ee8891539cec9d657c9d397c1984ff5
scripts/dynamic_analysis.py,8050,327628f51fdc0b88ee72ee14dc0c33ceb2d93a56a17c61093db9053990e0a90a
scripts/fast64_v2_common.py,10238,3a5a9fc4967d141ca337f2280ead34e4ab7d935b46f2508cfde4fa74db1de198
scripts/finalize_pvt3_mc20.py,37187,041105ce21c119d46c668dac997b822b1a3cf73eb95b49ca44e205289fb382a2
scripts/finalize_tt_mc20.py,20974,5faea1c6f1bde3d639de3bb57dbb9020ba3ce360602aa95b0b62730dac3c05bf
scripts/find_legacy_rng_burn.py,3152,8e3580649f3c8240cc715adca1f2c0728a3e7e62c4d7231602de7421c5f1491a
scripts/probe_pvt_model_stacks.py,3814,2c8040d7b79fbfca19216d235ef434a79db5ab84b78b9f0f58d8ee9c9652ab2e
scripts/run_fast64_v2.py,37037,57b82e2a458fd05dab6bd756c3496044cf1f610d6b94f39a7bec9dbf0257c268
scripts/run_pvt_pairing_probe.py,5416,f6513ccd6684bde561a9719e9c49e7b90d6562e090da42dfc8724295ff9ac0b0
scripts/sar_campaign_common.py,26981,3ddf3e44f0f4849a46c2756351319dad574ddbed1cc5e55677c815998c1757d7
scripts/sar_event_noise.py,18387,0ebaab2b2a6d3caec8b12a0b2857f8e6e8c3b8f17c6bcd93c88d3dae8b0776f3
scripts/setup_pvt3_mc20.py,17715,5f345052d9e6093c6b1e9d1976f1924e3fb80e1371a0e9e0b19acd78955d5d2c
scripts/setup_tt_mc20_candidate.py,8249,2a5901e7e1463d9125cfa8c2e9b2e1adb2ab80a91dd21852521e9097e000a54a
