input_diff_v,output_code,point_role
-1.7077713613435,0,extrapolated_low
-1.70114135742188,1,measured_transition
-1.6878035297544,2,measured_transition
-1.67407660296583,3,measured_transition
-1.66112787441945,4,measured_transition
-1.64771222692775,5,measured_transition
-1.63445221908449,6,measured_transition
-1.62088093194436,7,measured_transition
-1.60839912234329,8,measured_transition
-1.59498347485159,9,measured_transition
-1.58172346700834,10,measured_transition
-1.5681521798682,11,measured_transition
-1.55520345132182,12,measured_transition
-1.54178780383012,13,measured_transition
-1.52837215633843,14,measured_transition
-1.5148008691983,15,measured_transition
-1.50309725783941,16,measured_transition
-1.48905905175397,17,measured_transition
-1.47564340426227,18,measured_transition
-1.46207211712214,19,measured_transition
-1.44912338857576,20,measured_transition
-1.43570774108406,21,measured_transition
-1.4224477332408,22,measured_transition
-1.40872080645223,23,measured_transition
-1.3963946364996,24,measured_transition
-1.3829789890079,25,measured_transition
-1.36956334151621,26,measured_transition
-1.35599205437608,27,measured_transition
-1.34304332582969,28,measured_transition
-1.329627678338,29,measured_transition
-1.31636767049474,30,measured_transition
-1.30279638335461,31,measured_transition
-1.29187097023791,32,measured_transition
-1.27627636766809,33,measured_transition
-1.26301635982483,34,measured_transition
-1.24928943303626,35,measured_transition
-1.23649634413832,36,measured_transition
-1.22308069664662,37,measured_transition
-1.20966504915493,38,measured_transition
-1.19407044658511,39,measured_transition
-1.18081043874185,40,measured_transition
-1.16755043089859,41,measured_transition
-1.15429042305533,42,measured_transition
-1.14103041521208,43,measured_transition
-1.12777040736882,44,measured_transition
-1.11451039952556,45,measured_transition
-1.1012503916823,46,measured_transition
-1.08799038383904,47,measured_transition
-1.07831008790985,48,measured_transition
-1.06147036815253,49,measured_transition
-1.04821036030927,50,measured_transition
-1.03495035246601,51,measured_transition
-1.02169034462275,52,measured_transition
-1.0084303367795,53,measured_transition
-0.995170328936239,54,measured_transition
-0.981910321092981,55,measured_transition
-0.968650313249723,56,measured_transition
-0.955390305406466,57,measured_transition
-0.942130297563208,58,measured_transition
-0.92887028971995,59,measured_transition
-0.915610281876692,60,measured_transition
-0.902350274033434,61,measured_transition
-0.889090266190176,62,measured_transition
-0.878009213425043,63,measured_transition
-0.872375548355223,64,measured_transition
-0.851489197738528,65,measured_transition
-0.838073550246832,66,measured_transition
-0.824502263106699,67,measured_transition
-0.811553534560316,68,measured_transition
-0.798137887068621,69,measured_transition
-0.784877879225363,70,measured_transition
-0.771150952436793,71,measured_transition
-0.75882478248416,72,measured_transition
-0.745409134992465,73,measured_transition
-0.731993487500769,74,measured_transition
-0.718422200360636,75,measured_transition
-0.705473471814253,76,measured_transition
-0.692057824322558,77,measured_transition
-0.6787978164793,78,measured_transition
-0.665226529339167,79,measured_transition
-0.653522917980285,80,measured_transition
-0.639484711894839,81,measured_transition
-0.626069064403144,82,measured_transition
-0.612497777263011,83,measured_transition
-0.599549048716628,84,measured_transition
-0.586133401224933,85,measured_transition
-0.572873393381675,86,measured_transition
-0.559146466593104,87,measured_transition
-0.546820296640471,88,measured_transition
-0.533404649148776,89,measured_transition
-0.519989001657081,90,measured_transition
-0.506417714516948,91,measured_transition
-0.493468985970565,92,measured_transition
-0.48005333847887,93,measured_transition
-0.466793330635612,94,measured_transition
-0.453222043495479,95,measured_transition
-0.442452270027221,96,measured_transition
-0.426702027808963,97,measured_transition
-0.412975101020393,98,measured_transition
-0.399715093177135,99,measured_transition
-0.386455085333877,100,measured_transition
-0.373195077490619,101,measured_transition
-0.359935069647361,102,measured_transition
-0.346519422155666,103,measured_transition
-0.334193252203033,104,measured_transition
-0.320155046117587,105,measured_transition
-0.30689503827433,106,measured_transition
-0.293635030431072,107,measured_transition
-0.280375022587814,108,measured_transition
-0.267115014744556,109,measured_transition
-0.253855006901298,110,measured_transition
-0.240439359409603,111,measured_transition
-0.228891387699157,112,measured_transition
-0.214853181613712,113,measured_transition
-0.201437534122017,114,measured_transition
-0.187866246981884,115,measured_transition
-0.174917518435501,116,measured_transition
-0.161501870943806,117,measured_transition
-0.14808622345211,118,measured_transition
-0.134514936311977,119,measured_transition
-0.122188766359344,120,measured_transition
-0.108773118867649,121,measured_transition
-0.0953574713759537,122,measured_transition
-0.0817861842358208,123,measured_transition
-0.0688374556894379,124,measured_transition
-0.0554218081977426,125,measured_transition
-0.0421618003544847,126,measured_transition
-0.0285905132143518,127,measured_transition
-0.017327880859375,128,measured_transition
-0.0058058490903361,129,measured_transition
0.00760979840135927,130,measured_transition
0.0211810855414921,131,measured_transition
0.034129814087875,132,measured_transition
0.0475454615795704,133,measured_transition
0.0608054694228283,134,measured_transition
0.0745323962113986,135,measured_transition
0.0868585661640315,136,measured_transition
0.100274213655727,137,measured_transition
0.113689861147422,138,measured_transition
0.127261148287555,139,measured_transition
0.140209876833938,140,measured_transition
0.153625524325633,141,measured_transition
0.166885532168891,142,measured_transition
0.180456819309024,143,measured_transition
0.192160430667907,144,measured_transition
0.206198636753352,145,measured_transition
0.219614284245048,146,measured_transition
0.233185571385181,147,measured_transition
0.246134299931563,148,measured_transition
0.259549947423259,149,measured_transition
0.272809955266517,150,measured_transition
0.28638124240665,151,measured_transition
0.29886305200772,152,measured_transition
0.312278699499415,153,measured_transition
0.325538707342673,154,measured_transition
0.339265634131244,155,measured_transition
0.352214362677626,156,measured_transition
0.365474370520884,157,measured_transition
0.37889001801258,158,measured_transition
0.392461305152712,159,measured_transition
0.40323107862097,160,measured_transition
0.418825681190791,161,measured_transition
0.432241328682486,162,measured_transition
0.445812615822619,163,measured_transition
0.458761344369002,164,measured_transition
0.472176991860697,165,measured_transition
0.485592639352393,166,measured_transition
0.499163926492526,167,measured_transition
0.511490096445158,168,measured_transition
0.524905743936854,169,measured_transition
0.538321391428549,170,measured_transition
0.551892678568682,171,measured_transition
0.564841407115065,172,measured_transition
0.57825705460676,173,measured_transition
0.591517062450018,174,measured_transition
0.605088349590151,175,measured_transition
0.616791960949034,176,measured_transition
0.630830167034479,177,measured_transition
0.644245814526175,178,measured_transition
0.657817101666307,179,measured_transition
0.67076583021269,180,measured_transition
0.684181477704386,181,measured_transition
0.697597125196081,182,measured_transition
0.711168412336214,183,measured_transition
0.723494582288847,184,measured_transition
0.736910229780542,185,measured_transition
0.750325877272238,186,measured_transition
0.76389716441237,187,measured_transition
0.776845892958753,188,measured_transition
0.790261540450449,189,measured_transition
0.803521548293706,190,measured_transition
0.817248475082277,191,measured_transition
0.822415221206785,192,measured_transition
0.843768490768793,193,measured_transition
0.857028498612051,194,measured_transition
0.870599785752184,195,measured_transition
0.883548514298567,196,measured_transition
0.896964161790262,197,measured_transition
0.910379809281957,198,measured_transition
0.92395109642209,199,measured_transition
0.936277266374723,200,measured_transition
0.949692913866419,201,measured_transition
0.963108561358114,202,measured_transition
0.976679848498247,203,measured_transition
0.98962857704463,204,measured_transition
1.00304422453633,205,measured_transition
1.01645987202802,206,measured_transition
1.03003115916815,207,measured_transition
1.04173477052704,208,measured_transition
1.05577297661248,209,measured_transition
1.06903298445574,210,measured_transition
1.08260427159587,211,measured_transition
1.09555300014226,212,measured_transition
1.10896864763395,213,measured_transition
1.12238429512565,214,measured_transition
1.13595558226578,215,measured_transition
1.14843739186685,216,measured_transition
1.16185303935854,217,measured_transition
1.1751130472018,218,measured_transition
1.18868433434194,219,measured_transition
1.20163306288832,220,measured_transition
1.21504871038001,221,measured_transition
1.22846435787171,222,measured_transition
1.24203564501184,223,measured_transition
1.2528054184801,224,measured_transition
1.26840002104992,225,measured_transition
1.28181566854162,226,measured_transition
1.29538695568175,227,measured_transition
1.30833568422813,228,measured_transition
1.32175133171983,229,measured_transition
1.33501133956308,230,measured_transition
1.35371873510165,231,measured_transition
1.36106443630429,232,measured_transition
1.37448008379598,233,measured_transition
1.38789573128768,234,measured_transition
1.40146701842781,235,measured_transition
1.41441574697419,236,measured_transition
1.42783139446589,237,measured_transition
1.44109140230915,238,measured_transition
1.45979879784772,239,measured_transition
1.46636630080816,240,measured_transition
1.48056014654205,241,measured_transition
1.4938201543853,242,measured_transition
1.50739144152544,243,measured_transition
1.52034017007182,244,measured_transition
1.53375581756351,245,measured_transition
1.54717146505521,246,measured_transition
1.56074275219534,247,measured_transition
1.57322456179641,248,measured_transition
1.58648456963967,249,measured_transition
1.59990021713137,250,measured_transition
1.6134715042715,251,measured_transition
1.62642023281788,252,measured_transition
1.63983588030958,253,measured_transition
1.65325152780127,254,measured_transition
1.66690063476562,255,measured_transition
1.67353063868725,255,extrapolated_high
