seed_order,seed_group,mismatch_seed,pvt,baseline_hard_dynamic_pass,resized_hard_dynamic_pass,hard_dynamic_transition,baseline_snr_budget_pass,resized_snr_budget_pass,snr_budget_transition,baseline_codes_all_checksum,resized_codes_all_checksum,baseline_codes_retained_checksum,resized_codes_retained_checksum,baseline_SNR_dB,resized_SNR_dB,delta_resize_minus_baseline_SNR_dB,baseline_SNDR_dB,resized_SNDR_dB,delta_resize_minus_baseline_SNDR_dB,baseline_ENOB_raw_bit,resized_ENOB_raw_bit,delta_resize_minus_baseline_ENOB_raw_bit,baseline_SFDR_dBc,resized_SFDR_dBc,delta_resize_minus_baseline_SFDR_dBc,baseline_THD_dB,resized_THD_dB,delta_resize_minus_baseline_THD_dB,baseline_HD2_dBc,resized_HD2_dBc,delta_resize_minus_baseline_HD2_dBc,baseline_HD3_dBc,resized_HD3_dBc,delta_resize_minus_baseline_HD3_dBc
1,DEEP_TAIL,44,TT_3P3_27C,False,True,FAIL_TO_PASS,False,True,FAIL_TO_PASS,1902db76aba14055f739b15026b70947dd1eac34d725ec059afc21e0ab4132ee,c1f2572e6f55b6e6103580ab212181df6c640e767f447ef4f1fa89d351e307ba,e66d153d847c4f2095ce72ac80933f443d98ee7d5454b6eccaecfda87239be9a,9aab379466b9d284b9989d9cbf11def35a1c955bc72cc40c26ff630b47977926,43.84702759120942,50.17989886206937,6.332871270859954,43.373080287175334,49.12379875154774,5.7507184643724045,6.912471808500887,7.86774065640328,0.955268847902393,54.30025968042101,58.80232761739808,4.50206793697707,-53.22844160823205,-55.781945547378804,-2.5535039391467507,-59.74273174210832,-60.3815545074667,-0.638822765358384,-60.21672610796578,-74.2925973686589,-14.07587126069312
2,DEEP_TAIL,26,TT_3P3_27C,False,True,FAIL_TO_PASS,False,True,FAIL_TO_PASS,01296764862833c33df2f0e0af9b8c269f611bc708544a29502f566df3b9ad2c,aeda2284b030989179b8cb0ba5dfbdb4deefd176459c8ca3262fa94a204a5bbd,b6afb8a81b3ed6ef9050dd0d7a7bce5d3d9414ffc1ce06ccb16cbeacd3347de3,eb1ed1809fc628c85e215aaf5fe0419af6b1747f4956f5c7bd1c070797a5cb3f,44.43281971073769,48.96297691766335,4.530157206925658,43.68180865265484,48.169668530891016,4.487859878236179,6.963755590142,7.709247264267612,0.7454916741256117,52.506252950289685,55.65410489485522,3.147851944565538,-51.673284081447434,-55.943709122570965,-4.270425041123531,-65.91687529336164,-62.09962390308392,3.8172513902777183,-62.14377258200103,-65.79055600027394,-3.6467834182729106
3,DEEP_TAIL,65,TT_3P3_27C,True,False,PASS_TO_FAIL,False,False,FAIL_STAYS_FAIL,162a5c909891ede9f3e139b8b61d98e91bb08eb87e0db465464b9fd64ae39b9b,1780b7f0728380149ae85f1939fd5002e8853d8f46b1f08f3e3185505be8c4c1,0e75fefff0cf209ea1487212ae94712c18a936b84f848b8822c3744cd83d331c,9ad8b10e8ae55f5d688b4e5b9b8aaa9a4406f78a52682a3b2038fdf2af1ca099,47.18702195798336,47.84927162467322,0.6622496666898599,47.03705169959521,46.873517902275346,-0.1635337973198645,7.521104933487577,7.493939850876304,-0.027165082611273483,55.547466955400765,54.12081424979209,-1.4266527056086744,-61.72961276486533,-53.83670504636464,7.8929077185006875,-74.79148478343996,-60.91029668421975,13.881188099220203,-65.70172951313764,-56.938330172129234,8.763399341008402
4,DEEP_TAIL,21,TT_3P3_27C,False,True,FAIL_TO_PASS,False,True,FAIL_TO_PASS,fa84a5430ca175ee8fbe4c6566f77d9cac4c1e9a0a593244c2f7dfcc05ba3ef8,ad468138bc6178eed2006ba9879e92d37f35364baafcdb2ac1f68cbd9b09c72b,20faf37f16dc83400042769f54db155937cccce6bf78b69eab8e25092f80ec46,b8f0dd45f4edbba8e8251d28a13ef92b266a134bf2c210c7c37a4dcb098921af,46.49877677287116,49.09430128696289,2.5955245140917285,46.27851548683242,48.38348553412083,2.104970047288411,7.395102240337612,7.744765038890504,0.3496627985528926,56.63081142983646,55.738465276769205,-0.8923461530672583,-59.33664208843818,-56.594319658047674,2.7423224303905087,-62.209572522838826,-82.8410844540879,-20.63151193124908,-86.6247412262316,-63.21070917640284,23.41403204982877
5,DEEP_TAIL,36,TT_3P3_27C,False,True,FAIL_TO_PASS,False,True,FAIL_TO_PASS,c5b6c46c6d728014c863ab0efa46709751c7d3e5e22c193f9137aa479dd652f5,da201b7572761a6628f5e2c89f76f58f148ea8e82eb8b0cb0e6b922737366101,06c80526058f1a9e2d04b37e5f0ec8640d6a680f20bf9e5a67e42a618ac7120c,3f47a0e474a3f1aa222eef453a5fae4a84edc2a20ec86c1a695b68f4e05f0193,47.815185450903776,49.279963118306966,1.4647776674031903,46.81657928463616,48.08989621384134,1.2733169292051798,7.4844816087435495,7.695996048810855,0.21151444006730546,54.635549892518824,56.89856052132853,2.2630106288097025,-53.690219880138514,-54.293479754987416,-0.6032598748489022,-94.70396929852627,-63.06095438082643,31.643014917699844,-69.94214532947238,-60.30112682792186,9.64101850155052
6,DEEP_TAIL,2,TT_3P3_27C,False,True,FAIL_TO_PASS,False,True,FAIL_TO_PASS,f5d48f874b8dff394dc1d2a9d99aba5c01d198de916046776c35b73274775bfd,474b7dd9e2907d56c6a5ed2b267ef70d67d867ad8e603da3c645d3d238576322,650d513eee4baeaec6a1f5b666df05f1eea3375118d68d7aa55ea55f7daab168,6d5ff0b9ea95fc1c1f93f933436ba87efa97d2016817efe60945dfe52fa23a6d,47.4492589410691,49.927783434803494,2.4785244937343975,46.81324282599617,48.80305306865988,1.989810242663708,7.483927379733584,7.814460642634532,0.3305332629009481,56.03555032025475,57.19620524148137,1.160654921226623,-55.47053251900654,-55.22064721575966,0.2498853032468773,-67.15958314482228,-69.39045912045552,-2.2308759756332392,-68.98263671882914,-61.612773985835474,7.369862732993667
7,DEEP_TAIL,12,TT_3P3_27C,True,True,PASS_STAYS_PASS,False,True,FAIL_TO_PASS,decfe1e290faffdefa051301fc09fa3bdfd84a349e7f0abf4c1d45b54656f32d,f4624a619800cdb2ce09323c349d8f2a7778a305d50ff41fa795088f133e35a2,5c8226ed36a1831ab1a3bc546796b0b31501baa6fe6eea64cee2fd271e8c8e36,24db95f8f28e96d6db0849eae22022e7255e7eeed71d288e0fb11bb0960d6def,47.913080848121474,49.65695861005219,1.7438777619307189,46.97672546287231,49.47658013329912,2.4998546704268136,7.511083963932278,7.926342214833742,0.41525825090146373,55.825150335700016,58.46311776830167,2.6379674326016556,-54.09993065814892,-63.38245318052324,-9.282522522374322,-67.2678283450043,-67.39650650482633,-0.12867815982203012,-62.890182362506415,-73.57833449752799,-10.688152135021575
8,DEEP_TAIL,182,TT_3P3_27C,True,True,PASS_STAYS_PASS,True,True,PASS_STAYS_PASS,1275e97cc3259ef1fead316d2e318dcb21750768c717d2eb4e06f4c3a5a15259,7fc0dc4408a780855acf1a726da9eab5ee75cc1f89fb282724076b7c82a8d819,bfa3c082e77ae936a51ea87fa19b64eaf6333f5de0433d0a02ae92e967df4ac3,f6707a23d0c2101fd6262fa50e282fd887ed16ac75baf4fc39db30bae76f189a,48.44062389859842,50.85519654315752,2.414572644559101,47.42048947332661,49.94430988602979,2.5238204127031807,7.584798915834986,8.004038187048138,0.4192392712131525,56.41334111095139,59.67220654132419,3.2588654303728006,-54.211846013831845,-57.17499547127245,-2.9631494574406076,-61.30917651833432,-71.18364422934496,-9.874467711010645,-62.36237709131137,-59.67220654132419,2.6901705499871795
9,MIDDLE_TAIL,86,TT_3P3_27C,True,True,PASS_STAYS_PASS,True,True,PASS_STAYS_PASS,374b122d4bae6a947e1d3acab1737d2beface362b8784fef1502076d160c93d4,58209d1d81b2f3cdaa6723bd5c875e9a87594301f72edfccefb309bca0a36236,33f6a22ed4e2bdc8957be2f1e2e0a70f2e7827b60bb9d576d6f9e692e1895f69,9a6d59ba3f51a5dd60d79017197feb1f9fb1c945a258071b4f21a559a0cbcaf2,48.37187446926403,49.039722769855814,0.6678483005917855,48.19128240953483,48.63183651060701,0.4405541010721805,7.7128376095572815,7.786019353921431,0.07318174436414981,57.76312246643884,57.75387289224031,-0.009249574198527455,-62.092122146264856,-59.10663593605897,2.9854862102058846,-66.11673787243633,-69.13124808789146,-3.0145102154551324,-77.339008584214,-64.1139670831658,13.225041501048196
10,MIDDLE_TAIL,80,TT_3P3_27C,True,True,PASS_STAYS_PASS,True,True,PASS_STAYS_PASS,03bd024381715321ff214f2eaacdd41668772a43d02c6cacbb5bbe2dcfa34f6f,c260d9c350845b08a026e342f35d4ef7ad4e401d1660f1105201bf01d7ede748,2ad9cb1aaba9d8e61937d276319d728f66683205b4f9c71a25f4a54299e81e5f,84b723c7e66a322e69fa15829325216826925e71104e80a3b2634459a8d728f2,50.50603188403498,49.33652361350254,-1.1695082705324396,49.718279919933295,48.408033613489145,-1.3102463064441494,7.966491681052044,7.748842792938397,-0.21764888811364624,58.04343689936668,57.026024934947294,-1.017411964419388,-57.520152047879094,-55.564081550903175,1.9560704969759186,-65.84896833030267,-68.41970313473881,-2.5707348044361424,-62.03493274697206,-59.585246383687654,2.449686363284407
11,MIDDLE_TAIL,128,TT_3P3_27C,False,True,FAIL_TO_PASS,False,False,FAIL_STAYS_FAIL,eb73b68e384b41b57608be5f9417d726bbfdc0210663cf791c036e0c6e6635a3,ddb377e4340c8dc6a38a16fe2dc60da0489fc2d9e83c8e318b58afd24ef52bd7,27d8c3b63e1f60fbc1d2e98441f6a502f84d92278f3924e82bbfd3d994d602eb,d4ca2891c746e869d003b2168ef59f27d5f5b45a347e7ff1e682c500c0ee8e95,44.30586529676549,47.785596903734096,3.479731606968606,43.89385383664242,47.50124331175341,3.607389475110992,6.998979042631632,7.59821317470987,0.5992341320782382,51.46986181322625,54.56204842739364,3.092186614167389,-54.326981208280536,-59.4819003115757,-5.154919103295164,-71.2976817350233,-74.27007656797814,-2.9723948329548335,-63.769274697041986,-64.82570489365136,-1.0564301966093765
12,MIDDLE_TAIL,189,TT_3P3_27C,True,True,PASS_STAYS_PASS,True,True,PASS_STAYS_PASS,036897c3b38747758aec4d6d64c30ca5cf3cc571130119aa05a707b3095a21e9,d4584e6835c6cfb49be039232380006ce809a132fb8807caee995e32bc06bd1f,578a9892e0990969b94797f68dd433361d83ca14f64582e5fe6306113f896369,d6e58540971d68a4f4f91b568f537c39291e5f2361383aac59a8956ae3e68cc7,48.64750566702328,49.236098980458024,0.5885933134347425,48.16943228378234,48.66612699840785,0.4966947146255052,7.709208020561852,7.791715448240507,0.08250742767865482,55.71191794777744,56.97115379522623,1.2592358474487924,-57.98917388726583,-57.76730465447616,0.22186923278966475,-71.75416306012724,-71.16756122950243,0.5866018306248151,-67.94692673335084,-69.10198397617289,-1.1550572428220534
13,MARGINAL_DIAGNOSTIC,116,TT_3P3_27C,True,True,PASS_STAYS_PASS,True,True,PASS_STAYS_PASS,9a308164130e57ef024fb623b1350601adc8f72000e8a6fa538fd6d674e1ea46,cbb0a2d3525bccea0dde9037442d18f32c6eda1c86aeb736fb887f5e1a82c1f0,5b9d96d75691dc5b47e32143b1e7ffee614281bd36e5ba23fa9438144792b4cf,b96cb468af2664e1c9e8c8f585cf2c81d3aef519e65983a2653b4b8c6f94e6b9,48.65633513876864,50.31349779029223,1.657162651523592,47.783439289550344,49.099828974247956,1.3163896846976115,7.645089582981786,7.86375896582192,0.21866938284013404,57.97878606106198,57.600167304329524,-0.3786187567324575,-55.18079830232559,-55.229381708479266,-0.04858340615367496,-57.97878606106198,-60.37672870611813,-2.3979426450561476,-59.4195231494594,-70.27432985974099,-10.854806710281586
14,MARGINAL_DIAGNOSTIC,190,TT_3P3_27C,True,True,PASS_STAYS_PASS,False,True,FAIL_TO_PASS,ebfc189f6beeb5b1a2fc0fc9315f9f4f74e8d868d74b61837469d1e111f92e8a,81d0ead9789da0eeb5d1aaaec81ae4ed8661742a926ad259dfb6ffee56159034,a34bb9b821aa234a817acc6af0338b2c571dac05b40719e4473216f3a083e1c3,c9e87bef5fa141fdbb815a5f3cd4fc55e0a35372b8e626f00faa6989ca8cb73e,47.86908575849953,49.275253618074935,1.4061678595754046,46.94175602361531,48.256310088554066,1.3145540649387542,7.505275086979289,7.7236395495937,0.218364462614411,56.1297675958197,55.867284037025044,-0.26248355879465635,-54.10267492114617,-55.052167333761616,-0.9494924126154487,-62.670318981700355,-65.64548594190582,-2.9751669602054633,-66.82909761253588,-68.74164503143516,-1.9125474188992797
15,MARGINAL_DIAGNOSTIC,45,TT_3P3_27C,True,True,PASS_STAYS_PASS,True,True,PASS_STAYS_PASS,379bd775840ccfc432f7fa3a7c4ecd73d83512ede90d4f22abebd7f2821db3d3,48c224e6669fdb6f46451e92389f21f42ab6385fe764cfe5b38d41f4b882cbfd,c50f45b2c96e2e9ab9781ce7143b64767d3f2cdd8e3b3f7cbeef3fcc913e6b56,17d1f531f2878436461bdec9fb3fec046c2773c676e010137760c8585da213f9,50.045451928914076,50.89743175852932,0.8519798296152459,49.383794732899055,49.001862732521104,-0.38193200037795094,7.910929357624429,7.847485503741048,-0.06344385388338125,58.19153055332216,54.30498250782249,-3.886548045499673,-57.88193664930184,-53.51567552268179,4.366261126620053,-67.39946930796451,-71.05923404448164,-3.6597647365171326,-65.6291452972843,-62.587101652454955,3.0420436448293415
16,MARGINAL_DIAGNOSTIC,188,TT_3P3_27C,True,True,PASS_STAYS_PASS,True,True,PASS_STAYS_PASS,abefab26727c9adcabb659fdfcc8f4d358ec374db8f3d1d9b22b8842670756b8,a09c89e6b09848f9941916b45e2fadbfad0bbc4a7e7b9aef758c41fc342db517,c2f3fd8753a1bdd41050cf7fb2a56185007ad91331f0d854d74859cb2ddd72a5,83223241d18cd0808d33fed6eb99c8a3879228fbd76b8e455398baf7b09885cf,48.688862602358014,48.94400739837821,0.2551447960201969,48.15270512605514,48.4047574089929,0.25205228293776116,7.706429422932748,7.748298572922409,0.04186914998966085,58.0370541613722,58.780980608201155,0.7439264468289579,-57.50294569700209,-57.73153454783341,-0.22858885083132208,-63.657546506443275,-65.56698947329436,-1.9094429668510813,-78.88424532878165,-61.34415606310897,17.540089265672677
17,REFERENCE_CONTROL,142,TT_3P3_27C,True,True,PASS_STAYS_PASS,True,True,PASS_STAYS_PASS,ccc2d23a2d5974aa8349fe85bd666000f8c406d80e813fcb4cde395319d8be44,3bee7192c8410e48f34f784df290f131a0233ab3153b50d46b7dc678a5a332da,a3f3bb335f213a19957fb389390c7d8d9869d6bce2eb83d5974dfd70f807512a,4c1818f36e11fe5b7b43e5b027dc38d0c9c407055a8f3dc15d837596de84017e,48.71018207553094,48.59870710858602,-0.11147496694491821,48.41775029312568,48.039239987719675,-0.37851030540600306,7.7504568593232035,7.687581393308917,-0.06287546601428673,55.093375555656394,56.2591692040246,1.1657936483682079,-60.28074316215009,-57.21606840133495,3.0646747608151372,-69.16865054985819,-76.15247494575625,-6.983824395898068,-75.94840688668027,-59.792675495515894,16.15573139116438
18,REFERENCE_CONTROL,53,TT_3P3_27C,True,True,PASS_STAYS_PASS,False,True,FAIL_TO_PASS,7a2fd02d7efa385d19ca26e36c163ddd742053ac9b07d03ef9b488cc70c34e5e,30f8341c057e6449cc1808f4a0cd4366eabd669da3331f37b6daed41e37ac404,edd2b0973b23ad2da7d6e98075042b06dd296181139528b2448c69df9347c7f2,8cf9f6b8a42834bad2288e09223a5af9d01eb8e1b2042171148ac28c84af8319,48.06133818915437,48.500736378908854,0.43939818975448475,47.49136052443865,48.06148016041141,0.570119635972766,7.596571515687484,7.691275774154721,0.09470425846723707,55.980341817029036,56.47585479364818,0.4955129766191462,-56.59249766042143,-58.229921211449174,-1.6374235510277444,-61.872851401598666,-63.88694840406988,-2.0140970024712104,-76.11512227514295,-71.53526833697374,4.579853938169208
19,REFERENCE_CONTROL,132,TT_3P3_27C,True,True,PASS_STAYS_PASS,True,True,PASS_STAYS_PASS,b89e3b6c33439d34b7125e36594659f7a8ecd87364d1c0c6ec911a1e20839a56,ecd4c732b026e2f16b2a38c9c9855bdd3d2e43581c01967cb5bc23c746e537da,ffcd4206026fca30c04bd3dad5c55b8fe479f1162f7e6c3f1b86b53600405868,5971bfacea57b337cf425cb6bcf1324b8d9cb3c8b99891a92d722d826669302e,49.27125115047935,48.65448541959662,-0.616765730882733,48.67069770888901,48.131314884364386,-0.5393828245246226,7.792474702473258,7.702876226638603,-0.08959847583465486,55.798362149192116,56.843750595806824,1.0453884466147088,-57.5598412403678,-57.58168483794467,-0.02184359757686849,-67.85408002739788,-72.2394014090393,-4.385321381641418,-68.01827605507277,-69.65197716764612,-1.6337011125733483
20,REFERENCE_CONTROL,96,TT_3P3_27C,True,True,PASS_STAYS_PASS,True,True,PASS_STAYS_PASS,4bcdeb74f6caf21b2abd064a0d90708f5191c24271bcf675c8fa059be8a5756e,a9674ad91ade3d8dc18244b4c96dfe5299410100a6a28f506b9a3f346a8a6323,bed31a1b188edcaa6de3e0a44b98b460b36f21f19f7c98571b5dc7f0380fbc4c,f6aeb98e36f608160ed0be959dd726ac557028b62e256ebd34cd6dd5fa4856ab,49.07385083178408,48.83711887037392,-0.2367319614101575,48.37957982900724,48.40490623265608,0.025326403648840312,7.744116250665655,7.748323294461144,0.004207043795489085,58.6400090563253,57.915447505060335,-0.7245615512649621,-56.68464468512661,-58.64008894597207,-1.9554442608454607,-69.60971880089696,-73.7480164046829,-4.138297603785944,-60.39217853922996,-64.23885100960793,-3.8466724703779676
1,DEEP_TAIL,44,SS_3P0_125C,False,True,FAIL_TO_PASS,False,True,FAIL_TO_PASS,2b6839e0d462c4c59946b94096afb1bf4f0483eec42eeaf1e934f12813dca090,b1934ef574a36b4afcdfcee0753a30272f67c3ba17cf0124db775f267d666427,5dc76bfde1c5952dc0ee39975572438c0e89dd9778a5b6307e38249cb099eff0,714baedc57626db0904fe425a3022969d4bb985a6c6cc8ab0fbe3f9eb706576f,47.47846599809377,49.55090313955259,2.0724371414588205,46.84029500071177,49.15477787940793,2.314482878696161,7.48842109646375,7.8728866909315505,0.3844655944678008,56.25034899787287,56.88863961012528,0.6382906122524119,-55.48394636735068,-59.75085289170344,-4.2669065243527555,-67.401231181974,-67.43858662175698,-0.037355439782984945,-82.6904032702599,-84.00439268838959,-1.3139894181296796
2,DEEP_TAIL,26,SS_3P0_125C,False,True,FAIL_TO_PASS,False,True,FAIL_TO_PASS,308321bbfa694e9f50b69ca04f32c87fd5b8a7da240873a445a310a9c6f29289,ee3f1ad03bc9336d27906434b80232ba42f4df2aedd0e995b54e892a06d7da96,0ab894f63e50649c033a4d3ae2e5ff44470cb9a92dddcd1f1361d47fa7b5b3dc,602a9d5e7995c1949e1a4704b9a5b08c5f73da01c9104b93fb9347ef5b90aea7,46.67507254318535,49.01667704065494,2.3416044974695893,46.31736493935732,48.400563107834984,2.083198168477665,7.4015556377669975,7.747601845155314,0.3460462073883166,56.470991488413915,57.77568345637568,1.304691967961766,-57.33755259170998,-57.186211609977846,0.15134098173213317,-63.388523224038316,-62.14684140717517,1.2416818168631494,-60.07824348462924,-68.07892356374869,-8.000680079119448
3,DEEP_TAIL,65,SS_3P0_125C,True,True,PASS_STAYS_PASS,False,True,FAIL_TO_PASS,76d0c5f0e71770fa699bbbed5657d207fb65473118dda58f2d77893259b587e5,24d929f674009514e4f2c620e7aae942767e4919eb049505863b9a635241e241,06ec922764d6468f523f97a994bf6602cc8c62ec0ecc7d0b30d6aa1d4809bada,fe324228d8b1d33dd821772ba1ff325fa8ffc5b3e32af0cb39fd69da5e3dec5f,47.451855416537605,48.50417139625727,1.0523159797196655,47.00708535946024,47.24000029480123,0.23291493534098606,7.5161271361229645,7.5548173247178125,0.038690188594848074,53.69926099836762,55.348094058070416,1.6488330597027954,-57.12406033847368,-53.216548574885195,3.907511763588488,-66.51650732625923,-61.27897601967259,5.237531306586639,-62.32876783078658,-55.348094058070416,6.980673772716166
4,DEEP_TAIL,21,SS_3P0_125C,True,True,PASS_STAYS_PASS,True,True,PASS_STAYS_PASS,76b00346a1d7d8453bf85a181537afe335494ab165535347ea3a73dd23c3f02c,18e22f305746ff2f769d4fd7f5fb686b9c45e7c62fbdd7a2650acb42dd750950,b4223e33dd1e3f256fa73a8c17097ff8f0f3f5bc506493089e006a7ef42f72d7,90cb219a6f413257c6f42af9aad4b964c00391b8dd7e35f95f15d38aa70300ed,49.31295888804036,49.13779244717418,-0.17516644086618527,48.43033752309501,48.299203552825034,-0.1311339702699783,7.752547761311464,7.730764709771601,-0.021783051539863152,56.89720176571339,57.36904675499507,0.47184498928167784,-55.784275526741226,-55.85410526680352,-0.06982974006229625,-57.306749223611845,-66.6131870534303,-9.30643782981845,-65.80882328947256,-64.22345779676752,1.5853654927050371
5,DEEP_TAIL,36,SS_3P0_125C,True,True,PASS_STAYS_PASS,True,True,PASS_STAYS_PASS,068e8247a5534a5e1af5206bae5cbd5170c5620554f1ae8bba1fff5cf3be4558,f76e0f5b0c75a7e2545141dd707fc719841a7f3cbc6fad1a173e8c4bd93a9cde,c87dcf8a543cb5851f88602fd62deff49f72090471ecf1599aa41db83a6e4b3a,b70e55b8e2aacb7c2860ace86374ac2a2585c9bdcbe1e49152be683079e6aad4,49.35108799590962,48.70560924997601,-0.645478745933616,48.9031075523327,47.45479106123633,-1.4483164910963708,7.831080988759585,7.590496854025969,-0.2405841347336164,58.4132970338279,55.60748366272287,-2.8058133711050317,-58.99042509632387,-53.47110133275869,5.5193237635651755,-69.70387860417229,-61.899706143081815,7.804172461090474,-70.63451123359134,-60.60645572906631,10.028055504525028
6,DEEP_TAIL,2,SS_3P0_125C,True,True,PASS_STAYS_PASS,True,True,PASS_STAYS_PASS,2539bade5bc6268a832d7f94f204b789eec1088d31b358f0cbbac0697f374b4e,848eea6b95f812a5a0b980cdc79800fceb8b9e071f8c0a8c5cd315ecb7372bab,eb39b59e724153277ade9d624526f64f50b3603901bcdff2bbb489f3d14dbf24,66a03ac84fa8f9cc40cc684106ed14a9404988511918aa185c1c2c43b4a77251,49.37154100016747,49.19247736133812,-0.17906363882934784,48.48373047334108,48.345625322698794,-0.13810515064228923,7.761417022149683,7.738475967225714,-0.022941054923968807,58.3824210813281,58.21568185087875,-0.1667392304493447,-55.81471643428665,-55.8619407679289,-0.047224333642247984,-59.89528848966013,-70.18605852705564,-10.290770037395504,-60.25277979656514,-60.10544444980587,0.14733534675927018
7,DEEP_TAIL,12,SS_3P0_125C,True,True,PASS_STAYS_PASS,True,True,PASS_STAYS_PASS,dceadaad8d9b116bdf7c9ac183dbd0df86e3f3aeb9186268221466e8850d1720,83575403929731b68c06bbf5cdbf4bb103b23eed342cc952a8e5d2e87e6cbf6c,c9b5390fdef524e7826ec86d0b47c7415289f5694d2c94537216ddbcc9fd09d0,3594b69317cfa009154f76a14a88889bb41cf05ad7dc043ac6b1c92c429a0fb3,48.228483500795186,49.31133409418606,1.082850593390873,47.30840123598422,48.81104652580555,1.5026452898213307,7.56617960730635,7.815788459436139,0.24960885212978923,55.710790052304674,59.48326695042897,3.772476898124296,-54.499900019935254,-58.444435290027016,-3.9445352700917624,-68.44280955574311,-62.70377327915854,5.739036276584571,-64.63373571974165,-68.08636549812131,-3.4526297783796593
8,DEEP_TAIL,182,SS_3P0_125C,True,True,PASS_STAYS_PASS,False,True,FAIL_TO_PASS,09fd24095223b5ec89c83182d57a2bde11a9cf3b6b55be0a56eca8a6cd41d958,d767331b16c4ffac114b5d56a77c1772f82f6eebaef15f3c7b0bfb6e8910ea77,72a68cd7d2eaa68a22f8436a64349cd6dbe8621faada374aeee751665e99795d,c0e2e94c1bf23c1ce17229e7537761ffde114b56142d5690fc64538373d2f428,48.00851014763141,50.629211089721935,2.6207009420905223,47.10978043838577,49.81050645460641,2.700726016220642,7.533186119333185,7.981811703422993,0.44862558408980835,57.06328895399502,57.81101614137674,0.7477271873817202,-54.39295088288743,-57.460000586570075,-3.067049703682642,-60.24259516568912,-66.76487588403123,-6.52228071834211,-61.350710342851016,-61.69178770013996,-0.3410773572889454
9,MIDDLE_TAIL,86,SS_3P0_125C,True,True,PASS_STAYS_PASS,True,True,PASS_STAYS_PASS,d38256b7981ac47b16996824ae65a1a7d823f730e446d8b2f1053d3905b87c60,6d2ba83f1f4494780a090c4298cd11d46f14ea2eacdc249e68a2c65fe3a79915,ba605e8bc682d800a7adc918912d67fbbfe727c2180d47008eceaa32cd097dc1,995dc995416299d717cf1d1488d051e2e384ad6608fad61818e655870cdd35e5,48.193806001863415,49.808690535492346,1.6148845336289313,47.78732981956451,49.01670394652008,1.2293741269555696,7.645735850425999,7.849950821681078,0.20421497125507848,56.05112893247046,58.76216371338052,2.7110347809100546,-58.276474944313534,-56.79734591258516,1.4791290317283767,-67.47410106145946,-64.5835685246142,2.890532536845271,-77.86845106823314,-64.46309777912353,13.405353289109613
10,MIDDLE_TAIL,80,SS_3P0_125C,True,True,PASS_STAYS_PASS,True,True,PASS_STAYS_PASS,a2ac4771e32ce4c09f6df266c79e2d28574cfc4c794fed531abca89000e52226,431ba54713e350fb363d5b7e53a18709b0b05ce6fa710c9920c888fa7fb61382,7d3994fdf7a944c1f0e6ab9e8d8c9fb909e588e9a05d3c14ff6d10b1bb2b35b0,5f0198966f72040e5296f35f765347787e7a986895eac29d9b03555326ac38ba,49.44917427446043,48.817644342091725,-0.6315299323687071,49.15710682278289,48.13251148200816,-1.0245953407747308,7.87327355860181,7.703074997011323,-0.17019856159048707,57.73987911438884,55.2652332360325,-2.474645878356341,-61.02533366867843,-56.49067044365103,4.534663225027401,-67.3607633991091,-63.897851403679994,3.46291199542911,-71.5321929501644,-59.00765055465321,12.52454239551119
11,MIDDLE_TAIL,128,SS_3P0_125C,True,True,PASS_STAYS_PASS,True,False,PASS_TO_FAIL,983a9333c2b051cbe5de028aabea5cfa4b3137b98191afb5b6482e5a0426bdaf,fef9a5ee4b33619a12d5f2024414e6b6c860d301ada90ff57341f739a7a825d6,413a7db245897393c577b4dd0ccaec11ec1d5916898143a97b485ddd696ba528,963dca913da26b7914d9205f84b285ab996259d1afbc0e2f9ff8d717af97db89,48.845718134991856,47.92486852881574,-0.9208496061761124,48.25696188451747,47.423528337242466,-0.833433547275007,7.723747821348418,7.585303710505394,-0.13844411084302433,58.96133543940295,56.05450085534093,-2.9068345840620182,-57.22650268177205,-57.0483051860153,0.17819749575674848,-66.69866843241246,-62.798689707996765,3.8999787244156963,-65.90543910230491,-60.96939204942291,4.936047052882003
12,MIDDLE_TAIL,189,SS_3P0_125C,True,True,PASS_STAYS_PASS,True,True,PASS_STAYS_PASS,70bb85cc8913d3735df07b35ba63e496ea5dbdfca280000d956834eb2c281c71,b41e286ab2d6cdf4f8e265fa4fccc8564466dccef099d8acf0612396522d5cf6,0e57733224f3d94c84aa0f5b93784c5e970b491b31ed13ad1336dd98ca6d8ab0,46fa23927403c234f1f8705345d5b86b134d7f38514ffaf18413d8fe616a68ca,48.356575149242154,48.39725495190877,0.04067980266661664,47.85786011015329,48.15841175067291,0.3005516405196218,7.657451845540415,7.707377367221414,0.04992552168099973,56.21709081771602,55.90686723419818,-0.3102235835178391,-57.504150142344315,-60.874000337735836,-3.369850195391521,-68.72967611383967,-69.17176447116296,-0.44208835732328566,-77.28024048916825,-71.19792164197351,6.082318847194742
13,MARGINAL_DIAGNOSTIC,116,SS_3P0_125C,True,True,PASS_STAYS_PASS,True,True,PASS_STAYS_PASS,cbc818bae1c9d8194131aad1852a93fe14a163730edda88fc7c1551c5a626b83,a4800851267d842563bd19b6e11844b5e3852779898c6b3610c0472da1fbfed1,19a55ee5594945e6689b8e08b0c84efbb284dc3155efd610866b7a20a77006b4,c32f63d1d112256af2e177e914815dd6e78c38411482dce50851612baaac83b7,48.99737669861114,49.89954149144084,0.9021647928297014,47.364920990404904,48.61321598308491,1.2482949926800089,7.57556827083138,7.782926243037362,0.2073579722059815,54.21222177049337,55.69378852230206,1.4815667518086855,-52.40504048472975,-54.524849894884,-2.1198094101542466,-54.21222177049337,-65.99764530954724,-11.785423539053866,-79.51774984216564,-68.70653053838754,10.811219303778103
14,MARGINAL_DIAGNOSTIC,190,SS_3P0_125C,True,True,PASS_STAYS_PASS,True,True,PASS_STAYS_PASS,2b3d3fc44402185623f67c27b5684ab4fe49e04cd203b80e9eaed14032eb32d9,2d807c6eb9935deb082e97a9c556d20be0df673062eb04af7ca336beab803344,83afea8aaf070786c6f217b0900a647fdf326a8729534a5c99b948cfcb306a88,6be4889d5e9c75b98f93d5f8c2901d8bba4b895013fd4cef026145dce156167d,48.64169871129087,48.99178143734965,0.35008272605877977,48.10350471045814,48.38130396743285,0.27779925697470986,7.6982565964216185,7.7444026523974845,0.04614605597586596,58.85829521203003,56.49083772071698,-2.367457491313047,-57.43827769595565,-57.204114440323906,0.23416325563174212,-63.0741884158936,-63.534179077199475,-0.4599906613058735,-67.01265812513302,-73.61784724970855,-6.605189124575531
15,MARGINAL_DIAGNOSTIC,45,SS_3P0_125C,True,True,PASS_STAYS_PASS,True,True,PASS_STAYS_PASS,588d16594d4484c1233637ae1a352c8f0bd164d22c6a5fac74194914fb12f0d5,c3e4663365906f4f75bbe90da8ce1859ab36197c0c9a3ebbc5d356562024de01,e5f720536db143dabf15b40959dfbd1116caf36913f6165d2e30e16924194261,7957bbc951c4d6281ad50fefc52f2a62298ac46b91a2bdeb65bcaf1a289dd485,50.32733620142052,50.86694747222401,0.5396112708034906,49.13809176344905,48.86531250665548,-0.2727792567935694,7.870114910871935,7.824802741969349,-0.04531216890258616,58.07931434342099,54.32919604506445,-3.75011829835654,-55.3442853105367,-53.19175294169936,2.152532368837335,-63.323198279908766,-66.97769295415895,-3.654494674250188,-69.78175696547174,-61.0240607616109,8.757696203860846
16,MARGINAL_DIAGNOSTIC,188,SS_3P0_125C,True,True,PASS_STAYS_PASS,True,True,PASS_STAYS_PASS,50aad7806b1c123f627afbdd033b14bf3f6bafb27e15233ec5ba245a817adf09,d7e16af41855a1a2e0bcbdfdc0f41d5b3407b24f4698976007da17e9da7e8ea2,c36ba5d822fc96c646ad3a6b38e1ec629bdc87212db193fe0ff2dea055631cf5,82ee4c4cc7590b00f66cf29c16ff571bbecb75135185f35d9cb6f87a3c7fcc0f,50.05581374328274,48.936102988043814,-1.119710755238927,48.6535492210635,48.30601646073958,-0.3475327603239222,7.789626116455731,7.731896422049765,-0.05772969440596665,55.10482660448609,58.55034240548822,3.4455158010021307,-54.24537616711021,-57.00109262411594,-2.7557164570057324,-64.37821560774934,-64.27379792498637,0.10441768276297125,-75.09428711195416,-66.26183557859571,8.832451533358451
17,REFERENCE_CONTROL,142,SS_3P0_125C,True,True,PASS_STAYS_PASS,True,True,PASS_STAYS_PASS,52c36fb6b487f6a15bd1ff505675306541e0d1dd610ad4c4ecf6ed94e9fe14a9,3a7b54b6d5a0b0b7165b4487f0dee23f88efe615bb640e30a914a7f902f41c4a,a09fc902f479ab64bd79a105dfba8dc4746a82b4db9f443a20ca7018867e25fe,31c392f032e2a4139ccec000d71b4cabd119f12aeb228b2943258a72749f43ca,49.689191213411455,48.51615511573005,-1.173036097681404,49.050475467751,47.41359623516985,-1.6368792325811512,7.8555607089287385,7.583653859662767,-0.27190684926597175,57.02548642431261,54.391171796091996,-2.634314628220615,-57.69068694355569,-53.907044190228326,3.7836427533273636,-62.75822304888388,-77.62835649345475,-14.870133444570868,-73.20001965193353,-54.391171796091996,18.808847855841535
18,REFERENCE_CONTROL,53,SS_3P0_125C,True,True,PASS_STAYS_PASS,True,True,PASS_STAYS_PASS,5567f876ce0bea93d9cf7ef3b255fb36a9478faa5e314f9b004a09dfdbb32d20,30f8341c057e6449cc1808f4a0cd4366eabd669da3331f37b6daed41e37ac404,bff9eddb8550ef7d9eef2c3b86ee2952016ad20f343cc2190855188a59e27ee2,8cf9f6b8a42834bad2288e09223a5af9d01eb8e1b2042171148ac28c84af8319,48.6654857317449,48.500736378908854,-0.16474935283604708,48.38009222122645,48.06148016041141,-0.3186120608150347,7.744201365652235,7.691275774154721,-0.05292559149751419,57.74829910423704,56.47585479364818,-1.2724443105888597,-60.34540974708811,-58.229921211449174,2.1154885356389386,-70.77545034105472,-63.88694840406988,6.888501936984845,-70.02268421593853,-71.53526833697374,-1.5125841210352178
19,REFERENCE_CONTROL,132,SS_3P0_125C,True,True,PASS_STAYS_PASS,True,True,PASS_STAYS_PASS,5b51a00e5e2acbc6ada4b0e45c54d1ff101cb21727d878a89f79f2c75363ebff,9e642b5bd5c5197b8bd4e98f975135fd9cd2743121d8135480587866915298a8,7a67c24925f926cc297dcf537693a2ab4f29629119a6bcefaebc7d8254b4031a,0776c7feadef4f5b384609fa18d5d96fd1db01feb918fd10238e20e1931ea0d7,48.48623990620685,48.3369422584216,-0.14929764778524657,48.230079212614996,47.508215760064026,-0.72186345255097,7.719282261231728,7.599371388714955,-0.11991087251677257,55.6474946103348,56.84264154803493,1.1951469377001303,-60.65024823691229,-55.109722752949146,5.540525483963144,-76.0635143977467,-61.48025953297805,14.583254864768648,-67.001095739452,-59.874623370636,7.126472368815996
20,REFERENCE_CONTROL,96,SS_3P0_125C,True,True,PASS_STAYS_PASS,True,True,PASS_STAYS_PASS,51293e8c656b5e14c6f56443678b3f0baa640aefe0a4525adbf5db8a7c2226aa,e34e0392b6c4ec467ef38f2eaf575a516ffa19c908cedbadcaf7a95259660e01,97a023e9e3cde833d1f8c0a8df739638379594086ae5f78e9d65d7cd1f207fc9,ad5516faf73eb4e138506769bebf528559971beb48aa9e690737bee2eff30ba9,50.02882832067523,48.58117939865199,-1.447648922023241,49.41700609189318,48.28057941101301,-1.1364266808801702,7.916446194666642,7.727670998507145,-0.18877519615949634,58.172620450404644,57.142979692035865,-1.029640758368778,-58.23091706843341,-60.02796604185384,-1.7970489734204236,-63.20648578120508,-82.84213040535057,-19.635644624145492,-63.52849303610279,-62.265008745232045,1.2634842908707427
1,DEEP_TAIL,44,FF_3P6_M40C,False,True,FAIL_TO_PASS,False,True,FAIL_TO_PASS,abb2f644305bd8661ba4cac712aa6df4e9f5656e6b0c33bfda32a776429b0ee7,92246cad0ac1be49f88f7338a2d67fe9f878e92a6de122be93d69d3a0438be01,83e890dc69df2f67746757f6ad2b23b2a11f2a8dc779eac4e965628462bb5025,386587f0db290c8d7b1d6db0c61e9f8b2a46743e8557f0bf49400e7c302480fb,41.486943948743374,50.07386536763246,8.586921418889084,40.89150227875412,49.14359550207767,8.252093223323556,6.500249547965801,7.87102915316905,1.370779605203249,50.426587340957205,58.570118028608874,8.143530687651669,-49.81527292200038,-56.29218443283235,-6.476911510831968,-61.64522626759218,-61.75884339769161,-0.11361713009942775,-54.335080074114465,-67.39631018917225,-13.06123011505779
2,DEEP_TAIL,26,FF_3P6_M40C,False,True,FAIL_TO_PASS,False,True,FAIL_TO_PASS,62ee491e595260f25d1d8a34ea7bc1aa3a20aa04304c7a345dcf915b75fb3710,29b63e8a4cada94b007d06541bb92849de610934426bd577076df468b57b9211,7f0104dc6e4343b21fc77383f262e73d7adfb42b1af6134536ce894ca9c6fb56,c93b839b296cdefa3fb29c29e370652d518e82d6f3547eb6b2f4e1edc7983fbb,41.5612743680702,49.23984404691914,7.6785696788489375,40.73253442272051,48.30433306788286,7.571798645162346,6.473842927362212,7.731616788684861,1.257773861322649,51.036186439007054,56.885466554299164,5.84928011529211,-48.33397745694956,-55.43104945185546,-7.097071994905896,-54.398083224928726,-62.84145384573938,-8.443370620810654,-56.58788451305503,-71.85403717144052,-15.266152658385494
3,DEEP_TAIL,65,FF_3P6_M40C,False,True,FAIL_TO_PASS,False,False,FAIL_STAYS_FAIL,7764060a91903994ee0a1988bfcbb4f4ca4815ea8ce02302d6223a634ec140b4,84d2d3582871335433269845a2151addc691d21e0b3ffcdf6e48ed3041447063,a86bb690c1fe0164e8720b6ddf65887bba71ed03bc303ccc02d8e0df911c6e41,70f951931a8a7edba55af53d3f1e7eedb52e023c421ea95827b4489cc95b3d6b,43.714157106704064,48.1272528204953,4.413095713791236,42.63046589634719,47.44730933107049,4.816843434723303,6.789113936270298,7.589254041706063,0.8001401054357649,51.562419853001096,53.76401604430675,2.2015961913056543,-49.18983775789482,-55.83596132094183,-6.646123563047006,-59.834522230511034,-57.055192156149836,2.779330074361198,-54.61593133792775,-65.38868574443254,-10.772754406504788
4,DEEP_TAIL,21,FF_3P6_M40C,False,True,FAIL_TO_PASS,False,True,FAIL_TO_PASS,6d53277fed2c1ec3882ca5368ad545ee1f241b135a294a41d3867a1d7e09eeb9,e6eeb2e705b10b5140f3d2a43ff55ef240cd8f5f825da4b1213560ba66954a21,ffdf5ad637ee8be099cb4aa6eebc4005f4f5370ffab2f1e72f7a3a7834e6f0e0,d9e4c2773c96787ed709d4981f23708741de4bb2500ef088ca762327bce0add4,41.82784746153711,49.40149200732955,7.57364454579244,41.25691032014452,48.28594235705005,7.029032036905527,6.560948558163543,7.728561853330573,1.1676132951670306,51.33382378684112,57.37872186874962,6.044898081908499,-50.35121210884989,-54.73473841580234,-4.383526306952447,-57.94904517785341,-71.21257264067334,-13.263527462819937,-63.38702805638033,-64.59040608413555,-1.203378027755221
5,DEEP_TAIL,36,FF_3P6_M40C,False,True,FAIL_TO_PASS,False,True,FAIL_TO_PASS,6f377d36ea4f3199128a5aafeae3599e19acb883121c0da70cefab9458e6be4e,cc6a86e865616be15df7cfc99c575603ccd12395f3174608b9266d3b3631e418,1b1672470cc0147668f12e614fd70fcebe6810bd457a73637d45477240baf8e8,6f5c94f14a74f664cf12a56a045a0712e9cb3e23013dd061b459b547ead248c9,44.93624298136319,50.321281286848716,5.385038305485523,44.3351113213304,48.678332751374995,4.3432214300445935,7.072277628127974,7.7937429819559805,0.7214653538280063,53.25475293092198,54.93022172958323,1.6754687986612495,-53.22035788180148,-53.69554417791102,-0.4751862961095341,-68.0432794910527,-60.62401748954456,7.419262001508137,-54.43927741013745,-69.30255348624252,-14.863276076105066
6,DEEP_TAIL,2,FF_3P6_M40C,False,True,FAIL_TO_PASS,False,True,FAIL_TO_PASS,fcaca0be5b202d1d97ebdced95f4b730c09a2d5fb545069ed5cd966084329446,aebc4ca182073df848b080c40b00e8b1475da3940a5073b50c78ec59668d9626,6de910753c74d76bf90b6bfc9872f5bd291f83084267f1846ec17a38cdd1fe62,f3a34c6826335073ee2a99799cf7b66d3a0e2c2b395d01b6560c608e4dfd4101,45.096541560003445,50.4079483926487,5.311406832645254,43.99979088151775,49.07342249172043,5.073631610202682,7.0165765583916535,7.859372506930304,0.8427959485386509,52.79226832727433,59.19193011528506,6.399661788010732,-50.51339595901509,-54.84818519823962,-4.334789239224527,-64.51839285848479,-61.1320728997216,3.3863199587631883,-53.82277507693076,-62.65496027691826,-8.8321851999875
7,DEEP_TAIL,12,FF_3P6_M40C,False,True,FAIL_TO_PASS,False,True,FAIL_TO_PASS,59fbf686dd9114432cecd6c1f7c39ebbe8dd83a8814947a04f36605d403d1dcf,c53d0ece600814fa9b22651682461b2de52b5484894907d56b9336410cbf1b24,d455ac85a1bd4107c7df4a56bd8c0254f83877b232b6c1e80168c0597022882d,9200c6de8d285f9bb7cff63da871bd1be4d7e802541687b137b9b4c7ffb4068d,41.389309766230056,49.99044737784595,8.601137611615897,40.97817634655033,49.68304872020103,8.704872373650701,6.514647233646235,7.960639322292531,1.445992088646296,49.42433009620154,58.97139677578228,9.547066679580745,-51.42013678657564,-61.336664948372345,-9.916528161796705,-55.267825592071,-66.28706558283861,-11.019239990767609,-58.75597331624773,-66.98269234214115,-8.226719025893416
8,DEEP_TAIL,182,FF_3P6_M40C,True,True,PASS_STAYS_PASS,True,True,PASS_STAYS_PASS,f71d518eff47e24801bcf33852122312397d058874b395dc295b731b9c84c3c5,6e3b3e2e31442e1785f0e520a85adb14e0413ba22754a88b6658a24497c60b35,932dc7e9a7cfa69d4a22dc1d1771e6b63b694fd606d1b68011509af51607776c,b565bb2ab647c6c9f72d0f8a7cf7c9dda74361a7d521e025c7ed6adbd09bfdea,48.17341546295013,50.70132241737274,2.5279069544226047,46.92654219733723,50.06798159527307,3.141439397935841,7.502747873311833,8.024581660344364,0.5218337870325307,54.291207747534855,59.44160289608291,5.150395148548057,-52.954693156211604,-58.742272593578534,-5.787579437366929,-62.942447866451666,-inf,-inf,-62.416799232441846,-61.249361992105655,1.1674372403361915
9,MIDDLE_TAIL,86,FF_3P6_M40C,False,True,FAIL_TO_PASS,False,True,FAIL_TO_PASS,5fc019476857fa53c005b90126ba63ae240ed1fd894d6c1b4df85ee15065da66,aafc6088ca03a7f554fb7336a44adfa675acd3721ece3e6554730be86116012d,d52c7f089543e76378458eab57739751b485721b745ab3dcedda6e9a6d0792ca,b66d4e7ccdb263bf45e97b767473cfa99196c6ace407a5310d74c7653a886304,43.70897644154445,49.14470495032056,5.4357285087761085,42.91508292883144,48.67782070887828,5.762737780046841,6.836392513094924,7.793657925062838,0.9572654119679145,53.27198470994425,55.883940930656195,2.6119562207119458,-50.686205103233426,-58.594922656389826,-7.9087175531564,-59.71414508480976,-77.58280103757465,-17.868655952764897,-56.3898857173175,-63.75013123830631,-7.360245520988812
10,MIDDLE_TAIL,80,FF_3P6_M40C,False,True,FAIL_TO_PASS,False,True,FAIL_TO_PASS,66e68a09c8a285d80ef4d5cd715b7bf12d677c0fe2e204bd7e081961b54c959d,2a7a13c4d818032f8ec0ddedb9299d1735d63bdc80524955907ee2d30ae224e1,bfece17989d0d28fa78998dc9b1f109b45e113183dfb4057c135b1cc3af72c16,d06e99815b6138ae8d79bddf98fc350d8bf83df53044f3955e9342bad86177c1,44.72583129559858,49.68022434729215,4.954393051693572,44.629324722811525,48.989213918651004,4.359889195839479,7.121150286181317,7.8453843718689384,0.7242340856876215,51.49999482601864,58.06449307411306,6.5644982480944165,-61.20976283862727,-57.31313605375221,3.8966267848750604,-69.27486363461222,-86.09393929948313,-16.81907566487091,-67.74838546543769,-60.20652426122132,7.541861204216374
11,MIDDLE_TAIL,128,FF_3P6_M40C,False,True,FAIL_TO_PASS,False,False,FAIL_STAYS_FAIL,0873ab3623635853c26c2ff79ca8cf919c9e1682b0d32df5b82771d9c26ac8c6,6cc7b96928d9060d4ed1278ce2c082780e860ffd9615c59156923a8e7dc12cee,7075ee8dafa1a0e62a00d7d0960e7637c021f2190a78b4198f2475ad20d2089f,7a63646b63f7ea0bb2366e73201c2dc9437a7198b3b76cadacf7916666370da1,41.03700524319214,47.88961044465104,6.8526052014589,40.20760715700182,47.2567071638436,7.049100006841783,6.38664570714316,7.55759255213349,1.17094684499033,50.305964123783696,53.345357300028375,3.0393931762446798,-47.8059212328499,-55.9337860501773,-8.1278648173274,-56.49694165739814,-67.83567851155254,-11.338736854154405,-52.753564767479865,-62.14775873072932,-9.394193963249457
12,MIDDLE_TAIL,189,FF_3P6_M40C,False,True,FAIL_TO_PASS,False,True,FAIL_TO_PASS,7a64689f11983e763957649299871380347eebc0c5e13ec88231b0f97705b989,364620ac381f1d4cb9572a6f1723856c1ff47cdb5629fdf1a077c616cca4bbae,c403b7a79a0e38d56ef1a0cf2fe082bd047fcbff6f7d94cad59184e8609e276a,32753c2f2f833a5e5dabb0bb27d7c6eafadcf4c6ed0184607164dfc3eae36e2d,43.20255309838132,49.29936174898419,6.096808650602867,42.906649785010345,48.4272123430868,5.520562558076456,6.834991658639593,7.752028628419735,0.9170369697801419,52.55682115471486,56.138648155195916,3.5818270004810557,-54.720106257284684,-55.827926013445826,-1.1078197561611418,-61.9302600844663,-71.17022165877893,-9.23996157431263,-62.71199853257076,-70.05360547824245,-7.3416069456716855
13,MARGINAL_DIAGNOSTIC,116,FF_3P6_M40C,False,True,FAIL_TO_PASS,False,True,FAIL_TO_PASS,52b4cd8df43d1a66210c6d94c593e7ae70e287bc2eb3e74f3d56713dd283d501,a1e38b1ddc016220009e9c500e83ececaf4e2e375edf47162ef994b1717e8e6f,a1742ec9a4cf7247e7c7f9258e2076d02aa313406c4f4c6a2f3eb61af742e9be,04dcdd1b964876bcb617079f72e98334693a5ea6c9daffb4921dea42a6a474e5,44.80192611894884,50.06039590395331,5.258469785004465,44.093904691205246,48.80208230933671,4.708177618131465,7.032210081595557,7.814299386933009,0.7820893053374522,53.154135390976826,58.14655477568111,4.992419384704284,-52.32048609763272,-54.79601309052545,-2.475526992892732,-73.07791730274144,-58.14655477568111,14.93136252706033,-55.70806509212369,-69.51299275689969,-13.804927664776002
14,MARGINAL_DIAGNOSTIC,190,FF_3P6_M40C,False,True,FAIL_TO_PASS,False,True,FAIL_TO_PASS,395e6a283fab3e43f1c0ef9e1b7fa08ff8b489b4b4f0c579ed31bb1ee19769d4,f47f3e9269820f1c3df426e47d3c015f227b0b25711429b0a4d96b90e3c6c0e8,b4f541154d80e6b6a515748a16caca5d020de65298a9430a9d7240d7d518c063,3933d9e3f4694fae194dc42ae0868727a4dd2b7b7043dcd8d66381d1adcf980b,46.09634594639121,48.688590012946975,2.5922440665557644,45.837100239224185,47.93569875201659,2.0985985127924067,7.321777448376111,7.670381852494451,0.3486044041183396,52.64167402197688,55.62527918578872,2.9836051638118377,-58.20680568448743,-55.91722792262155,2.2895777618658784,-68.67522668045089,-75.26648788203504,-6.591261201584146,-63.60242729535142,-61.0270157094024,2.57541158594902
15,MARGINAL_DIAGNOSTIC,45,FF_3P6_M40C,False,True,FAIL_TO_PASS,False,True,FAIL_TO_PASS,f4d4b06cae21f55efcea694fd0604acf9db5b23d71ad78230c817d10774c0c87,6987e45b3f98249c10e270c0f6913b4d0418c357db707cdd1bf050234d89a59f,f74094ed9db0aa0dc1a5dee6c1e70960a6e59861427a9936038640b8727e4a33,17d1f531f2878436461bdec9fb3fec046c2773c676e010137760c8585da213f9,45.45992210977254,50.89743175852932,5.43750964875678,44.19874120546624,49.001862732521104,4.803121527054863,7.04962478496117,7.847485503741048,0.7978607187798774,53.540715793540244,54.30498250782249,0.7642667142822432,-50.18415145161065,-53.51567552268179,-3.3315240710711365,-62.76178677905746,-71.05923404448164,-8.297447265424182,-53.540715793540244,-62.587101652454955,-9.04638585891471
16,MARGINAL_DIAGNOSTIC,188,FF_3P6_M40C,False,True,FAIL_TO_PASS,False,True,FAIL_TO_PASS,f2854cf8d8097926b38bbeb05f3f14f7c33cdda890e62ffeb6f69b033876013b,39ad8ba37fc9308463ad97ac52b119119188753163aa50adb701216e8e0ec596,6ce2d8a105f008b8f5cf254cfc5d588771c38a3cf9ce61378ebf780747b13b73,b1262f3593adeda6492720a5808e420a34ea24d4c47c38e56786305cdc4bd510,48.10839691525174,49.45050689788543,1.3421099826336942,46.662013308998965,48.78378639196033,2.1217730829613615,7.458806197508134,7.811260198000055,0.352454000491921,53.55178280027866,58.84887648624358,5.297093685964924,-52.140160725368176,-57.25128773331191,-5.111127007943736,-61.06374499294507,-69.77330441612355,-8.709559423178483,-62.21214586402046,-62.40960517133501,-0.19745930731455275
17,REFERENCE_CONTROL,142,FF_3P6_M40C,False,True,FAIL_TO_PASS,False,True,FAIL_TO_PASS,9bc4df8cf77584e7f83dfa7123cd4eee90818dbc0ca31399a2736b49b079a5cf,e1b5016e5953b36ae65e6fe0f211f902974c3700fba8ef84b78ffaf9b9abcc95,471ba1bf19c9f68da39b8665ddd27dc9fb017ca0ffef39bbc2282941a70b07ad,f5b0e1a6f290f96d3b0e8fac42a4f0d9124813d6d69bf7ce96f2a0b97b79883d,44.593327645397736,48.62746672202861,4.034139076630872,44.347154608833804,47.87128747615217,3.5241328673183645,7.074278174224886,7.659682305008666,0.5854041307837807,51.486087006851506,56.1674962654062,4.6814092585546945,-56.93509801435247,-55.83548808548108,1.0996099288713879,-72.431559816485,-76.57220784412233,-4.140648027637326,-58.603017103766234,-59.32529240818265,-0.7222753044164136
18,REFERENCE_CONTROL,53,FF_3P6_M40C,False,True,FAIL_TO_PASS,False,True,FAIL_TO_PASS,904e1193065df5ebe4503ddf0c5ce3941d7757fd3ed610c1ef09926b99467a36,c30592e56c1f06f4605d8931bbe7f6c86c3a9ee107ff417f487103565f5ef5d8,1a201755a0fc0ebc691b15e05d427dde3fa47ed86c616b5f4167ed128ad50f0e,1ce28a06b55bd883dc4b42d4c240be7c67efc646ff8e4048fe38ab967c96310c,47.54530093486441,48.70235214277355,1.1570512079091415,46.57933075229218,48.25026817712816,1.6709374248359836,7.445071553536907,7.722635909821955,0.2775643562850476,57.04457736483597,57.889604753669445,0.8450273888334721,-53.58157319201469,-58.30000156870588,-4.718428376691193,-65.97575450066999,-68.79399709360908,-2.818242592939086,-57.52268550922108,-67.381163249061,-9.858477739839927
19,REFERENCE_CONTROL,132,FF_3P6_M40C,False,True,FAIL_TO_PASS,False,True,FAIL_TO_PASS,66130a2bcfd548ea2d21400acfce10969a14d1155854cf39cd8839adec1d7f54,9c052d5079e986576d3b1aa5361e36db3f975454292d3a5d1bacab37b8e48429,7114c4deb1c12758bfdc33ed8d6f0036145228b6a2407da20611fd037ee28c2b,bf2bcfa11573b45cfe6067b10d94e4a25f2bc93406fffc9c9b8f1840841c34b2,45.62394072454025,48.93513170588239,3.3111909813421434,44.70357369844148,48.36747179085905,3.6638980924175684,7.13348400306337,7.742104948647683,0.6086209455843132,53.36078709547118,57.9920864997952,4.631299404324018,-51.89386592486645,-57.48517143992515,-5.591305515058707,-64.8723769363321,-61.612279661758045,3.2600972745740577,-58.23705147937134,-63.36354871231013,-5.126497232938789
20,REFERENCE_CONTROL,96,FF_3P6_M40C,True,True,PASS_STAYS_PASS,False,True,FAIL_TO_PASS,9b740b15ef1293e55597dc1fefc52c02c294fd941f163479641968957c7d5f56,902be8188fc9bf93703730ca28c76d2fcbf1a485b67cabf934a2bcffa870b0d1,07804395d041188e5560c4d24520f1ac2e87927248f2bb9000afe3c3114ecdfb,2011103bb47cf06b33558af69fb77578a5805b924c7249fa41643417727b60ed,47.60996493207972,49.063456983335314,1.4534920512555942,47.346206789608665,48.52414128700622,1.1779344973975583,7.5724595996027695,7.768129781894722,0.19567018229195288,55.86463860867642,57.188491002143145,1.3238523934667228,-59.643202792197705,-57.85042144935282,1.7927813428448829,-66.83768191957635,-66.8028872806761,0.034794638900251584,-70.8033186910958,-69.0161441971579,1.787174493937897
