pin,direction,use,side,def_shape_count,gds_label_count,matched_shape_count,status
GND,INOUT,GROUND,WEST,6,6,6,PASS
VDD,INOUT,POWER,WEST,6,6,6,PASS
CLKS_PU,OUTPUT,SIGNAL,WEST,1,1,1,PASS
CLKS_PD,OUTPUT,SIGNAL,WEST,1,1,1,PASS
CLKS,INPUT,SIGNAL,WEST,1,1,1,PASS
DOUT_CS[7],OUTPUT,SIGNAL,WEST,1,1,1,PASS
DOUT_SL[7],OUTPUT,SIGNAL,WEST,1,1,1,PASS
DOUT_IE[7],OUTPUT,SIGNAL,WEST,1,1,1,PASS
DOUT_OE[7],OUTPUT,SIGNAL,WEST,1,1,1,PASS
DOUT_PU[7],OUTPUT,SIGNAL,WEST,1,1,1,PASS
DOUT_PD[7],OUTPUT,SIGNAL,WEST,1,1,1,PASS
DOUT_OUT[7],OUTPUT,SIGNAL,WEST,1,1,1,PASS
DOUT_PDRV0[7],OUTPUT,SIGNAL,WEST,1,1,1,PASS
DOUT_PDRV1[7],OUTPUT,SIGNAL,WEST,1,1,1,PASS
DOUT_IN[7],INPUT,SIGNAL,WEST,1,1,1,PASS
DOUT_CS[6],OUTPUT,SIGNAL,WEST,1,1,1,PASS
DOUT_SL[6],OUTPUT,SIGNAL,WEST,1,1,1,PASS
DOUT_IE[6],OUTPUT,SIGNAL,WEST,1,1,1,PASS
DOUT_OE[6],OUTPUT,SIGNAL,WEST,1,1,1,PASS
DOUT_PU[6],OUTPUT,SIGNAL,WEST,1,1,1,PASS
DOUT_PD[6],OUTPUT,SIGNAL,WEST,1,1,1,PASS
DOUT_OUT[6],OUTPUT,SIGNAL,WEST,1,1,1,PASS
DOUT_PDRV0[6],OUTPUT,SIGNAL,WEST,1,1,1,PASS
DOUT_PDRV1[6],OUTPUT,SIGNAL,WEST,1,1,1,PASS
DOUT_IN[6],INPUT,SIGNAL,WEST,1,1,1,PASS
DOUT_CS[5],OUTPUT,SIGNAL,WEST,1,1,1,PASS
DOUT_SL[5],OUTPUT,SIGNAL,WEST,1,1,1,PASS
DOUT_IE[5],OUTPUT,SIGNAL,WEST,1,1,1,PASS
DOUT_OE[5],OUTPUT,SIGNAL,WEST,1,1,1,PASS
DOUT_PU[5],OUTPUT,SIGNAL,WEST,1,1,1,PASS
DOUT_PD[5],OUTPUT,SIGNAL,WEST,1,1,1,PASS
DOUT_OUT[5],OUTPUT,SIGNAL,WEST,1,1,1,PASS
DOUT_PDRV0[5],OUTPUT,SIGNAL,WEST,1,1,1,PASS
DOUT_PDRV1[5],OUTPUT,SIGNAL,WEST,1,1,1,PASS
DOUT_IN[5],INPUT,SIGNAL,WEST,1,1,1,PASS
DOUT_CS[4],OUTPUT,SIGNAL,WEST,1,1,1,PASS
DOUT_SL[4],OUTPUT,SIGNAL,WEST,1,1,1,PASS
DOUT_IE[4],OUTPUT,SIGNAL,WEST,1,1,1,PASS
DOUT_OE[4],OUTPUT,SIGNAL,WEST,1,1,1,PASS
DOUT_PU[4],OUTPUT,SIGNAL,WEST,1,1,1,PASS
DOUT_PD[4],OUTPUT,SIGNAL,WEST,1,1,1,PASS
DOUT_OUT[4],OUTPUT,SIGNAL,WEST,1,1,1,PASS
DOUT_PDRV0[4],OUTPUT,SIGNAL,WEST,1,1,1,PASS
DOUT_PDRV1[4],OUTPUT,SIGNAL,WEST,1,1,1,PASS
DOUT_IN[4],INPUT,SIGNAL,WEST,1,1,1,PASS
DOUT_CS[3],OUTPUT,SIGNAL,WEST,1,1,1,PASS
DOUT_SL[3],OUTPUT,SIGNAL,WEST,1,1,1,PASS
DOUT_IE[3],OUTPUT,SIGNAL,WEST,1,1,1,PASS
DOUT_OE[3],OUTPUT,SIGNAL,WEST,1,1,1,PASS
DOUT_PU[3],OUTPUT,SIGNAL,WEST,1,1,1,PASS
DOUT_PD[3],OUTPUT,SIGNAL,WEST,1,1,1,PASS
DOUT_OUT[3],OUTPUT,SIGNAL,WEST,1,1,1,PASS
DOUT_PDRV0[3],OUTPUT,SIGNAL,WEST,1,1,1,PASS
DOUT_PDRV1[3],OUTPUT,SIGNAL,WEST,1,1,1,PASS
DOUT_IN[3],INPUT,SIGNAL,WEST,1,1,1,PASS
DOUT_CS[2],OUTPUT,SIGNAL,WEST,1,1,1,PASS
DOUT_SL[2],OUTPUT,SIGNAL,WEST,1,1,1,PASS
DOUT_IE[2],OUTPUT,SIGNAL,WEST,1,1,1,PASS
DOUT_OE[2],OUTPUT,SIGNAL,WEST,1,1,1,PASS
DOUT_PU[2],OUTPUT,SIGNAL,WEST,1,1,1,PASS
DOUT_PD[2],OUTPUT,SIGNAL,WEST,1,1,1,PASS
DOUT_OUT[2],OUTPUT,SIGNAL,WEST,1,1,1,PASS
DOUT_PDRV0[2],OUTPUT,SIGNAL,WEST,1,1,1,PASS
DOUT_PDRV1[2],OUTPUT,SIGNAL,WEST,1,1,1,PASS
DOUT_IN[2],INPUT,SIGNAL,WEST,1,1,1,PASS
DOUT_CS[1],OUTPUT,SIGNAL,WEST,1,1,1,PASS
DOUT_SL[1],OUTPUT,SIGNAL,WEST,1,1,1,PASS
DOUT_IE[1],OUTPUT,SIGNAL,WEST,1,1,1,PASS
DOUT_OE[1],OUTPUT,SIGNAL,WEST,1,1,1,PASS
DOUT_PU[1],OUTPUT,SIGNAL,WEST,1,1,1,PASS
DOUT_PD[1],OUTPUT,SIGNAL,WEST,1,1,1,PASS
DOUT_OUT[1],OUTPUT,SIGNAL,WEST,1,1,1,PASS
DOUT_PDRV0[1],OUTPUT,SIGNAL,WEST,1,1,1,PASS
DOUT_PDRV1[1],OUTPUT,SIGNAL,WEST,1,1,1,PASS
DOUT_IN[1],INPUT,SIGNAL,WEST,1,1,1,PASS
DOUT_CS[0],OUTPUT,SIGNAL,WEST,1,1,1,PASS
DOUT_SL[0],OUTPUT,SIGNAL,WEST,1,1,1,PASS
DOUT_IE[0],OUTPUT,SIGNAL,WEST,1,1,1,PASS
DOUT_OE[0],OUTPUT,SIGNAL,WEST,1,1,1,PASS
DOUT_PU[0],OUTPUT,SIGNAL,WEST,1,1,1,PASS
DOUT_PD[0],OUTPUT,SIGNAL,WEST,1,1,1,PASS
DOUT_OUT[0],OUTPUT,SIGNAL,WEST,1,1,1,PASS
DOUT_PDRV0[0],OUTPUT,SIGNAL,WEST,1,1,1,PASS
DOUT_PDRV1[0],OUTPUT,SIGNAL,WEST,1,1,1,PASS
DOUT_IN[0],INPUT,SIGNAL,WEST,1,1,1,PASS
VREFN,INOUT,SIGNAL,NORTH,8,8,8,PASS
VINN,INOUT,SIGNAL,NORTH,8,8,8,PASS
VINP,INOUT,SIGNAL,NORTH,8,8,8,PASS
VREFP,INOUT,SIGNAL,NORTH,8,8,8,PASS
