source_comparison,campaign,phase,job_id,pvt,mismatch_seed,noise_seed,frame_index,expected_commanded_vid_v,actual_commanded_vid_v,commanded_input_match,expected_code,actual_code,code_match,expected_valid,actual_valid,valid_match,returncode,simulation_aborted,row_pass,early_stop,deck,log,case,target_transition,baseline_status,lower_v,upper_v,baseline_transition_v,expected_lower_code,actual_lower_code,lower_code_match,expected_upper_code,actual_upper_code,upper_code_match,actual_bracket_valid,all_frames_valid
dynamic_mc200/dynamic_first5_comparison.csv,01_MC200_TT_LOW_W4,P4_EVENT_NOISE_MC200_LOW,MC200_CMP_XM5_XM6_W8P2524_XM7_XM11_W16P8587_S001_LOW_W4,TT_3P3_27C,1,100001,0,1.2827642395654932,1.2827642395654932,True,224,0,False,True,False,False,1,False,False,PREFIX_LIMITED_AFTER_5_FRAMES,/foss/designs/A44_SAR_ADC_CURRENT_CACE_REPRODUCIBLE_20260728_R1/06_RUN_OUTPUTS/RUN_20260728T180926Z/dynamic_mc200/P4_EVENT_NOISE_MC200_LOW/MC200_CMP_XM5_XM6_W8P2524_XM7_XM11_W16P8587_S001_LOW_W4/jobs/prefix5.spice,/foss/designs/A44_SAR_ADC_CURRENT_CACE_REPRODUCIBLE_20260728_R1/06_RUN_OUTPUTS/RUN_20260728T180926Z/dynamic_mc200/P4_EVENT_NOISE_MC200_LOW/MC200_CMP_XM5_XM6_W8P2524_XM7_XM11_W16P8587_S001_LOW_W4/logs/prefix5.log,,,,,,,,,,,,,,
dynamic_mc200/dynamic_first5_comparison.csv,01_MC200_TT_LOW_W4,P4_EVENT_NOISE_MC200_LOW,MC200_CMP_XM5_XM6_W8P2524_XM7_XM11_W16P8587_S001_LOW_W4,TT_3P3_27C,1,100001,1,1.4847728581698183,1.4847728581698183,True,240,0,False,True,False,False,1,False,False,PREFIX_LIMITED_AFTER_5_FRAMES,/foss/designs/A44_SAR_ADC_CURRENT_CACE_REPRODUCIBLE_20260728_R1/06_RUN_OUTPUTS/RUN_20260728T180926Z/dynamic_mc200/P4_EVENT_NOISE_MC200_LOW/MC200_CMP_XM5_XM6_W8P2524_XM7_XM11_W16P8587_S001_LOW_W4/jobs/prefix5.spice,/foss/designs/A44_SAR_ADC_CURRENT_CACE_REPRODUCIBLE_20260728_R1/06_RUN_OUTPUTS/RUN_20260728T180926Z/dynamic_mc200/P4_EVENT_NOISE_MC200_LOW/MC200_CMP_XM5_XM6_W8P2524_XM7_XM11_W16P8587_S001_LOW_W4/logs/prefix5.log,,,,,,,,,,,,,,
dynamic_mc200/dynamic_first5_comparison.csv,01_MC200_TT_LOW_W4,P4_EVENT_NOISE_MC200_LOW,MC200_CMP_XM5_XM6_W8P2524_XM7_XM11_W16P8587_S001_LOW_W4,TT_3P3_27C,1,100001,2,1.0128098982242102,1.0128098982242102,True,204,0,False,True,False,False,1,False,False,PREFIX_LIMITED_AFTER_5_FRAMES,/foss/designs/A44_SAR_ADC_CURRENT_CACE_REPRODUCIBLE_20260728_R1/06_RUN_OUTPUTS/RUN_20260728T180926Z/dynamic_mc200/P4_EVENT_NOISE_MC200_LOW/MC200_CMP_XM5_XM6_W8P2524_XM7_XM11_W16P8587_S001_LOW_W4/jobs/prefix5.spice,/foss/designs/A44_SAR_ADC_CURRENT_CACE_REPRODUCIBLE_20260728_R1/06_RUN_OUTPUTS/RUN_20260728T180926Z/dynamic_mc200/P4_EVENT_NOISE_MC200_LOW/MC200_CMP_XM5_XM6_W8P2524_XM7_XM11_W16P8587_S001_LOW_W4/logs/prefix5.log,,,,,,,,,,,,,,
dynamic_mc200/dynamic_first5_comparison.csv,01_MC200_TT_LOW_W4,P4_EVENT_NOISE_MC200_LOW,MC200_CMP_XM5_XM6_W8P2524_XM7_XM11_W16P8587_S001_LOW_W4,TT_3P3_27C,1,100001,3,0.08091612070784752,0.08091612070784752,True,134,0,False,True,False,False,1,False,False,PREFIX_LIMITED_AFTER_5_FRAMES,/foss/designs/A44_SAR_ADC_CURRENT_CACE_REPRODUCIBLE_20260728_R1/06_RUN_OUTPUTS/RUN_20260728T180926Z/dynamic_mc200/P4_EVENT_NOISE_MC200_LOW/MC200_CMP_XM5_XM6_W8P2524_XM7_XM11_W16P8587_S001_LOW_W4/jobs/prefix5.spice,/foss/designs/A44_SAR_ADC_CURRENT_CACE_REPRODUCIBLE_20260728_R1/06_RUN_OUTPUTS/RUN_20260728T180926Z/dynamic_mc200/P4_EVENT_NOISE_MC200_LOW/MC200_CMP_XM5_XM6_W8P2524_XM7_XM11_W16P8587_S001_LOW_W4/logs/prefix5.log,,,,,,,,,,,,,,
dynamic_mc200/dynamic_first5_comparison.csv,01_MC200_TT_LOW_W4,P4_EVENT_NOISE_MC200_LOW,MC200_CMP_XM5_XM6_W8P2524_XM7_XM11_W16P8587_S001_LOW_W4,TT_3P3_27C,1,100001,4,-0.8874809752386567,-0.8874809752386567,True,61,0,False,True,False,False,1,False,False,PREFIX_LIMITED_AFTER_5_FRAMES,/foss/designs/A44_SAR_ADC_CURRENT_CACE_REPRODUCIBLE_20260728_R1/06_RUN_OUTPUTS/RUN_20260728T180926Z/dynamic_mc200/P4_EVENT_NOISE_MC200_LOW/MC200_CMP_XM5_XM6_W8P2524_XM7_XM11_W16P8587_S001_LOW_W4/jobs/prefix5.spice,/foss/designs/A44_SAR_ADC_CURRENT_CACE_REPRODUCIBLE_20260728_R1/06_RUN_OUTPUTS/RUN_20260728T180926Z/dynamic_mc200/P4_EVENT_NOISE_MC200_LOW/MC200_CMP_XM5_XM6_W8P2524_XM7_XM11_W16P8587_S001_LOW_W4/logs/prefix5.log,,,,,,,,,,,,,,
dynamic_mc200/dynamic_first5_comparison.csv,01_MC200_TT_LOW_W4,P4_EVENT_NOISE_MC200_LOW,MC200_CMP_XM5_XM6_W8P2524_XM7_XM11_W16P8587_S002_LOW_W4,TT_3P3_27C,2,100002,0,1.2828544944997136,1.2828544944997136,True,224,0,False,True,False,False,1,False,False,PREFIX_LIMITED_AFTER_5_FRAMES,/foss/designs/A44_SAR_ADC_CURRENT_CACE_REPRODUCIBLE_20260728_R1/06_RUN_OUTPUTS/RUN_20260728T180926Z/dynamic_mc200/P4_EVENT_NOISE_MC200_LOW/MC200_CMP_XM5_XM6_W8P2524_XM7_XM11_W16P8587_S002_LOW_W4/jobs/prefix5.spice,/foss/designs/A44_SAR_ADC_CURRENT_CACE_REPRODUCIBLE_20260728_R1/06_RUN_OUTPUTS/RUN_20260728T180926Z/dynamic_mc200/P4_EVENT_NOISE_MC200_LOW/MC200_CMP_XM5_XM6_W8P2524_XM7_XM11_W16P8587_S002_LOW_W4/logs/prefix5.log,,,,,,,,,,,,,,
dynamic_mc200/dynamic_first5_comparison.csv,01_MC200_TT_LOW_W4,P4_EVENT_NOISE_MC200_LOW,MC200_CMP_XM5_XM6_W8P2524_XM7_XM11_W16P8587_S002_LOW_W4,TT_3P3_27C,2,100002,1,1.4848604071010696,1.4848604071010696,True,239,0,False,True,False,False,1,False,False,PREFIX_LIMITED_AFTER_5_FRAMES,/foss/designs/A44_SAR_ADC_CURRENT_CACE_REPRODUCIBLE_20260728_R1/06_RUN_OUTPUTS/RUN_20260728T180926Z/dynamic_mc200/P4_EVENT_NOISE_MC200_LOW/MC200_CMP_XM5_XM6_W8P2524_XM7_XM11_W16P8587_S002_LOW_W4/jobs/prefix5.spice,/foss/designs/A44_SAR_ADC_CURRENT_CACE_REPRODUCIBLE_20260728_R1/06_RUN_OUTPUTS/RUN_20260728T180926Z/dynamic_mc200/P4_EVENT_NOISE_MC200_LOW/MC200_CMP_XM5_XM6_W8P2524_XM7_XM11_W16P8587_S002_LOW_W4/logs/prefix5.log,,,,,,,,,,,,,,
dynamic_mc200/dynamic_first5_comparison.csv,01_MC200_TT_LOW_W4,P4_EVENT_NOISE_MC200_LOW,MC200_CMP_XM5_XM6_W8P2524_XM7_XM11_W16P8587_S002_LOW_W4,TT_3P3_27C,2,100002,2,1.0127235990655084,1.0127235990655084,True,203,0,False,True,False,False,1,False,False,PREFIX_LIMITED_AFTER_5_FRAMES,/foss/designs/A44_SAR_ADC_CURRENT_CACE_REPRODUCIBLE_20260728_R1/06_RUN_OUTPUTS/RUN_20260728T180926Z/dynamic_mc200/P4_EVENT_NOISE_MC200_LOW/MC200_CMP_XM5_XM6_W8P2524_XM7_XM11_W16P8587_S002_LOW_W4/jobs/prefix5.spice,/foss/designs/A44_SAR_ADC_CURRENT_CACE_REPRODUCIBLE_20260728_R1/06_RUN_OUTPUTS/RUN_20260728T180926Z/dynamic_mc200/P4_EVENT_NOISE_MC200_LOW/MC200_CMP_XM5_XM6_W8P2524_XM7_XM11_W16P8587_S002_LOW_W4/logs/prefix5.log,,,,,,,,,,,,,,
dynamic_mc200/dynamic_first5_comparison.csv,01_MC200_TT_LOW_W4,P4_EVENT_NOISE_MC200_LOW,MC200_CMP_XM5_XM6_W8P2524_XM7_XM11_W16P8587_S002_LOW_W4,TT_3P3_27C,2,100002,3,0.08096856825981608,0.08096856825981608,True,133,0,False,True,False,False,1,False,False,PREFIX_LIMITED_AFTER_5_FRAMES,/foss/designs/A44_SAR_ADC_CURRENT_CACE_REPRODUCIBLE_20260728_R1/06_RUN_OUTPUTS/RUN_20260728T180926Z/dynamic_mc200/P4_EVENT_NOISE_MC200_LOW/MC200_CMP_XM5_XM6_W8P2524_XM7_XM11_W16P8587_S002_LOW_W4/jobs/prefix5.spice,/foss/designs/A44_SAR_ADC_CURRENT_CACE_REPRODUCIBLE_20260728_R1/06_RUN_OUTPUTS/RUN_20260728T180926Z/dynamic_mc200/P4_EVENT_NOISE_MC200_LOW/MC200_CMP_XM5_XM6_W8P2524_XM7_XM11_W16P8587_S002_LOW_W4/logs/prefix5.log,,,,,,,,,,,,,,
dynamic_mc200/dynamic_first5_comparison.csv,01_MC200_TT_LOW_W4,P4_EVENT_NOISE_MC200_LOW,MC200_CMP_XM5_XM6_W8P2524_XM7_XM11_W16P8587_S002_LOW_W4,TT_3P3_27C,2,100002,4,-0.887615351269771,-0.887615351269771,True,60,0,False,True,False,False,1,False,False,PREFIX_LIMITED_AFTER_5_FRAMES,/foss/designs/A44_SAR_ADC_CURRENT_CACE_REPRODUCIBLE_20260728_R1/06_RUN_OUTPUTS/RUN_20260728T180926Z/dynamic_mc200/P4_EVENT_NOISE_MC200_LOW/MC200_CMP_XM5_XM6_W8P2524_XM7_XM11_W16P8587_S002_LOW_W4/jobs/prefix5.spice,/foss/designs/A44_SAR_ADC_CURRENT_CACE_REPRODUCIBLE_20260728_R1/06_RUN_OUTPUTS/RUN_20260728T180926Z/dynamic_mc200/P4_EVENT_NOISE_MC200_LOW/MC200_CMP_XM5_XM6_W8P2524_XM7_XM11_W16P8587_S002_LOW_W4/logs/prefix5.log,,,,,,,,,,,,,,
dynamic_mc200/dynamic_first5_comparison.csv,01_MC200_TT_LOW_W4,P4_EVENT_NOISE_MC200_LOW,MC200_CMP_XM5_XM6_W8P2524_XM7_XM11_W16P8587_S003_LOW_W4,TT_3P3_27C,3,100003,0,1.2828902960507325,1.2828902960507325,True,225,0,False,True,False,False,1,False,False,PREFIX_LIMITED_AFTER_5_FRAMES,/foss/designs/A44_SAR_ADC_CURRENT_CACE_REPRODUCIBLE_20260728_R1/06_RUN_OUTPUTS/RUN_20260728T180926Z/dynamic_mc200/P4_EVENT_NOISE_MC200_LOW/MC200_CMP_XM5_XM6_W8P2524_XM7_XM11_W16P8587_S003_LOW_W4/jobs/prefix5.spice,/foss/designs/A44_SAR_ADC_CURRENT_CACE_REPRODUCIBLE_20260728_R1/06_RUN_OUTPUTS/RUN_20260728T180926Z/dynamic_mc200/P4_EVENT_NOISE_MC200_LOW/MC200_CMP_XM5_XM6_W8P2524_XM7_XM11_W16P8587_S003_LOW_W4/logs/prefix5.log,,,,,,,,,,,,,,
dynamic_mc200/dynamic_first5_comparison.csv,01_MC200_TT_LOW_W4,P4_EVENT_NOISE_MC200_LOW,MC200_CMP_XM5_XM6_W8P2524_XM7_XM11_W16P8587_S003_LOW_W4,TT_3P3_27C,3,100003,1,1.4847917950223695,1.4847917950223695,True,241,0,False,True,False,False,1,False,False,PREFIX_LIMITED_AFTER_5_FRAMES,/foss/designs/A44_SAR_ADC_CURRENT_CACE_REPRODUCIBLE_20260728_R1/06_RUN_OUTPUTS/RUN_20260728T180926Z/dynamic_mc200/P4_EVENT_NOISE_MC200_LOW/MC200_CMP_XM5_XM6_W8P2524_XM7_XM11_W16P8587_S003_LOW_W4/jobs/prefix5.spice,/foss/designs/A44_SAR_ADC_CURRENT_CACE_REPRODUCIBLE_20260728_R1/06_RUN_OUTPUTS/RUN_20260728T180926Z/dynamic_mc200/P4_EVENT_NOISE_MC200_LOW/MC200_CMP_XM5_XM6_W8P2524_XM7_XM11_W16P8587_S003_LOW_W4/logs/prefix5.log,,,,,,,,,,,,,,
dynamic_mc200/dynamic_first5_comparison.csv,01_MC200_TT_LOW_W4,P4_EVENT_NOISE_MC200_LOW,MC200_CMP_XM5_XM6_W8P2524_XM7_XM11_W16P8587_S003_LOW_W4,TT_3P3_27C,3,100003,2,1.0127250394037193,1.0127250394037193,True,205,0,False,True,False,False,1,False,False,PREFIX_LIMITED_AFTER_5_FRAMES,/foss/designs/A44_SAR_ADC_CURRENT_CACE_REPRODUCIBLE_20260728_R1/06_RUN_OUTPUTS/RUN_20260728T180926Z/dynamic_mc200/P4_EVENT_NOISE_MC200_LOW/MC200_CMP_XM5_XM6_W8P2524_XM7_XM11_W16P8587_S003_LOW_W4/jobs/prefix5.spice,/foss/designs/A44_SAR_ADC_CURRENT_CACE_REPRODUCIBLE_20260728_R1/06_RUN_OUTPUTS/RUN_20260728T180926Z/dynamic_mc200/P4_EVENT_NOISE_MC200_LOW/MC200_CMP_XM5_XM6_W8P2524_XM7_XM11_W16P8587_S003_LOW_W4/logs/prefix5.log,,,,,,,,,,,,,,
dynamic_mc200/dynamic_first5_comparison.csv,01_MC200_TT_LOW_W4,P4_EVENT_NOISE_MC200_LOW,MC200_CMP_XM5_XM6_W8P2524_XM7_XM11_W16P8587_S003_LOW_W4,TT_3P3_27C,3,100003,3,0.08097440959825364,0.08097440959825364,True,135,0,False,True,False,False,1,False,False,PREFIX_LIMITED_AFTER_5_FRAMES,/foss/designs/A44_SAR_ADC_CURRENT_CACE_REPRODUCIBLE_20260728_R1/06_RUN_OUTPUTS/RUN_20260728T180926Z/dynamic_mc200/P4_EVENT_NOISE_MC200_LOW/MC200_CMP_XM5_XM6_W8P2524_XM7_XM11_W16P8587_S003_LOW_W4/jobs/prefix5.spice,/foss/designs/A44_SAR_ADC_CURRENT_CACE_REPRODUCIBLE_20260728_R1/06_RUN_OUTPUTS/RUN_20260728T180926Z/dynamic_mc200/P4_EVENT_NOISE_MC200_LOW/MC200_CMP_XM5_XM6_W8P2524_XM7_XM11_W16P8587_S003_LOW_W4/logs/prefix5.log,,,,,,,,,,,,,,
dynamic_mc200/dynamic_first5_comparison.csv,01_MC200_TT_LOW_W4,P4_EVENT_NOISE_MC200_LOW,MC200_CMP_XM5_XM6_W8P2524_XM7_XM11_W16P8587_S003_LOW_W4,TT_3P3_27C,3,100003,4,-0.8876553625803686,-0.8876553625803686,True,62,0,False,True,False,False,1,False,False,PREFIX_LIMITED_AFTER_5_FRAMES,/foss/designs/A44_SAR_ADC_CURRENT_CACE_REPRODUCIBLE_20260728_R1/06_RUN_OUTPUTS/RUN_20260728T180926Z/dynamic_mc200/P4_EVENT_NOISE_MC200_LOW/MC200_CMP_XM5_XM6_W8P2524_XM7_XM11_W16P8587_S003_LOW_W4/jobs/prefix5.spice,/foss/designs/A44_SAR_ADC_CURRENT_CACE_REPRODUCIBLE_20260728_R1/06_RUN_OUTPUTS/RUN_20260728T180926Z/dynamic_mc200/P4_EVENT_NOISE_MC200_LOW/MC200_CMP_XM5_XM6_W8P2524_XM7_XM11_W16P8587_S003_LOW_W4/logs/prefix5.log,,,,,,,,,,,,,,
dynamic_mc200/dynamic_first5_comparison.csv,01_MC200_TT_LOW_W4,P4_EVENT_NOISE_MC200_LOW,MC200_CMP_XM5_XM6_W8P2524_XM7_XM11_W16P8587_S004_LOW_W4,TT_3P3_27C,4,100004,0,1.2829628095208447,1.2829628095208447,True,224,0,False,True,False,False,1,False,False,PREFIX_LIMITED_AFTER_5_FRAMES,/foss/designs/A44_SAR_ADC_CURRENT_CACE_REPRODUCIBLE_20260728_R1/06_RUN_OUTPUTS/RUN_20260728T180926Z/dynamic_mc200/P4_EVENT_NOISE_MC200_LOW/MC200_CMP_XM5_XM6_W8P2524_XM7_XM11_W16P8587_S004_LOW_W4/jobs/prefix5.spice,/foss/designs/A44_SAR_ADC_CURRENT_CACE_REPRODUCIBLE_20260728_R1/06_RUN_OUTPUTS/RUN_20260728T180926Z/dynamic_mc200/P4_EVENT_NOISE_MC200_LOW/MC200_CMP_XM5_XM6_W8P2524_XM7_XM11_W16P8587_S004_LOW_W4/logs/prefix5.log,,,,,,,,,,,,,,
dynamic_mc200/dynamic_first5_comparison.csv,01_MC200_TT_LOW_W4,P4_EVENT_NOISE_MC200_LOW,MC200_CMP_XM5_XM6_W8P2524_XM7_XM11_W16P8587_S004_LOW_W4,TT_3P3_27C,4,100004,1,1.4848024274363836,1.4848024274363836,True,231,0,False,True,False,False,1,False,False,PREFIX_LIMITED_AFTER_5_FRAMES,/foss/designs/A44_SAR_ADC_CURRENT_CACE_REPRODUCIBLE_20260728_R1/06_RUN_OUTPUTS/RUN_20260728T180926Z/dynamic_mc200/P4_EVENT_NOISE_MC200_LOW/MC200_CMP_XM5_XM6_W8P2524_XM7_XM11_W16P8587_S004_LOW_W4/jobs/prefix5.spice,/foss/designs/A44_SAR_ADC_CURRENT_CACE_REPRODUCIBLE_20260728_R1/06_RUN_OUTPUTS/RUN_20260728T180926Z/dynamic_mc200/P4_EVENT_NOISE_MC200_LOW/MC200_CMP_XM5_XM6_W8P2524_XM7_XM11_W16P8587_S004_LOW_W4/logs/prefix5.log,,,,,,,,,,,,,,
dynamic_mc200/dynamic_first5_comparison.csv,01_MC200_TT_LOW_W4,P4_EVENT_NOISE_MC200_LOW,MC200_CMP_XM5_XM6_W8P2524_XM7_XM11_W16P8587_S004_LOW_W4,TT_3P3_27C,4,100004,2,1.0128222990220415,1.0128222990220415,True,196,0,False,True,False,False,1,False,False,PREFIX_LIMITED_AFTER_5_FRAMES,/foss/designs/A44_SAR_ADC_CURRENT_CACE_REPRODUCIBLE_20260728_R1/06_RUN_OUTPUTS/RUN_20260728T180926Z/dynamic_mc200/P4_EVENT_NOISE_MC200_LOW/MC200_CMP_XM5_XM6_W8P2524_XM7_XM11_W16P8587_S004_LOW_W4/jobs/prefix5.spice,/foss/designs/A44_SAR_ADC_CURRENT_CACE_REPRODUCIBLE_20260728_R1/06_RUN_OUTPUTS/RUN_20260728T180926Z/dynamic_mc200/P4_EVENT_NOISE_MC200_LOW/MC200_CMP_XM5_XM6_W8P2524_XM7_XM11_W16P8587_S004_LOW_W4/logs/prefix5.log,,,,,,,,,,,,,,
dynamic_mc200/dynamic_first5_comparison.csv,01_MC200_TT_LOW_W4,P4_EVENT_NOISE_MC200_LOW,MC200_CMP_XM5_XM6_W8P2524_XM7_XM11_W16P8587_S004_LOW_W4,TT_3P3_27C,4,100004,3,0.08090458072514599,0.08090458072514599,True,133,0,False,True,False,False,1,False,False,PREFIX_LIMITED_AFTER_5_FRAMES,/foss/designs/A44_SAR_ADC_CURRENT_CACE_REPRODUCIBLE_20260728_R1/06_RUN_OUTPUTS/RUN_20260728T180926Z/dynamic_mc200/P4_EVENT_NOISE_MC200_LOW/MC200_CMP_XM5_XM6_W8P2524_XM7_XM11_W16P8587_S004_LOW_W4/jobs/prefix5.spice,/foss/designs/A44_SAR_ADC_CURRENT_CACE_REPRODUCIBLE_20260728_R1/06_RUN_OUTPUTS/RUN_20260728T180926Z/dynamic_mc200/P4_EVENT_NOISE_MC200_LOW/MC200_CMP_XM5_XM6_W8P2524_XM7_XM11_W16P8587_S004_LOW_W4/logs/prefix5.log,,,,,,,,,,,,,,
dynamic_mc200/dynamic_first5_comparison.csv,01_MC200_TT_LOW_W4,P4_EVENT_NOISE_MC200_LOW,MC200_CMP_XM5_XM6_W8P2524_XM7_XM11_W16P8587_S004_LOW_W4,TT_3P3_27C,4,100004,4,-0.8876117243549283,-0.8876117243549283,True,60,0,False,True,False,False,1,False,False,PREFIX_LIMITED_AFTER_5_FRAMES,/foss/designs/A44_SAR_ADC_CURRENT_CACE_REPRODUCIBLE_20260728_R1/06_RUN_OUTPUTS/RUN_20260728T180926Z/dynamic_mc200/P4_EVENT_NOISE_MC200_LOW/MC200_CMP_XM5_XM6_W8P2524_XM7_XM11_W16P8587_S004_LOW_W4/jobs/prefix5.spice,/foss/designs/A44_SAR_ADC_CURRENT_CACE_REPRODUCIBLE_20260728_R1/06_RUN_OUTPUTS/RUN_20260728T180926Z/dynamic_mc200/P4_EVENT_NOISE_MC200_LOW/MC200_CMP_XM5_XM6_W8P2524_XM7_XM11_W16P8587_S004_LOW_W4/logs/prefix5.log,,,,,,,,,,,,,,
dynamic_mc200/dynamic_first5_comparison.csv,01_MC200_TT_LOW_W4,P4_EVENT_NOISE_MC200_LOW,MC200_CMP_XM5_XM6_W8P2524_XM7_XM11_W16P8587_S005_LOW_W4,TT_3P3_27C,5,100005,0,1.282786409080215,1.282786409080215,True,224,0,False,True,False,False,1,False,False,PREFIX_LIMITED_AFTER_5_FRAMES,/foss/designs/A44_SAR_ADC_CURRENT_CACE_REPRODUCIBLE_20260728_R1/06_RUN_OUTPUTS/RUN_20260728T180926Z/dynamic_mc200/P4_EVENT_NOISE_MC200_LOW/MC200_CMP_XM5_XM6_W8P2524_XM7_XM11_W16P8587_S005_LOW_W4/jobs/prefix5.spice,/foss/designs/A44_SAR_ADC_CURRENT_CACE_REPRODUCIBLE_20260728_R1/06_RUN_OUTPUTS/RUN_20260728T180926Z/dynamic_mc200/P4_EVENT_NOISE_MC200_LOW/MC200_CMP_XM5_XM6_W8P2524_XM7_XM11_W16P8587_S005_LOW_W4/logs/prefix5.log,,,,,,,,,,,,,,
dynamic_mc200/dynamic_first5_comparison.csv,01_MC200_TT_LOW_W4,P4_EVENT_NOISE_MC200_LOW,MC200_CMP_XM5_XM6_W8P2524_XM7_XM11_W16P8587_S005_LOW_W4,TT_3P3_27C,5,100005,1,1.4848654352480921,1.4848654352480921,True,239,0,False,True,False,False,1,False,False,PREFIX_LIMITED_AFTER_5_FRAMES,/foss/designs/A44_SAR_ADC_CURRENT_CACE_REPRODUCIBLE_20260728_R1/06_RUN_OUTPUTS/RUN_20260728T180926Z/dynamic_mc200/P4_EVENT_NOISE_MC200_LOW/MC200_CMP_XM5_XM6_W8P2524_XM7_XM11_W16P8587_S005_LOW_W4/jobs/prefix5.spice,/foss/designs/A44_SAR_ADC_CURRENT_CACE_REPRODUCIBLE_20260728_R1/06_RUN_OUTPUTS/RUN_20260728T180926Z/dynamic_mc200/P4_EVENT_NOISE_MC200_LOW/MC200_CMP_XM5_XM6_W8P2524_XM7_XM11_W16P8587_S005_LOW_W4/logs/prefix5.log,,,,,,,,,,,,,,
dynamic_mc200/dynamic_first5_comparison.csv,01_MC200_TT_LOW_W4,P4_EVENT_NOISE_MC200_LOW,MC200_CMP_XM5_XM6_W8P2524_XM7_XM11_W16P8587_S005_LOW_W4,TT_3P3_27C,5,100005,2,1.0128256832216294,1.0128256832216294,True,204,0,False,True,False,False,1,False,False,PREFIX_LIMITED_AFTER_5_FRAMES,/foss/designs/A44_SAR_ADC_CURRENT_CACE_REPRODUCIBLE_20260728_R1/06_RUN_OUTPUTS/RUN_20260728T180926Z/dynamic_mc200/P4_EVENT_NOISE_MC200_LOW/MC200_CMP_XM5_XM6_W8P2524_XM7_XM11_W16P8587_S005_LOW_W4/jobs/prefix5.spice,/foss/designs/A44_SAR_ADC_CURRENT_CACE_REPRODUCIBLE_20260728_R1/06_RUN_OUTPUTS/RUN_20260728T180926Z/dynamic_mc200/P4_EVENT_NOISE_MC200_LOW/MC200_CMP_XM5_XM6_W8P2524_XM7_XM11_W16P8587_S005_LOW_W4/logs/prefix5.log,,,,,,,,,,,,,,
dynamic_mc200/dynamic_first5_comparison.csv,01_MC200_TT_LOW_W4,P4_EVENT_NOISE_MC200_LOW,MC200_CMP_XM5_XM6_W8P2524_XM7_XM11_W16P8587_S005_LOW_W4,TT_3P3_27C,5,100005,3,0.08103156384198977,0.08103156384198977,True,133,0,False,True,False,False,1,False,False,PREFIX_LIMITED_AFTER_5_FRAMES,/foss/designs/A44_SAR_ADC_CURRENT_CACE_REPRODUCIBLE_20260728_R1/06_RUN_OUTPUTS/RUN_20260728T180926Z/dynamic_mc200/P4_EVENT_NOISE_MC200_LOW/MC200_CMP_XM5_XM6_W8P2524_XM7_XM11_W16P8587_S005_LOW_W4/jobs/prefix5.spice,/foss/designs/A44_SAR_ADC_CURRENT_CACE_REPRODUCIBLE_20260728_R1/06_RUN_OUTPUTS/RUN_20260728T180926Z/dynamic_mc200/P4_EVENT_NOISE_MC200_LOW/MC200_CMP_XM5_XM6_W8P2524_XM7_XM11_W16P8587_S005_LOW_W4/logs/prefix5.log,,,,,,,,,,,,,,
dynamic_mc200/dynamic_first5_comparison.csv,01_MC200_TT_LOW_W4,P4_EVENT_NOISE_MC200_LOW,MC200_CMP_XM5_XM6_W8P2524_XM7_XM11_W16P8587_S005_LOW_W4,TT_3P3_27C,5,100005,4,-0.887532720855733,-0.887532720855733,True,61,0,False,True,False,False,1,False,False,PREFIX_LIMITED_AFTER_5_FRAMES,/foss/designs/A44_SAR_ADC_CURRENT_CACE_REPRODUCIBLE_20260728_R1/06_RUN_OUTPUTS/RUN_20260728T180926Z/dynamic_mc200/P4_EVENT_NOISE_MC200_LOW/MC200_CMP_XM5_XM6_W8P2524_XM7_XM11_W16P8587_S005_LOW_W4/jobs/prefix5.spice,/foss/designs/A44_SAR_ADC_CURRENT_CACE_REPRODUCIBLE_20260728_R1/06_RUN_OUTPUTS/RUN_20260728T180926Z/dynamic_mc200/P4_EVENT_NOISE_MC200_LOW/MC200_CMP_XM5_XM6_W8P2524_XM7_XM11_W16P8587_S005_LOW_W4/logs/prefix5.log,,,,,,,,,,,,,,
dynamic_pvt3_mc20/dynamic_first5_comparison.csv,02_PVT3_MC20_LOW_W4,P6_PVT_FF_MC20_LOW,PVT3_FF_3P6_M40C_CMP_XM5_XM6_W8P2524_XM7_XM11_W16P8587_S021_LOW_W4,FF_3P6_M40C,21,100021,0,1.282830868497935,1.282830868497935,True,224,0,False,True,False,False,1,False,False,PREFIX_LIMITED_AFTER_5_FRAMES,/foss/designs/A44_SAR_ADC_CURRENT_CACE_REPRODUCIBLE_20260728_R1/06_RUN_OUTPUTS/RUN_20260728T180926Z/dynamic_pvt3_mc20/P6_PVT_FF_MC20_LOW/PVT3_FF_3P6_M40C_CMP_XM5_XM6_W8P2524_XM7_XM11_W16P8587_S021_LOW_W4/jobs/prefix5.spice,/foss/designs/A44_SAR_ADC_CURRENT_CACE_REPRODUCIBLE_20260728_R1/06_RUN_OUTPUTS/RUN_20260728T180926Z/dynamic_pvt3_mc20/P6_PVT_FF_MC20_LOW/PVT3_FF_3P6_M40C_CMP_XM5_XM6_W8P2524_XM7_XM11_W16P8587_S021_LOW_W4/logs/prefix5.log,,,,,,,,,,,,,,
dynamic_pvt3_mc20/dynamic_first5_comparison.csv,02_PVT3_MC20_LOW_W4,P6_PVT_FF_MC20_LOW,PVT3_FF_3P6_M40C_CMP_XM5_XM6_W8P2524_XM7_XM11_W16P8587_S021_LOW_W4,FF_3P6_M40C,21,100021,1,1.4848275417689853,1.4848275417689853,True,240,0,False,True,False,False,1,False,False,PREFIX_LIMITED_AFTER_5_FRAMES,/foss/designs/A44_SAR_ADC_CURRENT_CACE_REPRODUCIBLE_20260728_R1/06_RUN_OUTPUTS/RUN_20260728T180926Z/dynamic_pvt3_mc20/P6_PVT_FF_MC20_LOW/PVT3_FF_3P6_M40C_CMP_XM5_XM6_W8P2524_XM7_XM11_W16P8587_S021_LOW_W4/jobs/prefix5.spice,/foss/designs/A44_SAR_ADC_CURRENT_CACE_REPRODUCIBLE_20260728_R1/06_RUN_OUTPUTS/RUN_20260728T180926Z/dynamic_pvt3_mc20/P6_PVT_FF_MC20_LOW/PVT3_FF_3P6_M40C_CMP_XM5_XM6_W8P2524_XM7_XM11_W16P8587_S021_LOW_W4/logs/prefix5.log,,,,,,,,,,,,,,
dynamic_pvt3_mc20/dynamic_first5_comparison.csv,02_PVT3_MC20_LOW_W4,P6_PVT_FF_MC20_LOW,PVT3_FF_3P6_M40C_CMP_XM5_XM6_W8P2524_XM7_XM11_W16P8587_S021_LOW_W4,FF_3P6_M40C,21,100021,2,1.013001880066247,1.013001880066247,True,204,0,False,True,False,False,1,False,False,PREFIX_LIMITED_AFTER_5_FRAMES,/foss/designs/A44_SAR_ADC_CURRENT_CACE_REPRODUCIBLE_20260728_R1/06_RUN_OUTPUTS/RUN_20260728T180926Z/dynamic_pvt3_mc20/P6_PVT_FF_MC20_LOW/PVT3_FF_3P6_M40C_CMP_XM5_XM6_W8P2524_XM7_XM11_W16P8587_S021_LOW_W4/jobs/prefix5.spice,/foss/designs/A44_SAR_ADC_CURRENT_CACE_REPRODUCIBLE_20260728_R1/06_RUN_OUTPUTS/RUN_20260728T180926Z/dynamic_pvt3_mc20/P6_PVT_FF_MC20_LOW/PVT3_FF_3P6_M40C_CMP_XM5_XM6_W8P2524_XM7_XM11_W16P8587_S021_LOW_W4/logs/prefix5.log,,,,,,,,,,,,,,
dynamic_pvt3_mc20/dynamic_first5_comparison.csv,02_PVT3_MC20_LOW_W4,P6_PVT_FF_MC20_LOW,PVT3_FF_3P6_M40C_CMP_XM5_XM6_W8P2524_XM7_XM11_W16P8587_S021_LOW_W4,FF_3P6_M40C,21,100021,3,0.08091220667881394,0.08091220667881394,True,134,0,False,True,False,False,1,False,False,PREFIX_LIMITED_AFTER_5_FRAMES,/foss/designs/A44_SAR_ADC_CURRENT_CACE_REPRODUCIBLE_20260728_R1/06_RUN_OUTPUTS/RUN_20260728T180926Z/dynamic_pvt3_mc20/P6_PVT_FF_MC20_LOW/PVT3_FF_3P6_M40C_CMP_XM5_XM6_W8P2524_XM7_XM11_W16P8587_S021_LOW_W4/jobs/prefix5.spice,/foss/designs/A44_SAR_ADC_CURRENT_CACE_REPRODUCIBLE_20260728_R1/06_RUN_OUTPUTS/RUN_20260728T180926Z/dynamic_pvt3_mc20/P6_PVT_FF_MC20_LOW/PVT3_FF_3P6_M40C_CMP_XM5_XM6_W8P2524_XM7_XM11_W16P8587_S021_LOW_W4/logs/prefix5.log,,,,,,,,,,,,,,
dynamic_pvt3_mc20/dynamic_first5_comparison.csv,02_PVT3_MC20_LOW_W4,P6_PVT_FF_MC20_LOW,PVT3_FF_3P6_M40C_CMP_XM5_XM6_W8P2524_XM7_XM11_W16P8587_S021_LOW_W4,FF_3P6_M40C,21,100021,4,-0.8876339442082487,-0.8876339442082487,True,61,0,False,True,False,False,1,False,False,PREFIX_LIMITED_AFTER_5_FRAMES,/foss/designs/A44_SAR_ADC_CURRENT_CACE_REPRODUCIBLE_20260728_R1/06_RUN_OUTPUTS/RUN_20260728T180926Z/dynamic_pvt3_mc20/P6_PVT_FF_MC20_LOW/PVT3_FF_3P6_M40C_CMP_XM5_XM6_W8P2524_XM7_XM11_W16P8587_S021_LOW_W4/jobs/prefix5.spice,/foss/designs/A44_SAR_ADC_CURRENT_CACE_REPRODUCIBLE_20260728_R1/06_RUN_OUTPUTS/RUN_20260728T180926Z/dynamic_pvt3_mc20/P6_PVT_FF_MC20_LOW/PVT3_FF_3P6_M40C_CMP_XM5_XM6_W8P2524_XM7_XM11_W16P8587_S021_LOW_W4/logs/prefix5.log,,,,,,,,,,,,,,
dynamic_pvt3_mc20/dynamic_first5_comparison.csv,02_PVT3_MC20_LOW_W4,P6_PVT_FF_MC20_LOW,PVT3_FF_3P6_M40C_CMP_XM5_XM6_W8P2524_XM7_XM11_W16P8587_S026_LOW_W4,FF_3P6_M40C,26,100026,0,1.2827271217901852,1.2827271217901852,True,225,0,False,True,False,False,1,False,False,PREFIX_LIMITED_AFTER_5_FRAMES,/foss/designs/A44_SAR_ADC_CURRENT_CACE_REPRODUCIBLE_20260728_R1/06_RUN_OUTPUTS/RUN_20260728T180926Z/dynamic_pvt3_mc20/P6_PVT_FF_MC20_LOW/PVT3_FF_3P6_M40C_CMP_XM5_XM6_W8P2524_XM7_XM11_W16P8587_S026_LOW_W4/jobs/prefix5.spice,/foss/designs/A44_SAR_ADC_CURRENT_CACE_REPRODUCIBLE_20260728_R1/06_RUN_OUTPUTS/RUN_20260728T180926Z/dynamic_pvt3_mc20/P6_PVT_FF_MC20_LOW/PVT3_FF_3P6_M40C_CMP_XM5_XM6_W8P2524_XM7_XM11_W16P8587_S026_LOW_W4/logs/prefix5.log,,,,,,,,,,,,,,
dynamic_pvt3_mc20/dynamic_first5_comparison.csv,02_PVT3_MC20_LOW_W4,P6_PVT_FF_MC20_LOW,PVT3_FF_3P6_M40C_CMP_XM5_XM6_W8P2524_XM7_XM11_W16P8587_S026_LOW_W4,FF_3P6_M40C,26,100026,1,1.484702486798072,1.484702486798072,True,241,0,False,True,False,False,1,False,False,PREFIX_LIMITED_AFTER_5_FRAMES,/foss/designs/A44_SAR_ADC_CURRENT_CACE_REPRODUCIBLE_20260728_R1/06_RUN_OUTPUTS/RUN_20260728T180926Z/dynamic_pvt3_mc20/P6_PVT_FF_MC20_LOW/PVT3_FF_3P6_M40C_CMP_XM5_XM6_W8P2524_XM7_XM11_W16P8587_S026_LOW_W4/jobs/prefix5.spice,/foss/designs/A44_SAR_ADC_CURRENT_CACE_REPRODUCIBLE_20260728_R1/06_RUN_OUTPUTS/RUN_20260728T180926Z/dynamic_pvt3_mc20/P6_PVT_FF_MC20_LOW/PVT3_FF_3P6_M40C_CMP_XM5_XM6_W8P2524_XM7_XM11_W16P8587_S026_LOW_W4/logs/prefix5.log,,,,,,,,,,,,,,
dynamic_pvt3_mc20/dynamic_first5_comparison.csv,02_PVT3_MC20_LOW_W4,P6_PVT_FF_MC20_LOW,PVT3_FF_3P6_M40C_CMP_XM5_XM6_W8P2524_XM7_XM11_W16P8587_S026_LOW_W4,FF_3P6_M40C,26,100026,2,1.0128494153430663,1.0128494153430663,True,205,0,False,True,False,False,1,False,False,PREFIX_LIMITED_AFTER_5_FRAMES,/foss/designs/A44_SAR_ADC_CURRENT_CACE_REPRODUCIBLE_20260728_R1/06_RUN_OUTPUTS/RUN_20260728T180926Z/dynamic_pvt3_mc20/P6_PVT_FF_MC20_LOW/PVT3_FF_3P6_M40C_CMP_XM5_XM6_W8P2524_XM7_XM11_W16P8587_S026_LOW_W4/jobs/prefix5.spice,/foss/designs/A44_SAR_ADC_CURRENT_CACE_REPRODUCIBLE_20260728_R1/06_RUN_OUTPUTS/RUN_20260728T180926Z/dynamic_pvt3_mc20/P6_PVT_FF_MC20_LOW/PVT3_FF_3P6_M40C_CMP_XM5_XM6_W8P2524_XM7_XM11_W16P8587_S026_LOW_W4/logs/prefix5.log,,,,,,,,,,,,,,
dynamic_pvt3_mc20/dynamic_first5_comparison.csv,02_PVT3_MC20_LOW_W4,P6_PVT_FF_MC20_LOW,PVT3_FF_3P6_M40C_CMP_XM5_XM6_W8P2524_XM7_XM11_W16P8587_S026_LOW_W4,FF_3P6_M40C,26,100026,3,0.08095314264305001,0.08095314264305001,True,134,0,False,True,False,False,1,False,False,PREFIX_LIMITED_AFTER_5_FRAMES,/foss/designs/A44_SAR_ADC_CURRENT_CACE_REPRODUCIBLE_20260728_R1/06_RUN_OUTPUTS/RUN_20260728T180926Z/dynamic_pvt3_mc20/P6_PVT_FF_MC20_LOW/PVT3_FF_3P6_M40C_CMP_XM5_XM6_W8P2524_XM7_XM11_W16P8587_S026_LOW_W4/jobs/prefix5.spice,/foss/designs/A44_SAR_ADC_CURRENT_CACE_REPRODUCIBLE_20260728_R1/06_RUN_OUTPUTS/RUN_20260728T180926Z/dynamic_pvt3_mc20/P6_PVT_FF_MC20_LOW/PVT3_FF_3P6_M40C_CMP_XM5_XM6_W8P2524_XM7_XM11_W16P8587_S026_LOW_W4/logs/prefix5.log,,,,,,,,,,,,,,
dynamic_pvt3_mc20/dynamic_first5_comparison.csv,02_PVT3_MC20_LOW_W4,P6_PVT_FF_MC20_LOW,PVT3_FF_3P6_M40C_CMP_XM5_XM6_W8P2524_XM7_XM11_W16P8587_S026_LOW_W4,FF_3P6_M40C,26,100026,4,-0.8876032435722097,-0.8876032435722097,True,62,0,False,True,False,False,1,False,False,PREFIX_LIMITED_AFTER_5_FRAMES,/foss/designs/A44_SAR_ADC_CURRENT_CACE_REPRODUCIBLE_20260728_R1/06_RUN_OUTPUTS/RUN_20260728T180926Z/dynamic_pvt3_mc20/P6_PVT_FF_MC20_LOW/PVT3_FF_3P6_M40C_CMP_XM5_XM6_W8P2524_XM7_XM11_W16P8587_S026_LOW_W4/jobs/prefix5.spice,/foss/designs/A44_SAR_ADC_CURRENT_CACE_REPRODUCIBLE_20260728_R1/06_RUN_OUTPUTS/RUN_20260728T180926Z/dynamic_pvt3_mc20/P6_PVT_FF_MC20_LOW/PVT3_FF_3P6_M40C_CMP_XM5_XM6_W8P2524_XM7_XM11_W16P8587_S026_LOW_W4/logs/prefix5.log,,,,,,,,,,,,,,
dynamic_pvt3_mc20/dynamic_first5_comparison.csv,02_PVT3_MC20_LOW_W4,P6_PVT_FF_MC20_LOW,PVT3_FF_3P6_M40C_CMP_XM5_XM6_W8P2524_XM7_XM11_W16P8587_S036_LOW_W4,FF_3P6_M40C,36,100036,0,1.2828671656699377,1.2828671656699377,True,224,0,False,True,False,False,1,False,False,PREFIX_LIMITED_AFTER_5_FRAMES,/foss/designs/A44_SAR_ADC_CURRENT_CACE_REPRODUCIBLE_20260728_R1/06_RUN_OUTPUTS/RUN_20260728T180926Z/dynamic_pvt3_mc20/P6_PVT_FF_MC20_LOW/PVT3_FF_3P6_M40C_CMP_XM5_XM6_W8P2524_XM7_XM11_W16P8587_S036_LOW_W4/jobs/prefix5.spice,/foss/designs/A44_SAR_ADC_CURRENT_CACE_REPRODUCIBLE_20260728_R1/06_RUN_OUTPUTS/RUN_20260728T180926Z/dynamic_pvt3_mc20/P6_PVT_FF_MC20_LOW/PVT3_FF_3P6_M40C_CMP_XM5_XM6_W8P2524_XM7_XM11_W16P8587_S036_LOW_W4/logs/prefix5.log,,,,,,,,,,,,,,
dynamic_pvt3_mc20/dynamic_first5_comparison.csv,02_PVT3_MC20_LOW_W4,P6_PVT_FF_MC20_LOW,PVT3_FF_3P6_M40C_CMP_XM5_XM6_W8P2524_XM7_XM11_W16P8587_S036_LOW_W4,FF_3P6_M40C,36,100036,1,1.4849795827408698,1.4849795827408698,True,238,0,False,True,False,False,1,False,False,PREFIX_LIMITED_AFTER_5_FRAMES,/foss/designs/A44_SAR_ADC_CURRENT_CACE_REPRODUCIBLE_20260728_R1/06_RUN_OUTPUTS/RUN_20260728T180926Z/dynamic_pvt3_mc20/P6_PVT_FF_MC20_LOW/PVT3_FF_3P6_M40C_CMP_XM5_XM6_W8P2524_XM7_XM11_W16P8587_S036_LOW_W4/jobs/prefix5.spice,/foss/designs/A44_SAR_ADC_CURRENT_CACE_REPRODUCIBLE_20260728_R1/06_RUN_OUTPUTS/RUN_20260728T180926Z/dynamic_pvt3_mc20/P6_PVT_FF_MC20_LOW/PVT3_FF_3P6_M40C_CMP_XM5_XM6_W8P2524_XM7_XM11_W16P8587_S036_LOW_W4/logs/prefix5.log,,,,,,,,,,,,,,
dynamic_pvt3_mc20/dynamic_first5_comparison.csv,02_PVT3_MC20_LOW_W4,P6_PVT_FF_MC20_LOW,PVT3_FF_3P6_M40C_CMP_XM5_XM6_W8P2524_XM7_XM11_W16P8587_S036_LOW_W4,FF_3P6_M40C,36,100036,2,1.012832508212646,1.012832508212646,True,203,0,False,True,False,False,1,False,False,PREFIX_LIMITED_AFTER_5_FRAMES,/foss/designs/A44_SAR_ADC_CURRENT_CACE_REPRODUCIBLE_20260728_R1/06_RUN_OUTPUTS/RUN_20260728T180926Z/dynamic_pvt3_mc20/P6_PVT_FF_MC20_LOW/PVT3_FF_3P6_M40C_CMP_XM5_XM6_W8P2524_XM7_XM11_W16P8587_S036_LOW_W4/jobs/prefix5.spice,/foss/designs/A44_SAR_ADC_CURRENT_CACE_REPRODUCIBLE_20260728_R1/06_RUN_OUTPUTS/RUN_20260728T180926Z/dynamic_pvt3_mc20/P6_PVT_FF_MC20_LOW/PVT3_FF_3P6_M40C_CMP_XM5_XM6_W8P2524_XM7_XM11_W16P8587_S036_LOW_W4/logs/prefix5.log,,,,,,,,,,,,,,
dynamic_pvt3_mc20/dynamic_first5_comparison.csv,02_PVT3_MC20_LOW_W4,P6_PVT_FF_MC20_LOW,PVT3_FF_3P6_M40C_CMP_XM5_XM6_W8P2524_XM7_XM11_W16P8587_S036_LOW_W4,FF_3P6_M40C,36,100036,3,0.08093028045358405,0.08093028045358405,True,133,0,False,True,False,False,1,False,False,PREFIX_LIMITED_AFTER_5_FRAMES,/foss/designs/A44_SAR_ADC_CURRENT_CACE_REPRODUCIBLE_20260728_R1/06_RUN_OUTPUTS/RUN_20260728T180926Z/dynamic_pvt3_mc20/P6_PVT_FF_MC20_LOW/PVT3_FF_3P6_M40C_CMP_XM5_XM6_W8P2524_XM7_XM11_W16P8587_S036_LOW_W4/jobs/prefix5.spice,/foss/designs/A44_SAR_ADC_CURRENT_CACE_REPRODUCIBLE_20260728_R1/06_RUN_OUTPUTS/RUN_20260728T180926Z/dynamic_pvt3_mc20/P6_PVT_FF_MC20_LOW/PVT3_FF_3P6_M40C_CMP_XM5_XM6_W8P2524_XM7_XM11_W16P8587_S036_LOW_W4/logs/prefix5.log,,,,,,,,,,,,,,
dynamic_pvt3_mc20/dynamic_first5_comparison.csv,02_PVT3_MC20_LOW_W4,P6_PVT_FF_MC20_LOW,PVT3_FF_3P6_M40C_CMP_XM5_XM6_W8P2524_XM7_XM11_W16P8587_S036_LOW_W4,FF_3P6_M40C,36,100036,4,-0.8875047861415097,-0.8875047861415097,True,60,0,False,True,False,False,1,False,False,PREFIX_LIMITED_AFTER_5_FRAMES,/foss/designs/A44_SAR_ADC_CURRENT_CACE_REPRODUCIBLE_20260728_R1/06_RUN_OUTPUTS/RUN_20260728T180926Z/dynamic_pvt3_mc20/P6_PVT_FF_MC20_LOW/PVT3_FF_3P6_M40C_CMP_XM5_XM6_W8P2524_XM7_XM11_W16P8587_S036_LOW_W4/jobs/prefix5.spice,/foss/designs/A44_SAR_ADC_CURRENT_CACE_REPRODUCIBLE_20260728_R1/06_RUN_OUTPUTS/RUN_20260728T180926Z/dynamic_pvt3_mc20/P6_PVT_FF_MC20_LOW/PVT3_FF_3P6_M40C_CMP_XM5_XM6_W8P2524_XM7_XM11_W16P8587_S036_LOW_W4/logs/prefix5.log,,,,,,,,,,,,,,
dynamic_pvt3_mc20/dynamic_first5_comparison.csv,02_PVT3_MC20_LOW_W4,P6_PVT_FF_MC20_LOW,PVT3_FF_3P6_M40C_CMP_XM5_XM6_W8P2524_XM7_XM11_W16P8587_S044_LOW_W4,FF_3P6_M40C,44,100044,0,1.2827451974391542,1.2827451974391542,True,194,0,False,True,False,False,1,False,False,PREFIX_LIMITED_AFTER_5_FRAMES,/foss/designs/A44_SAR_ADC_CURRENT_CACE_REPRODUCIBLE_20260728_R1/06_RUN_OUTPUTS/RUN_20260728T180926Z/dynamic_pvt3_mc20/P6_PVT_FF_MC20_LOW/PVT3_FF_3P6_M40C_CMP_XM5_XM6_W8P2524_XM7_XM11_W16P8587_S044_LOW_W4/jobs/prefix5.spice,/foss/designs/A44_SAR_ADC_CURRENT_CACE_REPRODUCIBLE_20260728_R1/06_RUN_OUTPUTS/RUN_20260728T180926Z/dynamic_pvt3_mc20/P6_PVT_FF_MC20_LOW/PVT3_FF_3P6_M40C_CMP_XM5_XM6_W8P2524_XM7_XM11_W16P8587_S044_LOW_W4/logs/prefix5.log,,,,,,,,,,,,,,
dynamic_pvt3_mc20/dynamic_first5_comparison.csv,02_PVT3_MC20_LOW_W4,P6_PVT_FF_MC20_LOW,PVT3_FF_3P6_M40C_CMP_XM5_XM6_W8P2524_XM7_XM11_W16P8587_S044_LOW_W4,FF_3P6_M40C,44,100044,1,1.4847337406193426,1.4847337406193426,True,209,0,False,True,False,False,1,False,False,PREFIX_LIMITED_AFTER_5_FRAMES,/foss/designs/A44_SAR_ADC_CURRENT_CACE_REPRODUCIBLE_20260728_R1/06_RUN_OUTPUTS/RUN_20260728T180926Z/dynamic_pvt3_mc20/P6_PVT_FF_MC20_LOW/PVT3_FF_3P6_M40C_CMP_XM5_XM6_W8P2524_XM7_XM11_W16P8587_S044_LOW_W4/jobs/prefix5.spice,/foss/designs/A44_SAR_ADC_CURRENT_CACE_REPRODUCIBLE_20260728_R1/06_RUN_OUTPUTS/RUN_20260728T180926Z/dynamic_pvt3_mc20/P6_PVT_FF_MC20_LOW/PVT3_FF_3P6_M40C_CMP_XM5_XM6_W8P2524_XM7_XM11_W16P8587_S044_LOW_W4/logs/prefix5.log,,,,,,,,,,,,,,
dynamic_pvt3_mc20/dynamic_first5_comparison.csv,02_PVT3_MC20_LOW_W4,P6_PVT_FF_MC20_LOW,PVT3_FF_3P6_M40C_CMP_XM5_XM6_W8P2524_XM7_XM11_W16P8587_S044_LOW_W4,FF_3P6_M40C,44,100044,2,1.0128812425827818,1.0128812425827818,True,205,0,False,True,False,False,1,False,False,PREFIX_LIMITED_AFTER_5_FRAMES,/foss/designs/A44_SAR_ADC_CURRENT_CACE_REPRODUCIBLE_20260728_R1/06_RUN_OUTPUTS/RUN_20260728T180926Z/dynamic_pvt3_mc20/P6_PVT_FF_MC20_LOW/PVT3_FF_3P6_M40C_CMP_XM5_XM6_W8P2524_XM7_XM11_W16P8587_S044_LOW_W4/jobs/prefix5.spice,/foss/designs/A44_SAR_ADC_CURRENT_CACE_REPRODUCIBLE_20260728_R1/06_RUN_OUTPUTS/RUN_20260728T180926Z/dynamic_pvt3_mc20/P6_PVT_FF_MC20_LOW/PVT3_FF_3P6_M40C_CMP_XM5_XM6_W8P2524_XM7_XM11_W16P8587_S044_LOW_W4/logs/prefix5.log,,,,,,,,,,,,,,
dynamic_pvt3_mc20/dynamic_first5_comparison.csv,02_PVT3_MC20_LOW_W4,P6_PVT_FF_MC20_LOW,PVT3_FF_3P6_M40C_CMP_XM5_XM6_W8P2524_XM7_XM11_W16P8587_S044_LOW_W4,FF_3P6_M40C,44,100044,3,0.08094906972828762,0.08094906972828762,True,135,0,False,True,False,False,1,False,False,PREFIX_LIMITED_AFTER_5_FRAMES,/foss/designs/A44_SAR_ADC_CURRENT_CACE_REPRODUCIBLE_20260728_R1/06_RUN_OUTPUTS/RUN_20260728T180926Z/dynamic_pvt3_mc20/P6_PVT_FF_MC20_LOW/PVT3_FF_3P6_M40C_CMP_XM5_XM6_W8P2524_XM7_XM11_W16P8587_S044_LOW_W4/jobs/prefix5.spice,/foss/designs/A44_SAR_ADC_CURRENT_CACE_REPRODUCIBLE_20260728_R1/06_RUN_OUTPUTS/RUN_20260728T180926Z/dynamic_pvt3_mc20/P6_PVT_FF_MC20_LOW/PVT3_FF_3P6_M40C_CMP_XM5_XM6_W8P2524_XM7_XM11_W16P8587_S044_LOW_W4/logs/prefix5.log,,,,,,,,,,,,,,
dynamic_pvt3_mc20/dynamic_first5_comparison.csv,02_PVT3_MC20_LOW_W4,P6_PVT_FF_MC20_LOW,PVT3_FF_3P6_M40C_CMP_XM5_XM6_W8P2524_XM7_XM11_W16P8587_S044_LOW_W4,FF_3P6_M40C,44,100044,4,-0.8877395319939007,-0.8877395319939007,True,62,0,False,True,False,False,1,False,False,PREFIX_LIMITED_AFTER_5_FRAMES,/foss/designs/A44_SAR_ADC_CURRENT_CACE_REPRODUCIBLE_20260728_R1/06_RUN_OUTPUTS/RUN_20260728T180926Z/dynamic_pvt3_mc20/P6_PVT_FF_MC20_LOW/PVT3_FF_3P6_M40C_CMP_XM5_XM6_W8P2524_XM7_XM11_W16P8587_S044_LOW_W4/jobs/prefix5.spice,/foss/designs/A44_SAR_ADC_CURRENT_CACE_REPRODUCIBLE_20260728_R1/06_RUN_OUTPUTS/RUN_20260728T180926Z/dynamic_pvt3_mc20/P6_PVT_FF_MC20_LOW/PVT3_FF_3P6_M40C_CMP_XM5_XM6_W8P2524_XM7_XM11_W16P8587_S044_LOW_W4/logs/prefix5.log,,,,,,,,,,,,,,
dynamic_pvt3_mc20/dynamic_first5_comparison.csv,02_PVT3_MC20_LOW_W4,P6_PVT_FF_MC20_LOW,PVT3_FF_3P6_M40C_CMP_XM5_XM6_W8P2524_XM7_XM11_W16P8587_S065_LOW_W4,FF_3P6_M40C,65,100065,0,1.282813254612393,1.282813254612393,True,226,0,False,True,False,False,1,False,False,PREFIX_LIMITED_AFTER_5_FRAMES,/foss/designs/A44_SAR_ADC_CURRENT_CACE_REPRODUCIBLE_20260728_R1/06_RUN_OUTPUTS/RUN_20260728T180926Z/dynamic_pvt3_mc20/P6_PVT_FF_MC20_LOW/PVT3_FF_3P6_M40C_CMP_XM5_XM6_W8P2524_XM7_XM11_W16P8587_S065_LOW_W4/jobs/prefix5.spice,/foss/designs/A44_SAR_ADC_CURRENT_CACE_REPRODUCIBLE_20260728_R1/06_RUN_OUTPUTS/RUN_20260728T180926Z/dynamic_pvt3_mc20/P6_PVT_FF_MC20_LOW/PVT3_FF_3P6_M40C_CMP_XM5_XM6_W8P2524_XM7_XM11_W16P8587_S065_LOW_W4/logs/prefix5.log,,,,,,,,,,,,,,
dynamic_pvt3_mc20/dynamic_first5_comparison.csv,02_PVT3_MC20_LOW_W4,P6_PVT_FF_MC20_LOW,PVT3_FF_3P6_M40C_CMP_XM5_XM6_W8P2524_XM7_XM11_W16P8587_S065_LOW_W4,FF_3P6_M40C,65,100065,1,1.4848093783010534,1.4848093783010534,True,242,0,False,True,False,False,1,False,False,PREFIX_LIMITED_AFTER_5_FRAMES,/foss/designs/A44_SAR_ADC_CURRENT_CACE_REPRODUCIBLE_20260728_R1/06_RUN_OUTPUTS/RUN_20260728T180926Z/dynamic_pvt3_mc20/P6_PVT_FF_MC20_LOW/PVT3_FF_3P6_M40C_CMP_XM5_XM6_W8P2524_XM7_XM11_W16P8587_S065_LOW_W4/jobs/prefix5.spice,/foss/designs/A44_SAR_ADC_CURRENT_CACE_REPRODUCIBLE_20260728_R1/06_RUN_OUTPUTS/RUN_20260728T180926Z/dynamic_pvt3_mc20/P6_PVT_FF_MC20_LOW/PVT3_FF_3P6_M40C_CMP_XM5_XM6_W8P2524_XM7_XM11_W16P8587_S065_LOW_W4/logs/prefix5.log,,,,,,,,,,,,,,
dynamic_pvt3_mc20/dynamic_first5_comparison.csv,02_PVT3_MC20_LOW_W4,P6_PVT_FF_MC20_LOW,PVT3_FF_3P6_M40C_CMP_XM5_XM6_W8P2524_XM7_XM11_W16P8587_S065_LOW_W4,FF_3P6_M40C,65,100065,2,1.012728455977636,1.012728455977636,True,206,0,False,True,False,False,1,False,False,PREFIX_LIMITED_AFTER_5_FRAMES,/foss/designs/A44_SAR_ADC_CURRENT_CACE_REPRODUCIBLE_20260728_R1/06_RUN_OUTPUTS/RUN_20260728T180926Z/dynamic_pvt3_mc20/P6_PVT_FF_MC20_LOW/PVT3_FF_3P6_M40C_CMP_XM5_XM6_W8P2524_XM7_XM11_W16P8587_S065_LOW_W4/jobs/prefix5.spice,/foss/designs/A44_SAR_ADC_CURRENT_CACE_REPRODUCIBLE_20260728_R1/06_RUN_OUTPUTS/RUN_20260728T180926Z/dynamic_pvt3_mc20/P6_PVT_FF_MC20_LOW/PVT3_FF_3P6_M40C_CMP_XM5_XM6_W8P2524_XM7_XM11_W16P8587_S065_LOW_W4/logs/prefix5.log,,,,,,,,,,,,,,
dynamic_pvt3_mc20/dynamic_first5_comparison.csv,02_PVT3_MC20_LOW_W4,P6_PVT_FF_MC20_LOW,PVT3_FF_3P6_M40C_CMP_XM5_XM6_W8P2524_XM7_XM11_W16P8587_S065_LOW_W4,FF_3P6_M40C,65,100065,3,0.08086887267324878,0.08086887267324878,True,136,0,False,True,False,False,1,False,False,PREFIX_LIMITED_AFTER_5_FRAMES,/foss/designs/A44_SAR_ADC_CURRENT_CACE_REPRODUCIBLE_20260728_R1/06_RUN_OUTPUTS/RUN_20260728T180926Z/dynamic_pvt3_mc20/P6_PVT_FF_MC20_LOW/PVT3_FF_3P6_M40C_CMP_XM5_XM6_W8P2524_XM7_XM11_W16P8587_S065_LOW_W4/jobs/prefix5.spice,/foss/designs/A44_SAR_ADC_CURRENT_CACE_REPRODUCIBLE_20260728_R1/06_RUN_OUTPUTS/RUN_20260728T180926Z/dynamic_pvt3_mc20/P6_PVT_FF_MC20_LOW/PVT3_FF_3P6_M40C_CMP_XM5_XM6_W8P2524_XM7_XM11_W16P8587_S065_LOW_W4/logs/prefix5.log,,,,,,,,,,,,,,
dynamic_pvt3_mc20/dynamic_first5_comparison.csv,02_PVT3_MC20_LOW_W4,P6_PVT_FF_MC20_LOW,PVT3_FF_3P6_M40C_CMP_XM5_XM6_W8P2524_XM7_XM11_W16P8587_S065_LOW_W4,FF_3P6_M40C,65,100065,4,-0.8876832633429825,-0.8876832633429825,True,62,0,False,True,False,False,1,False,False,PREFIX_LIMITED_AFTER_5_FRAMES,/foss/designs/A44_SAR_ADC_CURRENT_CACE_REPRODUCIBLE_20260728_R1/06_RUN_OUTPUTS/RUN_20260728T180926Z/dynamic_pvt3_mc20/P6_PVT_FF_MC20_LOW/PVT3_FF_3P6_M40C_CMP_XM5_XM6_W8P2524_XM7_XM11_W16P8587_S065_LOW_W4/jobs/prefix5.spice,/foss/designs/A44_SAR_ADC_CURRENT_CACE_REPRODUCIBLE_20260728_R1/06_RUN_OUTPUTS/RUN_20260728T180926Z/dynamic_pvt3_mc20/P6_PVT_FF_MC20_LOW/PVT3_FF_3P6_M40C_CMP_XM5_XM6_W8P2524_XM7_XM11_W16P8587_S065_LOW_W4/logs/prefix5.log,,,,,,,,,,,,,,
dynamic_pvt3_mc20/dynamic_first5_comparison.csv,02_PVT3_MC20_LOW_W4,P5_PVT_SS_MC20_LOW,PVT3_SS_3P0_125C_CMP_XM5_XM6_W8P2524_XM7_XM11_W16P8587_S021_LOW_W4,SS_3P0_125C,21,100021,0,1.282830868497935,1.282830868497935,True,224,0,False,True,False,False,1,False,False,PREFIX_LIMITED_AFTER_5_FRAMES,/foss/designs/A44_SAR_ADC_CURRENT_CACE_REPRODUCIBLE_20260728_R1/06_RUN_OUTPUTS/RUN_20260728T180926Z/dynamic_pvt3_mc20/P5_PVT_SS_MC20_LOW/PVT3_SS_3P0_125C_CMP_XM5_XM6_W8P2524_XM7_XM11_W16P8587_S021_LOW_W4/jobs/prefix5.spice,/foss/designs/A44_SAR_ADC_CURRENT_CACE_REPRODUCIBLE_20260728_R1/06_RUN_OUTPUTS/RUN_20260728T180926Z/dynamic_pvt3_mc20/P5_PVT_SS_MC20_LOW/PVT3_SS_3P0_125C_CMP_XM5_XM6_W8P2524_XM7_XM11_W16P8587_S021_LOW_W4/logs/prefix5.log,,,,,,,,,,,,,,
dynamic_pvt3_mc20/dynamic_first5_comparison.csv,02_PVT3_MC20_LOW_W4,P5_PVT_SS_MC20_LOW,PVT3_SS_3P0_125C_CMP_XM5_XM6_W8P2524_XM7_XM11_W16P8587_S021_LOW_W4,SS_3P0_125C,21,100021,1,1.4848275417689853,1.4848275417689853,True,240,0,False,True,False,False,1,False,False,PREFIX_LIMITED_AFTER_5_FRAMES,/foss/designs/A44_SAR_ADC_CURRENT_CACE_REPRODUCIBLE_20260728_R1/06_RUN_OUTPUTS/RUN_20260728T180926Z/dynamic_pvt3_mc20/P5_PVT_SS_MC20_LOW/PVT3_SS_3P0_125C_CMP_XM5_XM6_W8P2524_XM7_XM11_W16P8587_S021_LOW_W4/jobs/prefix5.spice,/foss/designs/A44_SAR_ADC_CURRENT_CACE_REPRODUCIBLE_20260728_R1/06_RUN_OUTPUTS/RUN_20260728T180926Z/dynamic_pvt3_mc20/P5_PVT_SS_MC20_LOW/PVT3_SS_3P0_125C_CMP_XM5_XM6_W8P2524_XM7_XM11_W16P8587_S021_LOW_W4/logs/prefix5.log,,,,,,,,,,,,,,
dynamic_pvt3_mc20/dynamic_first5_comparison.csv,02_PVT3_MC20_LOW_W4,P5_PVT_SS_MC20_LOW,PVT3_SS_3P0_125C_CMP_XM5_XM6_W8P2524_XM7_XM11_W16P8587_S021_LOW_W4,SS_3P0_125C,21,100021,2,1.013001880066247,1.013001880066247,True,204,0,False,True,False,False,1,False,False,PREFIX_LIMITED_AFTER_5_FRAMES,/foss/designs/A44_SAR_ADC_CURRENT_CACE_REPRODUCIBLE_20260728_R1/06_RUN_OUTPUTS/RUN_20260728T180926Z/dynamic_pvt3_mc20/P5_PVT_SS_MC20_LOW/PVT3_SS_3P0_125C_CMP_XM5_XM6_W8P2524_XM7_XM11_W16P8587_S021_LOW_W4/jobs/prefix5.spice,/foss/designs/A44_SAR_ADC_CURRENT_CACE_REPRODUCIBLE_20260728_R1/06_RUN_OUTPUTS/RUN_20260728T180926Z/dynamic_pvt3_mc20/P5_PVT_SS_MC20_LOW/PVT3_SS_3P0_125C_CMP_XM5_XM6_W8P2524_XM7_XM11_W16P8587_S021_LOW_W4/logs/prefix5.log,,,,,,,,,,,,,,
dynamic_pvt3_mc20/dynamic_first5_comparison.csv,02_PVT3_MC20_LOW_W4,P5_PVT_SS_MC20_LOW,PVT3_SS_3P0_125C_CMP_XM5_XM6_W8P2524_XM7_XM11_W16P8587_S021_LOW_W4,SS_3P0_125C,21,100021,3,0.08091220667881394,0.08091220667881394,True,134,0,False,True,False,False,1,False,False,PREFIX_LIMITED_AFTER_5_FRAMES,/foss/designs/A44_SAR_ADC_CURRENT_CACE_REPRODUCIBLE_20260728_R1/06_RUN_OUTPUTS/RUN_20260728T180926Z/dynamic_pvt3_mc20/P5_PVT_SS_MC20_LOW/PVT3_SS_3P0_125C_CMP_XM5_XM6_W8P2524_XM7_XM11_W16P8587_S021_LOW_W4/jobs/prefix5.spice,/foss/designs/A44_SAR_ADC_CURRENT_CACE_REPRODUCIBLE_20260728_R1/06_RUN_OUTPUTS/RUN_20260728T180926Z/dynamic_pvt3_mc20/P5_PVT_SS_MC20_LOW/PVT3_SS_3P0_125C_CMP_XM5_XM6_W8P2524_XM7_XM11_W16P8587_S021_LOW_W4/logs/prefix5.log,,,,,,,,,,,,,,
dynamic_pvt3_mc20/dynamic_first5_comparison.csv,02_PVT3_MC20_LOW_W4,P5_PVT_SS_MC20_LOW,PVT3_SS_3P0_125C_CMP_XM5_XM6_W8P2524_XM7_XM11_W16P8587_S021_LOW_W4,SS_3P0_125C,21,100021,4,-0.8876339442082487,-0.8876339442082487,True,61,0,False,True,False,False,1,False,False,PREFIX_LIMITED_AFTER_5_FRAMES,/foss/designs/A44_SAR_ADC_CURRENT_CACE_REPRODUCIBLE_20260728_R1/06_RUN_OUTPUTS/RUN_20260728T180926Z/dynamic_pvt3_mc20/P5_PVT_SS_MC20_LOW/PVT3_SS_3P0_125C_CMP_XM5_XM6_W8P2524_XM7_XM11_W16P8587_S021_LOW_W4/jobs/prefix5.spice,/foss/designs/A44_SAR_ADC_CURRENT_CACE_REPRODUCIBLE_20260728_R1/06_RUN_OUTPUTS/RUN_20260728T180926Z/dynamic_pvt3_mc20/P5_PVT_SS_MC20_LOW/PVT3_SS_3P0_125C_CMP_XM5_XM6_W8P2524_XM7_XM11_W16P8587_S021_LOW_W4/logs/prefix5.log,,,,,,,,,,,,,,
dynamic_pvt3_mc20/dynamic_first5_comparison.csv,02_PVT3_MC20_LOW_W4,P5_PVT_SS_MC20_LOW,PVT3_SS_3P0_125C_CMP_XM5_XM6_W8P2524_XM7_XM11_W16P8587_S026_LOW_W4,SS_3P0_125C,26,100026,0,1.2827271217901852,1.2827271217901852,True,225,0,False,True,False,False,1,False,False,PREFIX_LIMITED_AFTER_5_FRAMES,/foss/designs/A44_SAR_ADC_CURRENT_CACE_REPRODUCIBLE_20260728_R1/06_RUN_OUTPUTS/RUN_20260728T180926Z/dynamic_pvt3_mc20/P5_PVT_SS_MC20_LOW/PVT3_SS_3P0_125C_CMP_XM5_XM6_W8P2524_XM7_XM11_W16P8587_S026_LOW_W4/jobs/prefix5.spice,/foss/designs/A44_SAR_ADC_CURRENT_CACE_REPRODUCIBLE_20260728_R1/06_RUN_OUTPUTS/RUN_20260728T180926Z/dynamic_pvt3_mc20/P5_PVT_SS_MC20_LOW/PVT3_SS_3P0_125C_CMP_XM5_XM6_W8P2524_XM7_XM11_W16P8587_S026_LOW_W4/logs/prefix5.log,,,,,,,,,,,,,,
dynamic_pvt3_mc20/dynamic_first5_comparison.csv,02_PVT3_MC20_LOW_W4,P5_PVT_SS_MC20_LOW,PVT3_SS_3P0_125C_CMP_XM5_XM6_W8P2524_XM7_XM11_W16P8587_S026_LOW_W4,SS_3P0_125C,26,100026,1,1.484702486798072,1.484702486798072,True,241,0,False,True,False,False,1,False,False,PREFIX_LIMITED_AFTER_5_FRAMES,/foss/designs/A44_SAR_ADC_CURRENT_CACE_REPRODUCIBLE_20260728_R1/06_RUN_OUTPUTS/RUN_20260728T180926Z/dynamic_pvt3_mc20/P5_PVT_SS_MC20_LOW/PVT3_SS_3P0_125C_CMP_XM5_XM6_W8P2524_XM7_XM11_W16P8587_S026_LOW_W4/jobs/prefix5.spice,/foss/designs/A44_SAR_ADC_CURRENT_CACE_REPRODUCIBLE_20260728_R1/06_RUN_OUTPUTS/RUN_20260728T180926Z/dynamic_pvt3_mc20/P5_PVT_SS_MC20_LOW/PVT3_SS_3P0_125C_CMP_XM5_XM6_W8P2524_XM7_XM11_W16P8587_S026_LOW_W4/logs/prefix5.log,,,,,,,,,,,,,,
dynamic_pvt3_mc20/dynamic_first5_comparison.csv,02_PVT3_MC20_LOW_W4,P5_PVT_SS_MC20_LOW,PVT3_SS_3P0_125C_CMP_XM5_XM6_W8P2524_XM7_XM11_W16P8587_S026_LOW_W4,SS_3P0_125C,26,100026,2,1.0128494153430663,1.0128494153430663,True,205,0,False,True,False,False,1,False,False,PREFIX_LIMITED_AFTER_5_FRAMES,/foss/designs/A44_SAR_ADC_CURRENT_CACE_REPRODUCIBLE_20260728_R1/06_RUN_OUTPUTS/RUN_20260728T180926Z/dynamic_pvt3_mc20/P5_PVT_SS_MC20_LOW/PVT3_SS_3P0_125C_CMP_XM5_XM6_W8P2524_XM7_XM11_W16P8587_S026_LOW_W4/jobs/prefix5.spice,/foss/designs/A44_SAR_ADC_CURRENT_CACE_REPRODUCIBLE_20260728_R1/06_RUN_OUTPUTS/RUN_20260728T180926Z/dynamic_pvt3_mc20/P5_PVT_SS_MC20_LOW/PVT3_SS_3P0_125C_CMP_XM5_XM6_W8P2524_XM7_XM11_W16P8587_S026_LOW_W4/logs/prefix5.log,,,,,,,,,,,,,,
dynamic_pvt3_mc20/dynamic_first5_comparison.csv,02_PVT3_MC20_LOW_W4,P5_PVT_SS_MC20_LOW,PVT3_SS_3P0_125C_CMP_XM5_XM6_W8P2524_XM7_XM11_W16P8587_S026_LOW_W4,SS_3P0_125C,26,100026,3,0.08095314264305001,0.08095314264305001,True,135,0,False,True,False,False,1,False,False,PREFIX_LIMITED_AFTER_5_FRAMES,/foss/designs/A44_SAR_ADC_CURRENT_CACE_REPRODUCIBLE_20260728_R1/06_RUN_OUTPUTS/RUN_20260728T180926Z/dynamic_pvt3_mc20/P5_PVT_SS_MC20_LOW/PVT3_SS_3P0_125C_CMP_XM5_XM6_W8P2524_XM7_XM11_W16P8587_S026_LOW_W4/jobs/prefix5.spice,/foss/designs/A44_SAR_ADC_CURRENT_CACE_REPRODUCIBLE_20260728_R1/06_RUN_OUTPUTS/RUN_20260728T180926Z/dynamic_pvt3_mc20/P5_PVT_SS_MC20_LOW/PVT3_SS_3P0_125C_CMP_XM5_XM6_W8P2524_XM7_XM11_W16P8587_S026_LOW_W4/logs/prefix5.log,,,,,,,,,,,,,,
dynamic_pvt3_mc20/dynamic_first5_comparison.csv,02_PVT3_MC20_LOW_W4,P5_PVT_SS_MC20_LOW,PVT3_SS_3P0_125C_CMP_XM5_XM6_W8P2524_XM7_XM11_W16P8587_S026_LOW_W4,SS_3P0_125C,26,100026,4,-0.8876032435722097,-0.8876032435722097,True,62,0,False,True,False,False,1,False,False,PREFIX_LIMITED_AFTER_5_FRAMES,/foss/designs/A44_SAR_ADC_CURRENT_CACE_REPRODUCIBLE_20260728_R1/06_RUN_OUTPUTS/RUN_20260728T180926Z/dynamic_pvt3_mc20/P5_PVT_SS_MC20_LOW/PVT3_SS_3P0_125C_CMP_XM5_XM6_W8P2524_XM7_XM11_W16P8587_S026_LOW_W4/jobs/prefix5.spice,/foss/designs/A44_SAR_ADC_CURRENT_CACE_REPRODUCIBLE_20260728_R1/06_RUN_OUTPUTS/RUN_20260728T180926Z/dynamic_pvt3_mc20/P5_PVT_SS_MC20_LOW/PVT3_SS_3P0_125C_CMP_XM5_XM6_W8P2524_XM7_XM11_W16P8587_S026_LOW_W4/logs/prefix5.log,,,,,,,,,,,,,,
dynamic_pvt3_mc20/dynamic_first5_comparison.csv,02_PVT3_MC20_LOW_W4,P5_PVT_SS_MC20_LOW,PVT3_SS_3P0_125C_CMP_XM5_XM6_W8P2524_XM7_XM11_W16P8587_S036_LOW_W4,SS_3P0_125C,36,100036,0,1.2828671656699377,1.2828671656699377,True,223,0,False,True,False,False,1,False,False,PREFIX_LIMITED_AFTER_5_FRAMES,/foss/designs/A44_SAR_ADC_CURRENT_CACE_REPRODUCIBLE_20260728_R1/06_RUN_OUTPUTS/RUN_20260728T180926Z/dynamic_pvt3_mc20/P5_PVT_SS_MC20_LOW/PVT3_SS_3P0_125C_CMP_XM5_XM6_W8P2524_XM7_XM11_W16P8587_S036_LOW_W4/jobs/prefix5.spice,/foss/designs/A44_SAR_ADC_CURRENT_CACE_REPRODUCIBLE_20260728_R1/06_RUN_OUTPUTS/RUN_20260728T180926Z/dynamic_pvt3_mc20/P5_PVT_SS_MC20_LOW/PVT3_SS_3P0_125C_CMP_XM5_XM6_W8P2524_XM7_XM11_W16P8587_S036_LOW_W4/logs/prefix5.log,,,,,,,,,,,,,,
dynamic_pvt3_mc20/dynamic_first5_comparison.csv,02_PVT3_MC20_LOW_W4,P5_PVT_SS_MC20_LOW,PVT3_SS_3P0_125C_CMP_XM5_XM6_W8P2524_XM7_XM11_W16P8587_S036_LOW_W4,SS_3P0_125C,36,100036,1,1.4849795827408698,1.4849795827408698,True,238,0,False,True,False,False,1,False,False,PREFIX_LIMITED_AFTER_5_FRAMES,/foss/designs/A44_SAR_ADC_CURRENT_CACE_REPRODUCIBLE_20260728_R1/06_RUN_OUTPUTS/RUN_20260728T180926Z/dynamic_pvt3_mc20/P5_PVT_SS_MC20_LOW/PVT3_SS_3P0_125C_CMP_XM5_XM6_W8P2524_XM7_XM11_W16P8587_S036_LOW_W4/jobs/prefix5.spice,/foss/designs/A44_SAR_ADC_CURRENT_CACE_REPRODUCIBLE_20260728_R1/06_RUN_OUTPUTS/RUN_20260728T180926Z/dynamic_pvt3_mc20/P5_PVT_SS_MC20_LOW/PVT3_SS_3P0_125C_CMP_XM5_XM6_W8P2524_XM7_XM11_W16P8587_S036_LOW_W4/logs/prefix5.log,,,,,,,,,,,,,,
dynamic_pvt3_mc20/dynamic_first5_comparison.csv,02_PVT3_MC20_LOW_W4,P5_PVT_SS_MC20_LOW,PVT3_SS_3P0_125C_CMP_XM5_XM6_W8P2524_XM7_XM11_W16P8587_S036_LOW_W4,SS_3P0_125C,36,100036,2,1.012832508212646,1.012832508212646,True,203,0,False,True,False,False,1,False,False,PREFIX_LIMITED_AFTER_5_FRAMES,/foss/designs/A44_SAR_ADC_CURRENT_CACE_REPRODUCIBLE_20260728_R1/06_RUN_OUTPUTS/RUN_20260728T180926Z/dynamic_pvt3_mc20/P5_PVT_SS_MC20_LOW/PVT3_SS_3P0_125C_CMP_XM5_XM6_W8P2524_XM7_XM11_W16P8587_S036_LOW_W4/jobs/prefix5.spice,/foss/designs/A44_SAR_ADC_CURRENT_CACE_REPRODUCIBLE_20260728_R1/06_RUN_OUTPUTS/RUN_20260728T180926Z/dynamic_pvt3_mc20/P5_PVT_SS_MC20_LOW/PVT3_SS_3P0_125C_CMP_XM5_XM6_W8P2524_XM7_XM11_W16P8587_S036_LOW_W4/logs/prefix5.log,,,,,,,,,,,,,,
dynamic_pvt3_mc20/dynamic_first5_comparison.csv,02_PVT3_MC20_LOW_W4,P5_PVT_SS_MC20_LOW,PVT3_SS_3P0_125C_CMP_XM5_XM6_W8P2524_XM7_XM11_W16P8587_S036_LOW_W4,SS_3P0_125C,36,100036,3,0.08093028045358405,0.08093028045358405,True,133,0,False,True,False,False,1,False,False,PREFIX_LIMITED_AFTER_5_FRAMES,/foss/designs/A44_SAR_ADC_CURRENT_CACE_REPRODUCIBLE_20260728_R1/06_RUN_OUTPUTS/RUN_20260728T180926Z/dynamic_pvt3_mc20/P5_PVT_SS_MC20_LOW/PVT3_SS_3P0_125C_CMP_XM5_XM6_W8P2524_XM7_XM11_W16P8587_S036_LOW_W4/jobs/prefix5.spice,/foss/designs/A44_SAR_ADC_CURRENT_CACE_REPRODUCIBLE_20260728_R1/06_RUN_OUTPUTS/RUN_20260728T180926Z/dynamic_pvt3_mc20/P5_PVT_SS_MC20_LOW/PVT3_SS_3P0_125C_CMP_XM5_XM6_W8P2524_XM7_XM11_W16P8587_S036_LOW_W4/logs/prefix5.log,,,,,,,,,,,,,,
dynamic_pvt3_mc20/dynamic_first5_comparison.csv,02_PVT3_MC20_LOW_W4,P5_PVT_SS_MC20_LOW,PVT3_SS_3P0_125C_CMP_XM5_XM6_W8P2524_XM7_XM11_W16P8587_S036_LOW_W4,SS_3P0_125C,36,100036,4,-0.8875047861415097,-0.8875047861415097,True,60,0,False,True,False,False,1,False,False,PREFIX_LIMITED_AFTER_5_FRAMES,/foss/designs/A44_SAR_ADC_CURRENT_CACE_REPRODUCIBLE_20260728_R1/06_RUN_OUTPUTS/RUN_20260728T180926Z/dynamic_pvt3_mc20/P5_PVT_SS_MC20_LOW/PVT3_SS_3P0_125C_CMP_XM5_XM6_W8P2524_XM7_XM11_W16P8587_S036_LOW_W4/jobs/prefix5.spice,/foss/designs/A44_SAR_ADC_CURRENT_CACE_REPRODUCIBLE_20260728_R1/06_RUN_OUTPUTS/RUN_20260728T180926Z/dynamic_pvt3_mc20/P5_PVT_SS_MC20_LOW/PVT3_SS_3P0_125C_CMP_XM5_XM6_W8P2524_XM7_XM11_W16P8587_S036_LOW_W4/logs/prefix5.log,,,,,,,,,,,,,,
dynamic_pvt3_mc20/dynamic_first5_comparison.csv,02_PVT3_MC20_LOW_W4,P5_PVT_SS_MC20_LOW,PVT3_SS_3P0_125C_CMP_XM5_XM6_W8P2524_XM7_XM11_W16P8587_S044_LOW_W4,SS_3P0_125C,44,100044,0,1.2827451974391542,1.2827451974391542,True,226,0,False,True,False,False,1,False,False,PREFIX_LIMITED_AFTER_5_FRAMES,/foss/designs/A44_SAR_ADC_CURRENT_CACE_REPRODUCIBLE_20260728_R1/06_RUN_OUTPUTS/RUN_20260728T180926Z/dynamic_pvt3_mc20/P5_PVT_SS_MC20_LOW/PVT3_SS_3P0_125C_CMP_XM5_XM6_W8P2524_XM7_XM11_W16P8587_S044_LOW_W4/jobs/prefix5.spice,/foss/designs/A44_SAR_ADC_CURRENT_CACE_REPRODUCIBLE_20260728_R1/06_RUN_OUTPUTS/RUN_20260728T180926Z/dynamic_pvt3_mc20/P5_PVT_SS_MC20_LOW/PVT3_SS_3P0_125C_CMP_XM5_XM6_W8P2524_XM7_XM11_W16P8587_S044_LOW_W4/logs/prefix5.log,,,,,,,,,,,,,,
dynamic_pvt3_mc20/dynamic_first5_comparison.csv,02_PVT3_MC20_LOW_W4,P5_PVT_SS_MC20_LOW,PVT3_SS_3P0_125C_CMP_XM5_XM6_W8P2524_XM7_XM11_W16P8587_S044_LOW_W4,SS_3P0_125C,44,100044,1,1.4847337406193426,1.4847337406193426,True,241,0,False,True,False,False,1,False,False,PREFIX_LIMITED_AFTER_5_FRAMES,/foss/designs/A44_SAR_ADC_CURRENT_CACE_REPRODUCIBLE_20260728_R1/06_RUN_OUTPUTS/RUN_20260728T180926Z/dynamic_pvt3_mc20/P5_PVT_SS_MC20_LOW/PVT3_SS_3P0_125C_CMP_XM5_XM6_W8P2524_XM7_XM11_W16P8587_S044_LOW_W4/jobs/prefix5.spice,/foss/designs/A44_SAR_ADC_CURRENT_CACE_REPRODUCIBLE_20260728_R1/06_RUN_OUTPUTS/RUN_20260728T180926Z/dynamic_pvt3_mc20/P5_PVT_SS_MC20_LOW/PVT3_SS_3P0_125C_CMP_XM5_XM6_W8P2524_XM7_XM11_W16P8587_S044_LOW_W4/logs/prefix5.log,,,,,,,,,,,,,,
dynamic_pvt3_mc20/dynamic_first5_comparison.csv,02_PVT3_MC20_LOW_W4,P5_PVT_SS_MC20_LOW,PVT3_SS_3P0_125C_CMP_XM5_XM6_W8P2524_XM7_XM11_W16P8587_S044_LOW_W4,SS_3P0_125C,44,100044,2,1.0128812425827818,1.0128812425827818,True,205,0,False,True,False,False,1,False,False,PREFIX_LIMITED_AFTER_5_FRAMES,/foss/designs/A44_SAR_ADC_CURRENT_CACE_REPRODUCIBLE_20260728_R1/06_RUN_OUTPUTS/RUN_20260728T180926Z/dynamic_pvt3_mc20/P5_PVT_SS_MC20_LOW/PVT3_SS_3P0_125C_CMP_XM5_XM6_W8P2524_XM7_XM11_W16P8587_S044_LOW_W4/jobs/prefix5.spice,/foss/designs/A44_SAR_ADC_CURRENT_CACE_REPRODUCIBLE_20260728_R1/06_RUN_OUTPUTS/RUN_20260728T180926Z/dynamic_pvt3_mc20/P5_PVT_SS_MC20_LOW/PVT3_SS_3P0_125C_CMP_XM5_XM6_W8P2524_XM7_XM11_W16P8587_S044_LOW_W4/logs/prefix5.log,,,,,,,,,,,,,,
dynamic_pvt3_mc20/dynamic_first5_comparison.csv,02_PVT3_MC20_LOW_W4,P5_PVT_SS_MC20_LOW,PVT3_SS_3P0_125C_CMP_XM5_XM6_W8P2524_XM7_XM11_W16P8587_S044_LOW_W4,SS_3P0_125C,44,100044,3,0.08094906972828762,0.08094906972828762,True,135,0,False,True,False,False,1,False,False,PREFIX_LIMITED_AFTER_5_FRAMES,/foss/designs/A44_SAR_ADC_CURRENT_CACE_REPRODUCIBLE_20260728_R1/06_RUN_OUTPUTS/RUN_20260728T180926Z/dynamic_pvt3_mc20/P5_PVT_SS_MC20_LOW/PVT3_SS_3P0_125C_CMP_XM5_XM6_W8P2524_XM7_XM11_W16P8587_S044_LOW_W4/jobs/prefix5.spice,/foss/designs/A44_SAR_ADC_CURRENT_CACE_REPRODUCIBLE_20260728_R1/06_RUN_OUTPUTS/RUN_20260728T180926Z/dynamic_pvt3_mc20/P5_PVT_SS_MC20_LOW/PVT3_SS_3P0_125C_CMP_XM5_XM6_W8P2524_XM7_XM11_W16P8587_S044_LOW_W4/logs/prefix5.log,,,,,,,,,,,,,,
dynamic_pvt3_mc20/dynamic_first5_comparison.csv,02_PVT3_MC20_LOW_W4,P5_PVT_SS_MC20_LOW,PVT3_SS_3P0_125C_CMP_XM5_XM6_W8P2524_XM7_XM11_W16P8587_S044_LOW_W4,SS_3P0_125C,44,100044,4,-0.8877395319939007,-0.8877395319939007,True,62,0,False,True,False,False,1,False,False,PREFIX_LIMITED_AFTER_5_FRAMES,/foss/designs/A44_SAR_ADC_CURRENT_CACE_REPRODUCIBLE_20260728_R1/06_RUN_OUTPUTS/RUN_20260728T180926Z/dynamic_pvt3_mc20/P5_PVT_SS_MC20_LOW/PVT3_SS_3P0_125C_CMP_XM5_XM6_W8P2524_XM7_XM11_W16P8587_S044_LOW_W4/jobs/prefix5.spice,/foss/designs/A44_SAR_ADC_CURRENT_CACE_REPRODUCIBLE_20260728_R1/06_RUN_OUTPUTS/RUN_20260728T180926Z/dynamic_pvt3_mc20/P5_PVT_SS_MC20_LOW/PVT3_SS_3P0_125C_CMP_XM5_XM6_W8P2524_XM7_XM11_W16P8587_S044_LOW_W4/logs/prefix5.log,,,,,,,,,,,,,,
dynamic_pvt3_mc20/dynamic_first5_comparison.csv,02_PVT3_MC20_LOW_W4,P5_PVT_SS_MC20_LOW,PVT3_SS_3P0_125C_CMP_XM5_XM6_W8P2524_XM7_XM11_W16P8587_S065_LOW_W4,SS_3P0_125C,65,100065,0,1.282813254612393,1.282813254612393,True,226,0,False,True,False,False,1,False,False,PREFIX_LIMITED_AFTER_5_FRAMES,/foss/designs/A44_SAR_ADC_CURRENT_CACE_REPRODUCIBLE_20260728_R1/06_RUN_OUTPUTS/RUN_20260728T180926Z/dynamic_pvt3_mc20/P5_PVT_SS_MC20_LOW/PVT3_SS_3P0_125C_CMP_XM5_XM6_W8P2524_XM7_XM11_W16P8587_S065_LOW_W4/jobs/prefix5.spice,/foss/designs/A44_SAR_ADC_CURRENT_CACE_REPRODUCIBLE_20260728_R1/06_RUN_OUTPUTS/RUN_20260728T180926Z/dynamic_pvt3_mc20/P5_PVT_SS_MC20_LOW/PVT3_SS_3P0_125C_CMP_XM5_XM6_W8P2524_XM7_XM11_W16P8587_S065_LOW_W4/logs/prefix5.log,,,,,,,,,,,,,,
dynamic_pvt3_mc20/dynamic_first5_comparison.csv,02_PVT3_MC20_LOW_W4,P5_PVT_SS_MC20_LOW,PVT3_SS_3P0_125C_CMP_XM5_XM6_W8P2524_XM7_XM11_W16P8587_S065_LOW_W4,SS_3P0_125C,65,100065,1,1.4848093783010534,1.4848093783010534,True,242,0,False,True,False,False,1,False,False,PREFIX_LIMITED_AFTER_5_FRAMES,/foss/designs/A44_SAR_ADC_CURRENT_CACE_REPRODUCIBLE_20260728_R1/06_RUN_OUTPUTS/RUN_20260728T180926Z/dynamic_pvt3_mc20/P5_PVT_SS_MC20_LOW/PVT3_SS_3P0_125C_CMP_XM5_XM6_W8P2524_XM7_XM11_W16P8587_S065_LOW_W4/jobs/prefix5.spice,/foss/designs/A44_SAR_ADC_CURRENT_CACE_REPRODUCIBLE_20260728_R1/06_RUN_OUTPUTS/RUN_20260728T180926Z/dynamic_pvt3_mc20/P5_PVT_SS_MC20_LOW/PVT3_SS_3P0_125C_CMP_XM5_XM6_W8P2524_XM7_XM11_W16P8587_S065_LOW_W4/logs/prefix5.log,,,,,,,,,,,,,,
dynamic_pvt3_mc20/dynamic_first5_comparison.csv,02_PVT3_MC20_LOW_W4,P5_PVT_SS_MC20_LOW,PVT3_SS_3P0_125C_CMP_XM5_XM6_W8P2524_XM7_XM11_W16P8587_S065_LOW_W4,SS_3P0_125C,65,100065,2,1.012728455977636,1.012728455977636,True,206,0,False,True,False,False,1,False,False,PREFIX_LIMITED_AFTER_5_FRAMES,/foss/designs/A44_SAR_ADC_CURRENT_CACE_REPRODUCIBLE_20260728_R1/06_RUN_OUTPUTS/RUN_20260728T180926Z/dynamic_pvt3_mc20/P5_PVT_SS_MC20_LOW/PVT3_SS_3P0_125C_CMP_XM5_XM6_W8P2524_XM7_XM11_W16P8587_S065_LOW_W4/jobs/prefix5.spice,/foss/designs/A44_SAR_ADC_CURRENT_CACE_REPRODUCIBLE_20260728_R1/06_RUN_OUTPUTS/RUN_20260728T180926Z/dynamic_pvt3_mc20/P5_PVT_SS_MC20_LOW/PVT3_SS_3P0_125C_CMP_XM5_XM6_W8P2524_XM7_XM11_W16P8587_S065_LOW_W4/logs/prefix5.log,,,,,,,,,,,,,,
dynamic_pvt3_mc20/dynamic_first5_comparison.csv,02_PVT3_MC20_LOW_W4,P5_PVT_SS_MC20_LOW,PVT3_SS_3P0_125C_CMP_XM5_XM6_W8P2524_XM7_XM11_W16P8587_S065_LOW_W4,SS_3P0_125C,65,100065,3,0.08086887267324878,0.08086887267324878,True,136,0,False,True,False,False,1,False,False,PREFIX_LIMITED_AFTER_5_FRAMES,/foss/designs/A44_SAR_ADC_CURRENT_CACE_REPRODUCIBLE_20260728_R1/06_RUN_OUTPUTS/RUN_20260728T180926Z/dynamic_pvt3_mc20/P5_PVT_SS_MC20_LOW/PVT3_SS_3P0_125C_CMP_XM5_XM6_W8P2524_XM7_XM11_W16P8587_S065_LOW_W4/jobs/prefix5.spice,/foss/designs/A44_SAR_ADC_CURRENT_CACE_REPRODUCIBLE_20260728_R1/06_RUN_OUTPUTS/RUN_20260728T180926Z/dynamic_pvt3_mc20/P5_PVT_SS_MC20_LOW/PVT3_SS_3P0_125C_CMP_XM5_XM6_W8P2524_XM7_XM11_W16P8587_S065_LOW_W4/logs/prefix5.log,,,,,,,,,,,,,,
dynamic_pvt3_mc20/dynamic_first5_comparison.csv,02_PVT3_MC20_LOW_W4,P5_PVT_SS_MC20_LOW,PVT3_SS_3P0_125C_CMP_XM5_XM6_W8P2524_XM7_XM11_W16P8587_S065_LOW_W4,SS_3P0_125C,65,100065,4,-0.8876832633429825,-0.8876832633429825,True,62,0,False,True,False,False,1,False,False,PREFIX_LIMITED_AFTER_5_FRAMES,/foss/designs/A44_SAR_ADC_CURRENT_CACE_REPRODUCIBLE_20260728_R1/06_RUN_OUTPUTS/RUN_20260728T180926Z/dynamic_pvt3_mc20/P5_PVT_SS_MC20_LOW/PVT3_SS_3P0_125C_CMP_XM5_XM6_W8P2524_XM7_XM11_W16P8587_S065_LOW_W4/jobs/prefix5.spice,/foss/designs/A44_SAR_ADC_CURRENT_CACE_REPRODUCIBLE_20260728_R1/06_RUN_OUTPUTS/RUN_20260728T180926Z/dynamic_pvt3_mc20/P5_PVT_SS_MC20_LOW/PVT3_SS_3P0_125C_CMP_XM5_XM6_W8P2524_XM7_XM11_W16P8587_S065_LOW_W4/logs/prefix5.log,,,,,,,,,,,,,,
dynamic_pvt3_mc20/dynamic_first5_comparison.csv,02_PVT3_MC20_LOW_W4,P4_PVT_TT_MC20_LOW,PVT3_TT_3P3_27C_CMP_XM5_XM6_W8P2524_XM7_XM11_W16P8587_S021_LOW_W4,TT_3P3_27C,21,100021,0,1.282830868497935,1.282830868497935,True,224,0,False,True,False,False,1,False,False,PREFIX_LIMITED_AFTER_5_FRAMES,/foss/designs/A44_SAR_ADC_CURRENT_CACE_REPRODUCIBLE_20260728_R1/06_RUN_OUTPUTS/RUN_20260728T180926Z/dynamic_pvt3_mc20/P4_PVT_TT_MC20_LOW/PVT3_TT_3P3_27C_CMP_XM5_XM6_W8P2524_XM7_XM11_W16P8587_S021_LOW_W4/jobs/prefix5.spice,/foss/designs/A44_SAR_ADC_CURRENT_CACE_REPRODUCIBLE_20260728_R1/06_RUN_OUTPUTS/RUN_20260728T180926Z/dynamic_pvt3_mc20/P4_PVT_TT_MC20_LOW/PVT3_TT_3P3_27C_CMP_XM5_XM6_W8P2524_XM7_XM11_W16P8587_S021_LOW_W4/logs/prefix5.log,,,,,,,,,,,,,,
dynamic_pvt3_mc20/dynamic_first5_comparison.csv,02_PVT3_MC20_LOW_W4,P4_PVT_TT_MC20_LOW,PVT3_TT_3P3_27C_CMP_XM5_XM6_W8P2524_XM7_XM11_W16P8587_S021_LOW_W4,TT_3P3_27C,21,100021,1,1.4848275417689853,1.4848275417689853,True,240,0,False,True,False,False,1,False,False,PREFIX_LIMITED_AFTER_5_FRAMES,/foss/designs/A44_SAR_ADC_CURRENT_CACE_REPRODUCIBLE_20260728_R1/06_RUN_OUTPUTS/RUN_20260728T180926Z/dynamic_pvt3_mc20/P4_PVT_TT_MC20_LOW/PVT3_TT_3P3_27C_CMP_XM5_XM6_W8P2524_XM7_XM11_W16P8587_S021_LOW_W4/jobs/prefix5.spice,/foss/designs/A44_SAR_ADC_CURRENT_CACE_REPRODUCIBLE_20260728_R1/06_RUN_OUTPUTS/RUN_20260728T180926Z/dynamic_pvt3_mc20/P4_PVT_TT_MC20_LOW/PVT3_TT_3P3_27C_CMP_XM5_XM6_W8P2524_XM7_XM11_W16P8587_S021_LOW_W4/logs/prefix5.log,,,,,,,,,,,,,,
dynamic_pvt3_mc20/dynamic_first5_comparison.csv,02_PVT3_MC20_LOW_W4,P4_PVT_TT_MC20_LOW,PVT3_TT_3P3_27C_CMP_XM5_XM6_W8P2524_XM7_XM11_W16P8587_S021_LOW_W4,TT_3P3_27C,21,100021,2,1.013001880066247,1.013001880066247,True,204,0,False,True,False,False,1,False,False,PREFIX_LIMITED_AFTER_5_FRAMES,/foss/designs/A44_SAR_ADC_CURRENT_CACE_REPRODUCIBLE_20260728_R1/06_RUN_OUTPUTS/RUN_20260728T180926Z/dynamic_pvt3_mc20/P4_PVT_TT_MC20_LOW/PVT3_TT_3P3_27C_CMP_XM5_XM6_W8P2524_XM7_XM11_W16P8587_S021_LOW_W4/jobs/prefix5.spice,/foss/designs/A44_SAR_ADC_CURRENT_CACE_REPRODUCIBLE_20260728_R1/06_RUN_OUTPUTS/RUN_20260728T180926Z/dynamic_pvt3_mc20/P4_PVT_TT_MC20_LOW/PVT3_TT_3P3_27C_CMP_XM5_XM6_W8P2524_XM7_XM11_W16P8587_S021_LOW_W4/logs/prefix5.log,,,,,,,,,,,,,,
dynamic_pvt3_mc20/dynamic_first5_comparison.csv,02_PVT3_MC20_LOW_W4,P4_PVT_TT_MC20_LOW,PVT3_TT_3P3_27C_CMP_XM5_XM6_W8P2524_XM7_XM11_W16P8587_S021_LOW_W4,TT_3P3_27C,21,100021,3,0.08091220667881394,0.08091220667881394,True,134,0,False,True,False,False,1,False,False,PREFIX_LIMITED_AFTER_5_FRAMES,/foss/designs/A44_SAR_ADC_CURRENT_CACE_REPRODUCIBLE_20260728_R1/06_RUN_OUTPUTS/RUN_20260728T180926Z/dynamic_pvt3_mc20/P4_PVT_TT_MC20_LOW/PVT3_TT_3P3_27C_CMP_XM5_XM6_W8P2524_XM7_XM11_W16P8587_S021_LOW_W4/jobs/prefix5.spice,/foss/designs/A44_SAR_ADC_CURRENT_CACE_REPRODUCIBLE_20260728_R1/06_RUN_OUTPUTS/RUN_20260728T180926Z/dynamic_pvt3_mc20/P4_PVT_TT_MC20_LOW/PVT3_TT_3P3_27C_CMP_XM5_XM6_W8P2524_XM7_XM11_W16P8587_S021_LOW_W4/logs/prefix5.log,,,,,,,,,,,,,,
dynamic_pvt3_mc20/dynamic_first5_comparison.csv,02_PVT3_MC20_LOW_W4,P4_PVT_TT_MC20_LOW,PVT3_TT_3P3_27C_CMP_XM5_XM6_W8P2524_XM7_XM11_W16P8587_S021_LOW_W4,TT_3P3_27C,21,100021,4,-0.8876339442082487,-0.8876339442082487,True,61,0,False,True,False,False,1,False,False,PREFIX_LIMITED_AFTER_5_FRAMES,/foss/designs/A44_SAR_ADC_CURRENT_CACE_REPRODUCIBLE_20260728_R1/06_RUN_OUTPUTS/RUN_20260728T180926Z/dynamic_pvt3_mc20/P4_PVT_TT_MC20_LOW/PVT3_TT_3P3_27C_CMP_XM5_XM6_W8P2524_XM7_XM11_W16P8587_S021_LOW_W4/jobs/prefix5.spice,/foss/designs/A44_SAR_ADC_CURRENT_CACE_REPRODUCIBLE_20260728_R1/06_RUN_OUTPUTS/RUN_20260728T180926Z/dynamic_pvt3_mc20/P4_PVT_TT_MC20_LOW/PVT3_TT_3P3_27C_CMP_XM5_XM6_W8P2524_XM7_XM11_W16P8587_S021_LOW_W4/logs/prefix5.log,,,,,,,,,,,,,,
dynamic_pvt3_mc20/dynamic_first5_comparison.csv,02_PVT3_MC20_LOW_W4,P4_PVT_TT_MC20_LOW,PVT3_TT_3P3_27C_CMP_XM5_XM6_W8P2524_XM7_XM11_W16P8587_S026_LOW_W4,TT_3P3_27C,26,100026,0,1.2827271217901852,1.2827271217901852,True,225,0,False,True,False,False,1,False,False,PREFIX_LIMITED_AFTER_5_FRAMES,/foss/designs/A44_SAR_ADC_CURRENT_CACE_REPRODUCIBLE_20260728_R1/06_RUN_OUTPUTS/RUN_20260728T180926Z/dynamic_pvt3_mc20/P4_PVT_TT_MC20_LOW/PVT3_TT_3P3_27C_CMP_XM5_XM6_W8P2524_XM7_XM11_W16P8587_S026_LOW_W4/jobs/prefix5.spice,/foss/designs/A44_SAR_ADC_CURRENT_CACE_REPRODUCIBLE_20260728_R1/06_RUN_OUTPUTS/RUN_20260728T180926Z/dynamic_pvt3_mc20/P4_PVT_TT_MC20_LOW/PVT3_TT_3P3_27C_CMP_XM5_XM6_W8P2524_XM7_XM11_W16P8587_S026_LOW_W4/logs/prefix5.log,,,,,,,,,,,,,,
dynamic_pvt3_mc20/dynamic_first5_comparison.csv,02_PVT3_MC20_LOW_W4,P4_PVT_TT_MC20_LOW,PVT3_TT_3P3_27C_CMP_XM5_XM6_W8P2524_XM7_XM11_W16P8587_S026_LOW_W4,TT_3P3_27C,26,100026,1,1.484702486798072,1.484702486798072,True,241,0,False,True,False,False,1,False,False,PREFIX_LIMITED_AFTER_5_FRAMES,/foss/designs/A44_SAR_ADC_CURRENT_CACE_REPRODUCIBLE_20260728_R1/06_RUN_OUTPUTS/RUN_20260728T180926Z/dynamic_pvt3_mc20/P4_PVT_TT_MC20_LOW/PVT3_TT_3P3_27C_CMP_XM5_XM6_W8P2524_XM7_XM11_W16P8587_S026_LOW_W4/jobs/prefix5.spice,/foss/designs/A44_SAR_ADC_CURRENT_CACE_REPRODUCIBLE_20260728_R1/06_RUN_OUTPUTS/RUN_20260728T180926Z/dynamic_pvt3_mc20/P4_PVT_TT_MC20_LOW/PVT3_TT_3P3_27C_CMP_XM5_XM6_W8P2524_XM7_XM11_W16P8587_S026_LOW_W4/logs/prefix5.log,,,,,,,,,,,,,,
dynamic_pvt3_mc20/dynamic_first5_comparison.csv,02_PVT3_MC20_LOW_W4,P4_PVT_TT_MC20_LOW,PVT3_TT_3P3_27C_CMP_XM5_XM6_W8P2524_XM7_XM11_W16P8587_S026_LOW_W4,TT_3P3_27C,26,100026,2,1.0128494153430663,1.0128494153430663,True,205,0,False,True,False,False,1,False,False,PREFIX_LIMITED_AFTER_5_FRAMES,/foss/designs/A44_SAR_ADC_CURRENT_CACE_REPRODUCIBLE_20260728_R1/06_RUN_OUTPUTS/RUN_20260728T180926Z/dynamic_pvt3_mc20/P4_PVT_TT_MC20_LOW/PVT3_TT_3P3_27C_CMP_XM5_XM6_W8P2524_XM7_XM11_W16P8587_S026_LOW_W4/jobs/prefix5.spice,/foss/designs/A44_SAR_ADC_CURRENT_CACE_REPRODUCIBLE_20260728_R1/06_RUN_OUTPUTS/RUN_20260728T180926Z/dynamic_pvt3_mc20/P4_PVT_TT_MC20_LOW/PVT3_TT_3P3_27C_CMP_XM5_XM6_W8P2524_XM7_XM11_W16P8587_S026_LOW_W4/logs/prefix5.log,,,,,,,,,,,,,,
dynamic_pvt3_mc20/dynamic_first5_comparison.csv,02_PVT3_MC20_LOW_W4,P4_PVT_TT_MC20_LOW,PVT3_TT_3P3_27C_CMP_XM5_XM6_W8P2524_XM7_XM11_W16P8587_S026_LOW_W4,TT_3P3_27C,26,100026,3,0.08095314264305001,0.08095314264305001,True,134,0,False,True,False,False,1,False,False,PREFIX_LIMITED_AFTER_5_FRAMES,/foss/designs/A44_SAR_ADC_CURRENT_CACE_REPRODUCIBLE_20260728_R1/06_RUN_OUTPUTS/RUN_20260728T180926Z/dynamic_pvt3_mc20/P4_PVT_TT_MC20_LOW/PVT3_TT_3P3_27C_CMP_XM5_XM6_W8P2524_XM7_XM11_W16P8587_S026_LOW_W4/jobs/prefix5.spice,/foss/designs/A44_SAR_ADC_CURRENT_CACE_REPRODUCIBLE_20260728_R1/06_RUN_OUTPUTS/RUN_20260728T180926Z/dynamic_pvt3_mc20/P4_PVT_TT_MC20_LOW/PVT3_TT_3P3_27C_CMP_XM5_XM6_W8P2524_XM7_XM11_W16P8587_S026_LOW_W4/logs/prefix5.log,,,,,,,,,,,,,,
dynamic_pvt3_mc20/dynamic_first5_comparison.csv,02_PVT3_MC20_LOW_W4,P4_PVT_TT_MC20_LOW,PVT3_TT_3P3_27C_CMP_XM5_XM6_W8P2524_XM7_XM11_W16P8587_S026_LOW_W4,TT_3P3_27C,26,100026,4,-0.8876032435722097,-0.8876032435722097,True,62,0,False,True,False,False,1,False,False,PREFIX_LIMITED_AFTER_5_FRAMES,/foss/designs/A44_SAR_ADC_CURRENT_CACE_REPRODUCIBLE_20260728_R1/06_RUN_OUTPUTS/RUN_20260728T180926Z/dynamic_pvt3_mc20/P4_PVT_TT_MC20_LOW/PVT3_TT_3P3_27C_CMP_XM5_XM6_W8P2524_XM7_XM11_W16P8587_S026_LOW_W4/jobs/prefix5.spice,/foss/designs/A44_SAR_ADC_CURRENT_CACE_REPRODUCIBLE_20260728_R1/06_RUN_OUTPUTS/RUN_20260728T180926Z/dynamic_pvt3_mc20/P4_PVT_TT_MC20_LOW/PVT3_TT_3P3_27C_CMP_XM5_XM6_W8P2524_XM7_XM11_W16P8587_S026_LOW_W4/logs/prefix5.log,,,,,,,,,,,,,,
dynamic_pvt3_mc20/dynamic_first5_comparison.csv,02_PVT3_MC20_LOW_W4,P4_PVT_TT_MC20_LOW,PVT3_TT_3P3_27C_CMP_XM5_XM6_W8P2524_XM7_XM11_W16P8587_S036_LOW_W4,TT_3P3_27C,36,100036,0,1.2828671656699377,1.2828671656699377,True,223,0,False,True,False,False,1,False,False,PREFIX_LIMITED_AFTER_5_FRAMES,/foss/designs/A44_SAR_ADC_CURRENT_CACE_REPRODUCIBLE_20260728_R1/06_RUN_OUTPUTS/RUN_20260728T180926Z/dynamic_pvt3_mc20/P4_PVT_TT_MC20_LOW/PVT3_TT_3P3_27C_CMP_XM5_XM6_W8P2524_XM7_XM11_W16P8587_S036_LOW_W4/jobs/prefix5.spice,/foss/designs/A44_SAR_ADC_CURRENT_CACE_REPRODUCIBLE_20260728_R1/06_RUN_OUTPUTS/RUN_20260728T180926Z/dynamic_pvt3_mc20/P4_PVT_TT_MC20_LOW/PVT3_TT_3P3_27C_CMP_XM5_XM6_W8P2524_XM7_XM11_W16P8587_S036_LOW_W4/logs/prefix5.log,,,,,,,,,,,,,,
dynamic_pvt3_mc20/dynamic_first5_comparison.csv,02_PVT3_MC20_LOW_W4,P4_PVT_TT_MC20_LOW,PVT3_TT_3P3_27C_CMP_XM5_XM6_W8P2524_XM7_XM11_W16P8587_S036_LOW_W4,TT_3P3_27C,36,100036,1,1.4849795827408698,1.4849795827408698,True,238,0,False,True,False,False,1,False,False,PREFIX_LIMITED_AFTER_5_FRAMES,/foss/designs/A44_SAR_ADC_CURRENT_CACE_REPRODUCIBLE_20260728_R1/06_RUN_OUTPUTS/RUN_20260728T180926Z/dynamic_pvt3_mc20/P4_PVT_TT_MC20_LOW/PVT3_TT_3P3_27C_CMP_XM5_XM6_W8P2524_XM7_XM11_W16P8587_S036_LOW_W4/jobs/prefix5.spice,/foss/designs/A44_SAR_ADC_CURRENT_CACE_REPRODUCIBLE_20260728_R1/06_RUN_OUTPUTS/RUN_20260728T180926Z/dynamic_pvt3_mc20/P4_PVT_TT_MC20_LOW/PVT3_TT_3P3_27C_CMP_XM5_XM6_W8P2524_XM7_XM11_W16P8587_S036_LOW_W4/logs/prefix5.log,,,,,,,,,,,,,,
dynamic_pvt3_mc20/dynamic_first5_comparison.csv,02_PVT3_MC20_LOW_W4,P4_PVT_TT_MC20_LOW,PVT3_TT_3P3_27C_CMP_XM5_XM6_W8P2524_XM7_XM11_W16P8587_S036_LOW_W4,TT_3P3_27C,36,100036,2,1.012832508212646,1.012832508212646,True,203,0,False,True,False,False,1,False,False,PREFIX_LIMITED_AFTER_5_FRAMES,/foss/designs/A44_SAR_ADC_CURRENT_CACE_REPRODUCIBLE_20260728_R1/06_RUN_OUTPUTS/RUN_20260728T180926Z/dynamic_pvt3_mc20/P4_PVT_TT_MC20_LOW/PVT3_TT_3P3_27C_CMP_XM5_XM6_W8P2524_XM7_XM11_W16P8587_S036_LOW_W4/jobs/prefix5.spice,/foss/designs/A44_SAR_ADC_CURRENT_CACE_REPRODUCIBLE_20260728_R1/06_RUN_OUTPUTS/RUN_20260728T180926Z/dynamic_pvt3_mc20/P4_PVT_TT_MC20_LOW/PVT3_TT_3P3_27C_CMP_XM5_XM6_W8P2524_XM7_XM11_W16P8587_S036_LOW_W4/logs/prefix5.log,,,,,,,,,,,,,,
dynamic_pvt3_mc20/dynamic_first5_comparison.csv,02_PVT3_MC20_LOW_W4,P4_PVT_TT_MC20_LOW,PVT3_TT_3P3_27C_CMP_XM5_XM6_W8P2524_XM7_XM11_W16P8587_S036_LOW_W4,TT_3P3_27C,36,100036,3,0.08093028045358405,0.08093028045358405,True,133,0,False,True,False,False,1,False,False,PREFIX_LIMITED_AFTER_5_FRAMES,/foss/designs/A44_SAR_ADC_CURRENT_CACE_REPRODUCIBLE_20260728_R1/06_RUN_OUTPUTS/RUN_20260728T180926Z/dynamic_pvt3_mc20/P4_PVT_TT_MC20_LOW/PVT3_TT_3P3_27C_CMP_XM5_XM6_W8P2524_XM7_XM11_W16P8587_S036_LOW_W4/jobs/prefix5.spice,/foss/designs/A44_SAR_ADC_CURRENT_CACE_REPRODUCIBLE_20260728_R1/06_RUN_OUTPUTS/RUN_20260728T180926Z/dynamic_pvt3_mc20/P4_PVT_TT_MC20_LOW/PVT3_TT_3P3_27C_CMP_XM5_XM6_W8P2524_XM7_XM11_W16P8587_S036_LOW_W4/logs/prefix5.log,,,,,,,,,,,,,,
dynamic_pvt3_mc20/dynamic_first5_comparison.csv,02_PVT3_MC20_LOW_W4,P4_PVT_TT_MC20_LOW,PVT3_TT_3P3_27C_CMP_XM5_XM6_W8P2524_XM7_XM11_W16P8587_S036_LOW_W4,TT_3P3_27C,36,100036,4,-0.8875047861415097,-0.8875047861415097,True,60,0,False,True,False,False,1,False,False,PREFIX_LIMITED_AFTER_5_FRAMES,/foss/designs/A44_SAR_ADC_CURRENT_CACE_REPRODUCIBLE_20260728_R1/06_RUN_OUTPUTS/RUN_20260728T180926Z/dynamic_pvt3_mc20/P4_PVT_TT_MC20_LOW/PVT3_TT_3P3_27C_CMP_XM5_XM6_W8P2524_XM7_XM11_W16P8587_S036_LOW_W4/jobs/prefix5.spice,/foss/designs/A44_SAR_ADC_CURRENT_CACE_REPRODUCIBLE_20260728_R1/06_RUN_OUTPUTS/RUN_20260728T180926Z/dynamic_pvt3_mc20/P4_PVT_TT_MC20_LOW/PVT3_TT_3P3_27C_CMP_XM5_XM6_W8P2524_XM7_XM11_W16P8587_S036_LOW_W4/logs/prefix5.log,,,,,,,,,,,,,,
dynamic_pvt3_mc20/dynamic_first5_comparison.csv,02_PVT3_MC20_LOW_W4,P4_PVT_TT_MC20_LOW,PVT3_TT_3P3_27C_CMP_XM5_XM6_W8P2524_XM7_XM11_W16P8587_S044_LOW_W4,TT_3P3_27C,44,100044,0,1.2827451974391542,1.2827451974391542,True,226,0,False,True,False,False,1,False,False,PREFIX_LIMITED_AFTER_5_FRAMES,/foss/designs/A44_SAR_ADC_CURRENT_CACE_REPRODUCIBLE_20260728_R1/06_RUN_OUTPUTS/RUN_20260728T180926Z/dynamic_pvt3_mc20/P4_PVT_TT_MC20_LOW/PVT3_TT_3P3_27C_CMP_XM5_XM6_W8P2524_XM7_XM11_W16P8587_S044_LOW_W4/jobs/prefix5.spice,/foss/designs/A44_SAR_ADC_CURRENT_CACE_REPRODUCIBLE_20260728_R1/06_RUN_OUTPUTS/RUN_20260728T180926Z/dynamic_pvt3_mc20/P4_PVT_TT_MC20_LOW/PVT3_TT_3P3_27C_CMP_XM5_XM6_W8P2524_XM7_XM11_W16P8587_S044_LOW_W4/logs/prefix5.log,,,,,,,,,,,,,,
dynamic_pvt3_mc20/dynamic_first5_comparison.csv,02_PVT3_MC20_LOW_W4,P4_PVT_TT_MC20_LOW,PVT3_TT_3P3_27C_CMP_XM5_XM6_W8P2524_XM7_XM11_W16P8587_S044_LOW_W4,TT_3P3_27C,44,100044,1,1.4847337406193426,1.4847337406193426,True,241,0,False,True,False,False,1,False,False,PREFIX_LIMITED_AFTER_5_FRAMES,/foss/designs/A44_SAR_ADC_CURRENT_CACE_REPRODUCIBLE_20260728_R1/06_RUN_OUTPUTS/RUN_20260728T180926Z/dynamic_pvt3_mc20/P4_PVT_TT_MC20_LOW/PVT3_TT_3P3_27C_CMP_XM5_XM6_W8P2524_XM7_XM11_W16P8587_S044_LOW_W4/jobs/prefix5.spice,/foss/designs/A44_SAR_ADC_CURRENT_CACE_REPRODUCIBLE_20260728_R1/06_RUN_OUTPUTS/RUN_20260728T180926Z/dynamic_pvt3_mc20/P4_PVT_TT_MC20_LOW/PVT3_TT_3P3_27C_CMP_XM5_XM6_W8P2524_XM7_XM11_W16P8587_S044_LOW_W4/logs/prefix5.log,,,,,,,,,,,,,,
dynamic_pvt3_mc20/dynamic_first5_comparison.csv,02_PVT3_MC20_LOW_W4,P4_PVT_TT_MC20_LOW,PVT3_TT_3P3_27C_CMP_XM5_XM6_W8P2524_XM7_XM11_W16P8587_S044_LOW_W4,TT_3P3_27C,44,100044,2,1.0128812425827818,1.0128812425827818,True,205,0,False,True,False,False,1,False,False,PREFIX_LIMITED_AFTER_5_FRAMES,/foss/designs/A44_SAR_ADC_CURRENT_CACE_REPRODUCIBLE_20260728_R1/06_RUN_OUTPUTS/RUN_20260728T180926Z/dynamic_pvt3_mc20/P4_PVT_TT_MC20_LOW/PVT3_TT_3P3_27C_CMP_XM5_XM6_W8P2524_XM7_XM11_W16P8587_S044_LOW_W4/jobs/prefix5.spice,/foss/designs/A44_SAR_ADC_CURRENT_CACE_REPRODUCIBLE_20260728_R1/06_RUN_OUTPUTS/RUN_20260728T180926Z/dynamic_pvt3_mc20/P4_PVT_TT_MC20_LOW/PVT3_TT_3P3_27C_CMP_XM5_XM6_W8P2524_XM7_XM11_W16P8587_S044_LOW_W4/logs/prefix5.log,,,,,,,,,,,,,,
dynamic_pvt3_mc20/dynamic_first5_comparison.csv,02_PVT3_MC20_LOW_W4,P4_PVT_TT_MC20_LOW,PVT3_TT_3P3_27C_CMP_XM5_XM6_W8P2524_XM7_XM11_W16P8587_S044_LOW_W4,TT_3P3_27C,44,100044,3,0.08094906972828762,0.08094906972828762,True,135,0,False,True,False,False,1,False,False,PREFIX_LIMITED_AFTER_5_FRAMES,/foss/designs/A44_SAR_ADC_CURRENT_CACE_REPRODUCIBLE_20260728_R1/06_RUN_OUTPUTS/RUN_20260728T180926Z/dynamic_pvt3_mc20/P4_PVT_TT_MC20_LOW/PVT3_TT_3P3_27C_CMP_XM5_XM6_W8P2524_XM7_XM11_W16P8587_S044_LOW_W4/jobs/prefix5.spice,/foss/designs/A44_SAR_ADC_CURRENT_CACE_REPRODUCIBLE_20260728_R1/06_RUN_OUTPUTS/RUN_20260728T180926Z/dynamic_pvt3_mc20/P4_PVT_TT_MC20_LOW/PVT3_TT_3P3_27C_CMP_XM5_XM6_W8P2524_XM7_XM11_W16P8587_S044_LOW_W4/logs/prefix5.log,,,,,,,,,,,,,,
dynamic_pvt3_mc20/dynamic_first5_comparison.csv,02_PVT3_MC20_LOW_W4,P4_PVT_TT_MC20_LOW,PVT3_TT_3P3_27C_CMP_XM5_XM6_W8P2524_XM7_XM11_W16P8587_S044_LOW_W4,TT_3P3_27C,44,100044,4,-0.8877395319939007,-0.8877395319939007,True,62,0,False,True,False,False,1,False,False,PREFIX_LIMITED_AFTER_5_FRAMES,/foss/designs/A44_SAR_ADC_CURRENT_CACE_REPRODUCIBLE_20260728_R1/06_RUN_OUTPUTS/RUN_20260728T180926Z/dynamic_pvt3_mc20/P4_PVT_TT_MC20_LOW/PVT3_TT_3P3_27C_CMP_XM5_XM6_W8P2524_XM7_XM11_W16P8587_S044_LOW_W4/jobs/prefix5.spice,/foss/designs/A44_SAR_ADC_CURRENT_CACE_REPRODUCIBLE_20260728_R1/06_RUN_OUTPUTS/RUN_20260728T180926Z/dynamic_pvt3_mc20/P4_PVT_TT_MC20_LOW/PVT3_TT_3P3_27C_CMP_XM5_XM6_W8P2524_XM7_XM11_W16P8587_S044_LOW_W4/logs/prefix5.log,,,,,,,,,,,,,,
dynamic_pvt3_mc20/dynamic_first5_comparison.csv,02_PVT3_MC20_LOW_W4,P4_PVT_TT_MC20_LOW,PVT3_TT_3P3_27C_CMP_XM5_XM6_W8P2524_XM7_XM11_W16P8587_S065_LOW_W4,TT_3P3_27C,65,100065,0,1.282813254612393,1.282813254612393,True,226,0,False,True,False,False,1,False,False,PREFIX_LIMITED_AFTER_5_FRAMES,/foss/designs/A44_SAR_ADC_CURRENT_CACE_REPRODUCIBLE_20260728_R1/06_RUN_OUTPUTS/RUN_20260728T180926Z/dynamic_pvt3_mc20/P4_PVT_TT_MC20_LOW/PVT3_TT_3P3_27C_CMP_XM5_XM6_W8P2524_XM7_XM11_W16P8587_S065_LOW_W4/jobs/prefix5.spice,/foss/designs/A44_SAR_ADC_CURRENT_CACE_REPRODUCIBLE_20260728_R1/06_RUN_OUTPUTS/RUN_20260728T180926Z/dynamic_pvt3_mc20/P4_PVT_TT_MC20_LOW/PVT3_TT_3P3_27C_CMP_XM5_XM6_W8P2524_XM7_XM11_W16P8587_S065_LOW_W4/logs/prefix5.log,,,,,,,,,,,,,,
dynamic_pvt3_mc20/dynamic_first5_comparison.csv,02_PVT3_MC20_LOW_W4,P4_PVT_TT_MC20_LOW,PVT3_TT_3P3_27C_CMP_XM5_XM6_W8P2524_XM7_XM11_W16P8587_S065_LOW_W4,TT_3P3_27C,65,100065,1,1.4848093783010534,1.4848093783010534,True,242,0,False,True,False,False,1,False,False,PREFIX_LIMITED_AFTER_5_FRAMES,/foss/designs/A44_SAR_ADC_CURRENT_CACE_REPRODUCIBLE_20260728_R1/06_RUN_OUTPUTS/RUN_20260728T180926Z/dynamic_pvt3_mc20/P4_PVT_TT_MC20_LOW/PVT3_TT_3P3_27C_CMP_XM5_XM6_W8P2524_XM7_XM11_W16P8587_S065_LOW_W4/jobs/prefix5.spice,/foss/designs/A44_SAR_ADC_CURRENT_CACE_REPRODUCIBLE_20260728_R1/06_RUN_OUTPUTS/RUN_20260728T180926Z/dynamic_pvt3_mc20/P4_PVT_TT_MC20_LOW/PVT3_TT_3P3_27C_CMP_XM5_XM6_W8P2524_XM7_XM11_W16P8587_S065_LOW_W4/logs/prefix5.log,,,,,,,,,,,,,,
dynamic_pvt3_mc20/dynamic_first5_comparison.csv,02_PVT3_MC20_LOW_W4,P4_PVT_TT_MC20_LOW,PVT3_TT_3P3_27C_CMP_XM5_XM6_W8P2524_XM7_XM11_W16P8587_S065_LOW_W4,TT_3P3_27C,65,100065,2,1.012728455977636,1.012728455977636,True,206,0,False,True,False,False,1,False,False,PREFIX_LIMITED_AFTER_5_FRAMES,/foss/designs/A44_SAR_ADC_CURRENT_CACE_REPRODUCIBLE_20260728_R1/06_RUN_OUTPUTS/RUN_20260728T180926Z/dynamic_pvt3_mc20/P4_PVT_TT_MC20_LOW/PVT3_TT_3P3_27C_CMP_XM5_XM6_W8P2524_XM7_XM11_W16P8587_S065_LOW_W4/jobs/prefix5.spice,/foss/designs/A44_SAR_ADC_CURRENT_CACE_REPRODUCIBLE_20260728_R1/06_RUN_OUTPUTS/RUN_20260728T180926Z/dynamic_pvt3_mc20/P4_PVT_TT_MC20_LOW/PVT3_TT_3P3_27C_CMP_XM5_XM6_W8P2524_XM7_XM11_W16P8587_S065_LOW_W4/logs/prefix5.log,,,,,,,,,,,,,,
dynamic_pvt3_mc20/dynamic_first5_comparison.csv,02_PVT3_MC20_LOW_W4,P4_PVT_TT_MC20_LOW,PVT3_TT_3P3_27C_CMP_XM5_XM6_W8P2524_XM7_XM11_W16P8587_S065_LOW_W4,TT_3P3_27C,65,100065,3,0.08086887267324878,0.08086887267324878,True,136,0,False,True,False,False,1,False,False,PREFIX_LIMITED_AFTER_5_FRAMES,/foss/designs/A44_SAR_ADC_CURRENT_CACE_REPRODUCIBLE_20260728_R1/06_RUN_OUTPUTS/RUN_20260728T180926Z/dynamic_pvt3_mc20/P4_PVT_TT_MC20_LOW/PVT3_TT_3P3_27C_CMP_XM5_XM6_W8P2524_XM7_XM11_W16P8587_S065_LOW_W4/jobs/prefix5.spice,/foss/designs/A44_SAR_ADC_CURRENT_CACE_REPRODUCIBLE_20260728_R1/06_RUN_OUTPUTS/RUN_20260728T180926Z/dynamic_pvt3_mc20/P4_PVT_TT_MC20_LOW/PVT3_TT_3P3_27C_CMP_XM5_XM6_W8P2524_XM7_XM11_W16P8587_S065_LOW_W4/logs/prefix5.log,,,,,,,,,,,,,,
dynamic_pvt3_mc20/dynamic_first5_comparison.csv,02_PVT3_MC20_LOW_W4,P4_PVT_TT_MC20_LOW,PVT3_TT_3P3_27C_CMP_XM5_XM6_W8P2524_XM7_XM11_W16P8587_S065_LOW_W4,TT_3P3_27C,65,100065,4,-0.8876832633429825,-0.8876832633429825,True,62,0,False,True,False,False,1,False,False,PREFIX_LIMITED_AFTER_5_FRAMES,/foss/designs/A44_SAR_ADC_CURRENT_CACE_REPRODUCIBLE_20260728_R1/06_RUN_OUTPUTS/RUN_20260728T180926Z/dynamic_pvt3_mc20/P4_PVT_TT_MC20_LOW/PVT3_TT_3P3_27C_CMP_XM5_XM6_W8P2524_XM7_XM11_W16P8587_S065_LOW_W4/jobs/prefix5.spice,/foss/designs/A44_SAR_ADC_CURRENT_CACE_REPRODUCIBLE_20260728_R1/06_RUN_OUTPUTS/RUN_20260728T180926Z/dynamic_pvt3_mc20/P4_PVT_TT_MC20_LOW/PVT3_TT_3P3_27C_CMP_XM5_XM6_W8P2524_XM7_XM11_W16P8587_S065_LOW_W4/logs/prefix5.log,,,,,,,,,,,,,,
static/S044_FF/static_first5_comparison.csv,,,,FF_3P6_M40C,44,,,,,,,,,,,,1,False,False,STOP_AFTER_FIRST_5_TRANSITION_BRACKETS,/foss/designs/A44_SAR_ADC_CURRENT_CACE_REPRODUCIBLE_20260728_R1/06_RUN_OUTPUTS/RUN_20260728T180926Z/static/S044_FF/jobs/s044_ff_first5_brackets.spice,/foss/designs/A44_SAR_ADC_CURRENT_CACE_REPRODUCIBLE_20260728_R1/06_RUN_OUTPUTS/RUN_20260728T180926Z/static/S044_FF/logs/s044_ff_first5_brackets.log,S044_FF,1,PASS,-1.6995849609375002,-1.6993774414062504,-1.6994812011718752,0,0,True,1,0,False,False,False
static/S044_FF/static_first5_comparison.csv,,,,FF_3P6_M40C,44,,,,,,,,,,,,1,False,False,STOP_AFTER_FIRST_5_TRANSITION_BRACKETS,/foss/designs/A44_SAR_ADC_CURRENT_CACE_REPRODUCIBLE_20260728_R1/06_RUN_OUTPUTS/RUN_20260728T180926Z/static/S044_FF/jobs/s044_ff_first5_brackets.spice,/foss/designs/A44_SAR_ADC_CURRENT_CACE_REPRODUCIBLE_20260728_R1/06_RUN_OUTPUTS/RUN_20260728T180926Z/static/S044_FF/logs/s044_ff_first5_brackets.log,S044_FF,2,PASS,-1.6862260953647885,-1.686070455716351,-1.6861482755405697,1,0,False,2,0,False,False,False
static/S044_FF/static_first5_comparison.csv,,,,FF_3P6_M40C,44,,,,,,,,,,,,1,False,False,STOP_AFTER_FIRST_5_TRANSITION_BRACKETS,/foss/designs/A44_SAR_ADC_CURRENT_CACE_REPRODUCIBLE_20260728_R1/06_RUN_OUTPUTS/RUN_20260728T180926Z/static/S044_FF/jobs/s044_ff_first5_brackets.spice,/foss/designs/A44_SAR_ADC_CURRENT_CACE_REPRODUCIBLE_20260728_R1/06_RUN_OUTPUTS/RUN_20260728T180926Z/static/S044_FF/logs/s044_ff_first5_brackets.log,S044_FF,3,PASS,-1.672659710260827,-1.6725040706123893,-1.672581890436608,2,0,False,3,0,False,False,False
static/S044_FF/static_first5_comparison.csv,,,,FF_3P6_M40C,44,,,,,,,,,,,,1,False,False,STOP_AFTER_FIRST_5_TRANSITION_BRACKETS,/foss/designs/A44_SAR_ADC_CURRENT_CACE_REPRODUCIBLE_20260728_R1/06_RUN_OUTPUTS/RUN_20260728T180926Z/static/S044_FF/jobs/s044_ff_first5_brackets.spice,/foss/designs/A44_SAR_ADC_CURRENT_CACE_REPRODUCIBLE_20260728_R1/06_RUN_OUTPUTS/RUN_20260728T180926Z/static/S044_FF/logs/s044_ff_first5_brackets.log,S044_FF,4,PASS,-1.6597158837506154,-1.659560244102178,-1.6596380639263968,3,0,False,4,0,False,False,False
static/S044_FF/static_first5_comparison.csv,,,,FF_3P6_M40C,44,,,,,,,,,,,,1,False,False,STOP_AFTER_FIRST_5_TRANSITION_BRACKETS,/foss/designs/A44_SAR_ADC_CURRENT_CACE_REPRODUCIBLE_20260728_R1/06_RUN_OUTPUTS/RUN_20260728T180926Z/static/S044_FF/jobs/s044_ff_first5_brackets.spice,/foss/designs/A44_SAR_ADC_CURRENT_CACE_REPRODUCIBLE_20260728_R1/06_RUN_OUTPUTS/RUN_20260728T180926Z/static/S044_FF/logs/s044_ff_first5_brackets.log,S044_FF,5,PASS,-1.6463051382950913,-1.6461494986466536,-1.6462273184708724,4,0,False,5,0,False,False,False
static/S044_SS/static_first5_comparison.csv,,,,SS_3P0_125C,44,,,,,,,,,,,,1,False,False,STOP_AFTER_FIRST_5_TRANSITION_BRACKETS,/foss/designs/A44_SAR_ADC_CURRENT_CACE_REPRODUCIBLE_20260728_R1/06_RUN_OUTPUTS/RUN_20260728T180926Z/static/S044_SS/jobs/s044_ss_first5_brackets.spice,/foss/designs/A44_SAR_ADC_CURRENT_CACE_REPRODUCIBLE_20260728_R1/06_RUN_OUTPUTS/RUN_20260728T180926Z/static/S044_SS/logs/s044_ss_first5_brackets.log,S044_SS,1,PASS,-1.7045654296875001,-1.7043579101562503,-1.704461669921875,0,0,True,1,0,False,False,False
static/S044_SS/static_first5_comparison.csv,,,,SS_3P0_125C,44,,,,,,,,,,,,1,False,False,STOP_AFTER_FIRST_5_TRANSITION_BRACKETS,/foss/designs/A44_SAR_ADC_CURRENT_CACE_REPRODUCIBLE_20260728_R1/06_RUN_OUTPUTS/RUN_20260728T180926Z/static/S044_SS/jobs/s044_ss_first5_brackets.spice,/foss/designs/A44_SAR_ADC_CURRENT_CACE_REPRODUCIBLE_20260728_R1/06_RUN_OUTPUTS/RUN_20260728T180926Z/static/S044_SS/logs/s044_ss_first5_brackets.log,S044_SS,2,PASS,-1.6913556677149977,-1.6912000280665602,-1.6912778478907788,1,0,False,2,0,False,False,False
static/S044_SS/static_first5_comparison.csv,,,,SS_3P0_125C,44,,,,,,,,,,,,1,False,False,STOP_AFTER_FIRST_5_TRANSITION_BRACKETS,/foss/designs/A44_SAR_ADC_CURRENT_CACE_REPRODUCIBLE_20260728_R1/06_RUN_OUTPUTS/RUN_20260728T180926Z/static/S044_SS/jobs/s044_ss_first5_brackets.spice,/foss/designs/A44_SAR_ADC_CURRENT_CACE_REPRODUCIBLE_20260728_R1/06_RUN_OUTPUTS/RUN_20260728T180926Z/static/S044_SS/logs/s044_ss_first5_brackets.log,S044_SS,3,PASS,-1.67762710691437,-1.6774714672659325,-1.6775492870901512,2,0,False,3,0,False,False,False
static/S044_SS/static_first5_comparison.csv,,,,SS_3P0_125C,44,,,,,,,,,,,,1,False,False,STOP_AFTER_FIRST_5_TRANSITION_BRACKETS,/foss/designs/A44_SAR_ADC_CURRENT_CACE_REPRODUCIBLE_20260728_R1/06_RUN_OUTPUTS/RUN_20260728T180926Z/static/S044_SS/jobs/s044_ss_first5_brackets.spice,/foss/designs/A44_SAR_ADC_CURRENT_CACE_REPRODUCIBLE_20260728_R1/06_RUN_OUTPUTS/RUN_20260728T180926Z/static/S044_SS/logs/s044_ss_first5_brackets.log,S044_SS,4,PASS,-1.6649880236528052,-1.6648323840043677,-1.6649102038285863,3,0,False,4,0,False,False,False
static/S044_SS/static_first5_comparison.csv,,,,SS_3P0_125C,44,,,,,,,,,,,,1,False,False,STOP_AFTER_FIRST_5_TRANSITION_BRACKETS,/foss/designs/A44_SAR_ADC_CURRENT_CACE_REPRODUCIBLE_20260728_R1/06_RUN_OUTPUTS/RUN_20260728T180926Z/static/S044_SS/jobs/s044_ss_first5_brackets.spice,/foss/designs/A44_SAR_ADC_CURRENT_CACE_REPRODUCIBLE_20260728_R1/06_RUN_OUTPUTS/RUN_20260728T180926Z/static/S044_SS/logs/s044_ss_first5_brackets.log,S044_SS,5,PASS,-1.6512594628521777,-1.6511038232037403,-1.6511816430279591,4,0,False,5,0,False,False,False
static/S044_TT/static_first5_comparison.csv,,,,TT_3P3_27C,44,,,,,,,,,,,,1,False,False,STOP_AFTER_FIRST_5_TRANSITION_BRACKETS,/foss/designs/A44_SAR_ADC_CURRENT_CACE_REPRODUCIBLE_20260728_R1/06_RUN_OUTPUTS/RUN_20260728T180926Z/static/S044_TT/jobs/s044_tt_first5_brackets.spice,/foss/designs/A44_SAR_ADC_CURRENT_CACE_REPRODUCIBLE_20260728_R1/06_RUN_OUTPUTS/RUN_20260728T180926Z/static/S044_TT/logs/s044_tt_first5_brackets.log,S044_TT,1,PASS,-1.7012451171875003,-1.7010375976562502,-1.7011413574218752,0,0,True,1,0,False,False,False
static/S044_TT/static_first5_comparison.csv,,,,TT_3P3_27C,44,,,,,,,,,,,,1,False,False,STOP_AFTER_FIRST_5_TRANSITION_BRACKETS,/foss/designs/A44_SAR_ADC_CURRENT_CACE_REPRODUCIBLE_20260728_R1/06_RUN_OUTPUTS/RUN_20260728T180926Z/static/S044_TT/jobs/s044_tt_first5_brackets.spice,/foss/designs/A44_SAR_ADC_CURRENT_CACE_REPRODUCIBLE_20260728_R1/06_RUN_OUTPUTS/RUN_20260728T180926Z/static/S044_TT/logs/s044_tt_first5_brackets.log,S044_TT,2,PASS,-1.6878813495786174,-1.68772570993018,-1.6878035297543987,1,0,False,2,0,False,False,False
static/S044_TT/static_first5_comparison.csv,,,,TT_3P3_27C,44,,,,,,,,,,,,1,False,False,STOP_AFTER_FIRST_5_TRANSITION_BRACKETS,/foss/designs/A44_SAR_ADC_CURRENT_CACE_REPRODUCIBLE_20260728_R1/06_RUN_OUTPUTS/RUN_20260728T180926Z/static/S044_TT/jobs/s044_tt_first5_brackets.spice,/foss/designs/A44_SAR_ADC_CURRENT_CACE_REPRODUCIBLE_20260728_R1/06_RUN_OUTPUTS/RUN_20260728T180926Z/static/S044_TT/logs/s044_tt_first5_brackets.log,S044_TT,3,PASS,-1.674154422790047,-1.6739987831416094,-1.6740766029658283,2,0,False,3,0,False,False,False
static/S044_TT/static_first5_comparison.csv,,,,TT_3P3_27C,44,,,,,,,,,,,,1,False,False,STOP_AFTER_FIRST_5_TRANSITION_BRACKETS,/foss/designs/A44_SAR_ADC_CURRENT_CACE_REPRODUCIBLE_20260728_R1/06_RUN_OUTPUTS/RUN_20260728T180926Z/static/S044_TT/jobs/s044_tt_first5_brackets.spice,/foss/designs/A44_SAR_ADC_CURRENT_CACE_REPRODUCIBLE_20260728_R1/06_RUN_OUTPUTS/RUN_20260728T180926Z/static/S044_TT/logs/s044_tt_first5_brackets.log,S044_TT,4,PASS,-1.6612056942436642,-1.6610500545952265,-1.6611278744194453,3,0,False,4,0,False,False,False
static/S044_TT/static_first5_comparison.csv,,,,TT_3P3_27C,44,,,,,,,,,,,,1,False,False,STOP_AFTER_FIRST_5_TRANSITION_BRACKETS,/foss/designs/A44_SAR_ADC_CURRENT_CACE_REPRODUCIBLE_20260728_R1/06_RUN_OUTPUTS/RUN_20260728T180926Z/static/S044_TT/jobs/s044_tt_first5_brackets.spice,/foss/designs/A44_SAR_ADC_CURRENT_CACE_REPRODUCIBLE_20260728_R1/06_RUN_OUTPUTS/RUN_20260728T180926Z/static/S044_TT/logs/s044_tt_first5_brackets.log,S044_TT,5,PASS,-1.6477900467519686,-1.6476344071035312,-1.6477122269277498,4,0,False,5,0,False,False,False
static/S106_TT/static_first5_comparison.csv,,,,TT_3P3_27C,106,,,,,,,,,,,,1,False,False,STOP_AFTER_FIRST_5_TRANSITION_BRACKETS,/foss/designs/A44_SAR_ADC_CURRENT_CACE_REPRODUCIBLE_20260728_R1/06_RUN_OUTPUTS/RUN_20260728T180926Z/static/S106_TT/jobs/s106_tt_first5_brackets.spice,/foss/designs/A44_SAR_ADC_CURRENT_CACE_REPRODUCIBLE_20260728_R1/06_RUN_OUTPUTS/RUN_20260728T180926Z/static/S106_TT/logs/s106_tt_first5_brackets.log,S106_TT,1,PASS,-1.6987548828125,-1.69854736328125,-1.698651123046875,0,0,True,1,0,False,False,False
static/S106_TT/static_first5_comparison.csv,,,,TT_3P3_27C,106,,,,,,,,,,,,1,False,False,STOP_AFTER_FIRST_5_TRANSITION_BRACKETS,/foss/designs/A44_SAR_ADC_CURRENT_CACE_REPRODUCIBLE_20260728_R1/06_RUN_OUTPUTS/RUN_20260728T180926Z/static/S106_TT/jobs/s106_tt_first5_brackets.spice,/foss/designs/A44_SAR_ADC_CURRENT_CACE_REPRODUCIBLE_20260728_R1/06_RUN_OUTPUTS/RUN_20260728T180926Z/static/S106_TT/logs/s106_tt_first5_brackets.log,S106_TT,2,PASS,-1.6855467548520546,-1.6853911152036172,-1.6854689350278358,1,0,False,2,0,False,False,False
static/S106_TT/static_first5_comparison.csv,,,,TT_3P3_27C,106,,,,,,,,,,,,1,False,False,STOP_AFTER_FIRST_5_TRANSITION_BRACKETS,/foss/designs/A44_SAR_ADC_CURRENT_CACE_REPRODUCIBLE_20260728_R1/06_RUN_OUTPUTS/RUN_20260728T180926Z/static/S106_TT/jobs/s106_tt_first5_brackets.spice,/foss/designs/A44_SAR_ADC_CURRENT_CACE_REPRODUCIBLE_20260728_R1/06_RUN_OUTPUTS/RUN_20260728T180926Z/static/S106_TT/logs/s106_tt_first5_brackets.log,S106_TT,3,PASS,-1.6722867470087968,-1.6721311073603593,-1.672208927184578,2,0,False,3,0,False,False,False
static/S106_TT/static_first5_comparison.csv,,,,TT_3P3_27C,106,,,,,,,,,,,,1,False,False,STOP_AFTER_FIRST_5_TRANSITION_BRACKETS,/foss/designs/A44_SAR_ADC_CURRENT_CACE_REPRODUCIBLE_20260728_R1/06_RUN_OUTPUTS/RUN_20260728T180926Z/static/S106_TT/jobs/s106_tt_first5_brackets.spice,/foss/designs/A44_SAR_ADC_CURRENT_CACE_REPRODUCIBLE_20260728_R1/06_RUN_OUTPUTS/RUN_20260728T180926Z/static/S106_TT/logs/s106_tt_first5_brackets.log,S106_TT,4,PASS,-1.6591823788139766,-1.6590267391655389,-1.6591045589897577,3,0,False,4,0,False,False,False
static/S106_TT/static_first5_comparison.csv,,,,TT_3P3_27C,106,,,,,,,,,,,,1,False,False,STOP_AFTER_FIRST_5_TRANSITION_BRACKETS,/foss/designs/A44_SAR_ADC_CURRENT_CACE_REPRODUCIBLE_20260728_R1/06_RUN_OUTPUTS/RUN_20260728T180926Z/static/S106_TT/jobs/s106_tt_first5_brackets.spice,/foss/designs/A44_SAR_ADC_CURRENT_CACE_REPRODUCIBLE_20260728_R1/06_RUN_OUTPUTS/RUN_20260728T180926Z/static/S106_TT/logs/s106_tt_first5_brackets.log,S106_TT,5,PASS,-1.6460780106191562,-1.6459223709707187,-1.6460001907949375,4,0,False,5,0,False,False,False
static/S116_TT/static_first5_comparison.csv,,,,TT_3P3_27C,116,,,,,,,,,,,,1,False,False,STOP_AFTER_FIRST_5_TRANSITION_BRACKETS,/foss/designs/A44_SAR_ADC_CURRENT_CACE_REPRODUCIBLE_20260728_R1/06_RUN_OUTPUTS/RUN_20260728T180926Z/static/S116_TT/jobs/s116_tt_first5_brackets.spice,/foss/designs/A44_SAR_ADC_CURRENT_CACE_REPRODUCIBLE_20260728_R1/06_RUN_OUTPUTS/RUN_20260728T180926Z/static/S116_TT/logs/s116_tt_first5_brackets.log,S116_TT,1,PASS,-1.6890533447265625,-1.688897705078125,-1.688975524902344,0,0,True,1,0,False,False,False
static/S116_TT/static_first5_comparison.csv,,,,TT_3P3_27C,116,,,,,,,,,,,,1,False,False,STOP_AFTER_FIRST_5_TRANSITION_BRACKETS,/foss/designs/A44_SAR_ADC_CURRENT_CACE_REPRODUCIBLE_20260728_R1/06_RUN_OUTPUTS/RUN_20260728T180926Z/static/S116_TT/jobs/s116_tt_first5_brackets.spice,/foss/designs/A44_SAR_ADC_CURRENT_CACE_REPRODUCIBLE_20260728_R1/06_RUN_OUTPUTS/RUN_20260728T180926Z/static/S116_TT/logs/s116_tt_first5_brackets.log,S116_TT,2,PASS,-1.6758719737135521,-1.6757163340651147,-1.6757941538893335,1,0,False,2,0,False,False,False
static/S116_TT/static_first5_comparison.csv,,,,TT_3P3_27C,116,,,,,,,,,,,,1,False,False,STOP_AFTER_FIRST_5_TRANSITION_BRACKETS,/foss/designs/A44_SAR_ADC_CURRENT_CACE_REPRODUCIBLE_20260728_R1/06_RUN_OUTPUTS/RUN_20260728T180926Z/static/S116_TT/jobs/s116_tt_first5_brackets.spice,/foss/designs/A44_SAR_ADC_CURRENT_CACE_REPRODUCIBLE_20260728_R1/06_RUN_OUTPUTS/RUN_20260728T180926Z/static/S116_TT/logs/s116_tt_first5_brackets.log,S116_TT,3,PASS,-1.6624571432278852,-1.6623015035794477,-1.6623793234036666,2,0,False,3,0,False,False,False
static/S116_TT/static_first5_comparison.csv,,,,TT_3P3_27C,116,,,,,,,,,,,,1,False,False,STOP_AFTER_FIRST_5_TRANSITION_BRACKETS,/foss/designs/A44_SAR_ADC_CURRENT_CACE_REPRODUCIBLE_20260728_R1/06_RUN_OUTPUTS/RUN_20260728T180926Z/static/S116_TT/jobs/s116_tt_first5_brackets.spice,/foss/designs/A44_SAR_ADC_CURRENT_CACE_REPRODUCIBLE_20260728_R1/06_RUN_OUTPUTS/RUN_20260728T180926Z/static/S116_TT/logs/s116_tt_first5_brackets.log,S116_TT,4,PASS,-1.6493535920390934,-1.649197952390656,-1.6492757722148745,3,0,False,4,0,False,False,False
static/S116_TT/static_first5_comparison.csv,,,,TT_3P3_27C,116,,,,,,,,,,,,1,False,False,STOP_AFTER_FIRST_5_TRANSITION_BRACKETS,/foss/designs/A44_SAR_ADC_CURRENT_CACE_REPRODUCIBLE_20260728_R1/06_RUN_OUTPUTS/RUN_20260728T180926Z/static/S116_TT/jobs/s116_tt_first5_brackets.spice,/foss/designs/A44_SAR_ADC_CURRENT_CACE_REPRODUCIBLE_20260728_R1/06_RUN_OUTPUTS/RUN_20260728T180926Z/static/S116_TT/logs/s116_tt_first5_brackets.log,S116_TT,5,PASS,-1.6360944012018641,-1.6359387615534267,-1.6360165813776453,4,0,False,5,0,False,False,False
static/S180_TT/static_first5_comparison.csv,,,,TT_3P3_27C,180,,,,,,,,,,,,1,False,False,STOP_AFTER_FIRST_5_TRANSITION_BRACKETS,/foss/designs/A44_SAR_ADC_CURRENT_CACE_REPRODUCIBLE_20260728_R1/06_RUN_OUTPUTS/RUN_20260728T180926Z/static/S180_TT/jobs/s180_tt_first5_brackets.spice,/foss/designs/A44_SAR_ADC_CURRENT_CACE_REPRODUCIBLE_20260728_R1/06_RUN_OUTPUTS/RUN_20260728T180926Z/static/S180_TT/logs/s180_tt_first5_brackets.log,S180_TT,1,PASS,-1.6912322998046876,-1.6910766601562501,-1.6911544799804688,0,0,True,1,0,False,False,False
static/S180_TT/static_first5_comparison.csv,,,,TT_3P3_27C,180,,,,,,,,,,,,1,False,False,STOP_AFTER_FIRST_5_TRANSITION_BRACKETS,/foss/designs/A44_SAR_ADC_CURRENT_CACE_REPRODUCIBLE_20260728_R1/06_RUN_OUTPUTS/RUN_20260728T180926Z/static/S180_TT/jobs/s180_tt_first5_brackets.spice,/foss/designs/A44_SAR_ADC_CURRENT_CACE_REPRODUCIBLE_20260728_R1/06_RUN_OUTPUTS/RUN_20260728T180926Z/static/S180_TT/logs/s180_tt_first5_brackets.log,S180_TT,2,PASS,-1.6780503160371554,-1.677894676388718,-1.6779724962129365,1,0,False,2,0,False,False,False
static/S180_TT/static_first5_comparison.csv,,,,TT_3P3_27C,180,,,,,,,,,,,,1,False,False,STOP_AFTER_FIRST_5_TRANSITION_BRACKETS,/foss/designs/A44_SAR_ADC_CURRENT_CACE_REPRODUCIBLE_20260728_R1/06_RUN_OUTPUTS/RUN_20260728T180926Z/static/S180_TT/jobs/s180_tt_first5_brackets.spice,/foss/designs/A44_SAR_ADC_CURRENT_CACE_REPRODUCIBLE_20260728_R1/06_RUN_OUTPUTS/RUN_20260728T180926Z/static/S180_TT/logs/s180_tt_first5_brackets.log,S180_TT,3,PASS,-1.6647905124454048,-1.6646348727969673,-1.664712692621186,2,0,False,3,0,False,False,False
static/S180_TT/static_first5_comparison.csv,,,,TT_3P3_27C,180,,,,,,,,,,,,1,False,False,STOP_AFTER_FIRST_5_TRANSITION_BRACKETS,/foss/designs/A44_SAR_ADC_CURRENT_CACE_REPRODUCIBLE_20260728_R1/06_RUN_OUTPUTS/RUN_20260728T180926Z/static/S180_TT/jobs/s180_tt_first5_brackets.spice,/foss/designs/A44_SAR_ADC_CURRENT_CACE_REPRODUCIBLE_20260728_R1/06_RUN_OUTPUTS/RUN_20260728T180926Z/static/S180_TT/logs/s180_tt_first5_brackets.log,S180_TT,4,PASS,-1.651530708853654,-1.6513750692052165,-1.6514528890294353,3,0,False,4,0,False,False,False
static/S180_TT/static_first5_comparison.csv,,,,TT_3P3_27C,180,,,,,,,,,,,,1,False,False,STOP_AFTER_FIRST_5_TRANSITION_BRACKETS,/foss/designs/A44_SAR_ADC_CURRENT_CACE_REPRODUCIBLE_20260728_R1/06_RUN_OUTPUTS/RUN_20260728T180926Z/static/S180_TT/jobs/s180_tt_first5_brackets.spice,/foss/designs/A44_SAR_ADC_CURRENT_CACE_REPRODUCIBLE_20260728_R1/06_RUN_OUTPUTS/RUN_20260728T180926Z/static/S180_TT/logs/s180_tt_first5_brackets.log,S180_TT,5,PASS,-1.6379596259650284,-1.637803986316591,-1.6378818061408098,4,0,False,5,0,False,False,False
