job_id,category,pvt,mismatch_seed,noise_seed,band,nfft,bin,fin_hz,maxstep_ps,solver_profile,required,state,attempt_count,measurement_stem,compact_code_checksum_sha256
D3_S001_LOW,D3_NOISE_PLUS_MISMATCH_MC200,TT_3P3_27C,1,100001,LOW,64,7,218750.0,50,ROBUST_GEAR,True,VALID_PASS,1,formal_s001_low_050ps,8cd4a6797de4ad159c651863c14c11a63783539eca361a203cca377e8200719a
D3_S001_NEAR_NYQUIST,D3_NOISE_PLUS_MISMATCH_MC200,TT_3P3_27C,1,100001,NEAR_NYQUIST,64,29,906250.0,50,ROBUST_GEAR,True,VALID_PASS,1,formal_s001_near_nyquist_050ps,a4c95905ad50ed93298fcc899dd9403e2127a25bd75905199d95f164d2cf6de5
D3_S002_LOW,D3_NOISE_PLUS_MISMATCH_MC200,TT_3P3_27C,2,100002,LOW,64,7,218750.0,50,ROBUST_GEAR,True,VALID_FAIL,1,formal_s002_low_050ps,0f41220687728bc54cc049e05d994a73291eb272d939dff201f089d718b3685a
D3_S002_NEAR_NYQUIST,D3_NOISE_PLUS_MISMATCH_MC200,TT_3P3_27C,2,100002,NEAR_NYQUIST,64,29,906250.0,50,ROBUST_GEAR,True,VALID_FAIL,1,formal_s002_near_nyquist_050ps,559af9407142bff0994620f4762f74b3dc403fd62ed99cbd67a3bd34cf5b6b53
D3_S003_LOW,D3_NOISE_PLUS_MISMATCH_MC200,TT_3P3_27C,3,100003,LOW,64,7,218750.0,50,ROBUST_GEAR,True,VALID_PASS,1,formal_s003_low_050ps,b2fb4d3c4cdb2eb760810d12d9ae764bb556029a824ee7f21264a668584e74bf
D3_S003_NEAR_NYQUIST,D3_NOISE_PLUS_MISMATCH_MC200,TT_3P3_27C,3,100003,NEAR_NYQUIST,64,29,906250.0,50,ROBUST_GEAR,True,VALID_PASS,1,formal_s003_near_nyquist_050ps,33cb0c3fa41fd7e36148419da5c5bfdef2a6a6d3009088ecd4cf5b02f5353a85
D3_S004_LOW,D3_NOISE_PLUS_MISMATCH_MC200,TT_3P3_27C,4,100004,LOW,64,7,218750.0,50,ROBUST_GEAR,True,VALID_PASS,1,formal_s004_low_050ps,dfbe8c07ec295478d3d578bae063b5aefe9bf10ed3fab2c9b1e8fe21b1d8d8c5
D3_S004_NEAR_NYQUIST,D3_NOISE_PLUS_MISMATCH_MC200,TT_3P3_27C,4,100004,NEAR_NYQUIST,64,29,906250.0,50,ROBUST_GEAR,True,VALID_PASS,1,formal_s004_near_nyquist_050ps,99d52061bd0628a375cb256b396dbf776e60f0da5958361ea49fdfa67be58f7d
D3_S005_LOW,D3_NOISE_PLUS_MISMATCH_MC200,TT_3P3_27C,5,100005,LOW,64,7,218750.0,50,ROBUST_GEAR,True,VALID_PASS,1,formal_s005_low_050ps,b92eea209b97d1545af5cd450c5e59dc105547b9c6a042fc6ab46c8f336c1f91
D3_S005_NEAR_NYQUIST,D3_NOISE_PLUS_MISMATCH_MC200,TT_3P3_27C,5,100005,NEAR_NYQUIST,64,29,906250.0,50,ROBUST_GEAR,True,VALID_PASS,1,formal_s005_near_nyquist_050ps,ee485a22be9a0e7a34bc8d6d3cf445f645bcf8399feaa08ae48da9ac0129576c
D3_S006_LOW,D3_NOISE_PLUS_MISMATCH_MC200,TT_3P3_27C,6,100006,LOW,64,7,218750.0,50,ROBUST_GEAR,True,VALID_PASS,1,formal_s006_low_050ps,87813f91af84dcac79d7f56b269b7f40bb18b66faf409e152f6d7b46158ae8a5
D3_S006_NEAR_NYQUIST,D3_NOISE_PLUS_MISMATCH_MC200,TT_3P3_27C,6,100006,NEAR_NYQUIST,64,29,906250.0,50,ROBUST_GEAR,True,VALID_PASS,1,formal_s006_near_nyquist_050ps,6adad98032921f7efcaf0c3329bae3b4c799b2c67688f16c9990fb6b575192cb
D3_S007_LOW,D3_NOISE_PLUS_MISMATCH_MC200,TT_3P3_27C,7,100007,LOW,64,7,218750.0,50,ROBUST_GEAR,True,VALID_PASS,1,formal_s007_low_050ps,3ee473f4be872a82c1a7113635db3443024bb801ef43f1e89029b25ba8e13fda
D3_S007_NEAR_NYQUIST,D3_NOISE_PLUS_MISMATCH_MC200,TT_3P3_27C,7,100007,NEAR_NYQUIST,64,29,906250.0,50,ROBUST_GEAR,True,VALID_PASS,1,formal_s007_near_nyquist_050ps,a870431069d8095961c1c57ef6eebadb0528311bba3b072e86e67b6634402630
D3_S008_LOW,D3_NOISE_PLUS_MISMATCH_MC200,TT_3P3_27C,8,100008,LOW,64,7,218750.0,50,ROBUST_GEAR,True,VALID_PASS,1,formal_s008_low_050ps,7b95e535e4233165dd45a5a642bf67bb2a1395281161e989a6df06440b643896
D3_S008_NEAR_NYQUIST,D3_NOISE_PLUS_MISMATCH_MC200,TT_3P3_27C,8,100008,NEAR_NYQUIST,64,29,906250.0,50,ROBUST_GEAR,True,VALID_PASS,1,formal_s008_near_nyquist_050ps,6113142252cb433a4958dcfe9eed06907d97ae0ddb12d2c44d91c088141fdb32
D3_S009_LOW,D3_NOISE_PLUS_MISMATCH_MC200,TT_3P3_27C,9,100009,LOW,64,7,218750.0,50,ROBUST_GEAR,True,VALID_PASS,1,formal_s009_low_050ps,47c22a8eb82440cbb6a1a4ba9c69d6c1ebe124286047767685a6ac65aab3bfcf
D3_S009_NEAR_NYQUIST,D3_NOISE_PLUS_MISMATCH_MC200,TT_3P3_27C,9,100009,NEAR_NYQUIST,64,29,906250.0,50,ROBUST_GEAR,True,VALID_PASS,1,formal_s009_near_nyquist_050ps,9aa7480df8ca8cf6b025771c153bfd17757b12335137229959d4ae421f57d8c4
D3_S010_LOW,D3_NOISE_PLUS_MISMATCH_MC200,TT_3P3_27C,10,100010,LOW,64,7,218750.0,50,ROBUST_GEAR,True,VALID_PASS,1,formal_s010_low_050ps,1f94da2d9a010b41c7e70f9150a25634d3c6b81b8fcc02a4ab83201c7ad40473
D3_S010_NEAR_NYQUIST,D3_NOISE_PLUS_MISMATCH_MC200,TT_3P3_27C,10,100010,NEAR_NYQUIST,64,29,906250.0,50,ROBUST_GEAR,True,VALID_PASS,1,formal_s010_near_nyquist_050ps,85dc0d7c84134b19660525c2f4f85d40b804859d1487eb662e97fde537a6bc97
D3_S011_LOW,D3_NOISE_PLUS_MISMATCH_MC200,TT_3P3_27C,11,100011,LOW,64,7,218750.0,50,ROBUST_GEAR,True,VALID_PASS,1,formal_s011_low_050ps,eed60e0c3099902b152cc433e1b5e0ea7efb8720da209b7033a70b8365f0731f
D3_S011_NEAR_NYQUIST,D3_NOISE_PLUS_MISMATCH_MC200,TT_3P3_27C,11,100011,NEAR_NYQUIST,64,29,906250.0,50,ROBUST_GEAR,True,VALID_PASS,1,formal_s011_near_nyquist_050ps,71c2f7241ba1320bdd3a0cada9a28544f9c59accccc234c4eb9838e098a1bd2f
D3_S012_LOW,D3_NOISE_PLUS_MISMATCH_MC200,TT_3P3_27C,12,100012,LOW,64,7,218750.0,50,ROBUST_GEAR,True,VALID_FAIL,1,formal_s012_low_050ps,b5eef19f9d16c6fa5b24a4f566444b8e71cb2aea711f53c00c67e2a347817dfa
D3_S012_NEAR_NYQUIST,D3_NOISE_PLUS_MISMATCH_MC200,TT_3P3_27C,12,100012,NEAR_NYQUIST,64,29,906250.0,50,ROBUST_GEAR,True,VALID_PASS,1,formal_s012_near_nyquist_050ps,dde21431c7e04e41947bb5404efcea88367ef832e85bf93fad3dc0f06bba2278
D3_S013_LOW,D3_NOISE_PLUS_MISMATCH_MC200,TT_3P3_27C,13,100013,LOW,64,7,218750.0,50,ROBUST_GEAR,True,VALID_PASS,1,formal_s013_low_050ps,177323724e4c8eab5c9fe1f33f2d1746cce793b0cafeb32c218383ae9c26aa1e
D3_S013_NEAR_NYQUIST,D3_NOISE_PLUS_MISMATCH_MC200,TT_3P3_27C,13,100013,NEAR_NYQUIST,64,29,906250.0,50,ROBUST_GEAR,True,VALID_PASS,1,formal_s013_near_nyquist_050ps,1aa0729682dc9515c89115ca9eb5c7d62ba99f924741647a06b5997bf7f3827b
D3_S014_LOW,D3_NOISE_PLUS_MISMATCH_MC200,TT_3P3_27C,14,100014,LOW,64,7,218750.0,50,ROBUST_GEAR,True,VALID_PASS,1,formal_s014_low_050ps,bd101acb0ba5a02a51ae03a3ac7527fc31d10a68c2369bc9e9815f8d88277a9e
D3_S014_NEAR_NYQUIST,D3_NOISE_PLUS_MISMATCH_MC200,TT_3P3_27C,14,100014,NEAR_NYQUIST,64,29,906250.0,50,ROBUST_GEAR,True,VALID_PASS,1,formal_s014_near_nyquist_050ps,f257bbac27e4ab53436df77c7e935ef2cb11c05c93b47e0ef30e8eb352c1cf44
D3_S015_LOW,D3_NOISE_PLUS_MISMATCH_MC200,TT_3P3_27C,15,100015,LOW,64,7,218750.0,50,ROBUST_GEAR,True,VALID_FAIL,1,formal_s015_low_050ps,f67af91cf86dbc9fc2befe53d29fc4091fe76d7f06f04aace0b28f4c8839c31c
D3_S015_NEAR_NYQUIST,D3_NOISE_PLUS_MISMATCH_MC200,TT_3P3_27C,15,100015,NEAR_NYQUIST,64,29,906250.0,50,ROBUST_GEAR,True,VALID_PASS,1,formal_s015_near_nyquist_050ps,d92a89de4fca910d5e3c918b2afb82566497d730d67073d87e9cffe74167f0b1
D3_S016_LOW,D3_NOISE_PLUS_MISMATCH_MC200,TT_3P3_27C,16,100016,LOW,64,7,218750.0,50,ROBUST_GEAR,True,VALID_PASS,1,formal_s016_low_050ps,6d0308f1d03761382b18a143e9739b0566e2f1624b79f80e6fd9c39e8fb2e6f8
D3_S016_NEAR_NYQUIST,D3_NOISE_PLUS_MISMATCH_MC200,TT_3P3_27C,16,100016,NEAR_NYQUIST,64,29,906250.0,50,ROBUST_GEAR,True,VALID_PASS,1,formal_s016_near_nyquist_050ps,3a5830c94aeb721810ecd5b5e2e85d4920ff3cf7cf3ffdb00c2f82b7f6859a49
D3_S017_LOW,D3_NOISE_PLUS_MISMATCH_MC200,TT_3P3_27C,17,100017,LOW,64,7,218750.0,50,ROBUST_GEAR,True,VALID_PASS,1,formal_s017_low_050ps,862ad810b4a353dc521a88587726bcb66f32d8b95d06ae329d5932e43983bc94
D3_S017_NEAR_NYQUIST,D3_NOISE_PLUS_MISMATCH_MC200,TT_3P3_27C,17,100017,NEAR_NYQUIST,64,29,906250.0,50,ROBUST_GEAR,True,VALID_PASS,1,formal_s017_near_nyquist_050ps,68dadc36cf5cd7a63f8457b25485478e5d15bdad181d9fc59afb7f0b011468f5
D3_S018_LOW,D3_NOISE_PLUS_MISMATCH_MC200,TT_3P3_27C,18,100018,LOW,64,7,218750.0,50,ROBUST_GEAR,True,VALID_FAIL,1,formal_s018_low_050ps,b08c72ac0e040829e3dec16218c39ce185e45e3d58d35122067acbefcb1869d9
D3_S018_NEAR_NYQUIST,D3_NOISE_PLUS_MISMATCH_MC200,TT_3P3_27C,18,100018,NEAR_NYQUIST,64,29,906250.0,50,ROBUST_GEAR,True,VALID_PASS,1,formal_s018_near_nyquist_050ps,87338cf49fd4d61c30963513d8a195debcc8001dd98729c075a0ec061e5ededa
D3_S019_LOW,D3_NOISE_PLUS_MISMATCH_MC200,TT_3P3_27C,19,100019,LOW,64,7,218750.0,50,ROBUST_GEAR,True,VALID_FAIL,1,formal_s019_low_050ps,992dc0f95a6ca0e593d5a0e777db34389dc5e305bfa0a63dfeede1a2e31b57ec
D3_S019_NEAR_NYQUIST,D3_NOISE_PLUS_MISMATCH_MC200,TT_3P3_27C,19,100019,NEAR_NYQUIST,64,29,906250.0,50,ROBUST_GEAR,True,VALID_PASS,1,formal_s019_near_nyquist_050ps,69813222ea412883e9965b2ffb122216c5df035dec55f59eca6c0bc68656a788
D3_S020_LOW,D3_NOISE_PLUS_MISMATCH_MC200,TT_3P3_27C,20,100020,LOW,64,7,218750.0,50,ROBUST_GEAR,True,VALID_PASS,1,formal_s020_low_050ps,e5d5af6be7e7b907aecf4e34d401df1650b1746f06c1b253087b58935991cebd
D3_S020_NEAR_NYQUIST,D3_NOISE_PLUS_MISMATCH_MC200,TT_3P3_27C,20,100020,NEAR_NYQUIST,64,29,906250.0,50,ROBUST_GEAR,True,VALID_PASS,1,formal_s020_near_nyquist_050ps,07a921e14878fdeb0202646bd9134f65a8dfeb004d506b9aa3f27289642f121b
D3_S021_LOW,D3_NOISE_PLUS_MISMATCH_MC200,TT_3P3_27C,21,100021,LOW,64,7,218750.0,50,ROBUST_GEAR,True,VALID_FAIL,1,formal_s021_low_050ps,dfe3f5d557ca4c9f19a39a553f8c502bab415945d722b57607b068fb008174f9
D3_S021_NEAR_NYQUIST,D3_NOISE_PLUS_MISMATCH_MC200,TT_3P3_27C,21,100021,NEAR_NYQUIST,64,29,906250.0,50,ROBUST_GEAR,True,VALID_FAIL,1,formal_s021_near_nyquist_050ps,337dba51b51743493deb40a4b0283e10d70d19003c9fb0186bdc5452cfa2be01
D3_S022_LOW,D3_NOISE_PLUS_MISMATCH_MC200,TT_3P3_27C,22,100022,LOW,64,7,218750.0,50,ROBUST_GEAR,True,VALID_PASS,1,formal_s022_low_050ps,da189b1fda10e1a3740aab787c8ddcff936084e6ecdf1fb8ee0dc5d327b113c9
D3_S022_NEAR_NYQUIST,D3_NOISE_PLUS_MISMATCH_MC200,TT_3P3_27C,22,100022,NEAR_NYQUIST,64,29,906250.0,50,ROBUST_GEAR,True,VALID_FAIL,1,formal_s022_near_nyquist_050ps,2a4c6c06121e9d6bc32275f3172a78b4e7ee8fcd4d5778925ea0d635e8fa59c5
D3_S023_LOW,D3_NOISE_PLUS_MISMATCH_MC200,TT_3P3_27C,23,100023,LOW,64,7,218750.0,50,ROBUST_GEAR,True,VALID_PASS,1,formal_s023_low_050ps,02abc24d70b2c15524343026f9c94fcf8f89e8436e987d225f9fc611d5a70935
D3_S023_NEAR_NYQUIST,D3_NOISE_PLUS_MISMATCH_MC200,TT_3P3_27C,23,100023,NEAR_NYQUIST,64,29,906250.0,50,ROBUST_GEAR,True,VALID_FAIL,1,formal_s023_near_nyquist_050ps,fabeb2943e2b729c338d273a7ec9afe50995f5e1dc3bf3a1370eccecdffe9c4f
D3_S024_LOW,D3_NOISE_PLUS_MISMATCH_MC200,TT_3P3_27C,24,100024,LOW,64,7,218750.0,50,ROBUST_GEAR,True,VALID_PASS,1,formal_s024_low_050ps,7c52013b5eea0ef681ba823cda429aba93d1bb383c3f587c64ad1f0c700562b2
D3_S024_NEAR_NYQUIST,D3_NOISE_PLUS_MISMATCH_MC200,TT_3P3_27C,24,100024,NEAR_NYQUIST,64,29,906250.0,50,ROBUST_GEAR,True,VALID_PASS,1,formal_s024_near_nyquist_050ps,91d62e4ed00756f958382e22053a80daca71423dd46cd691026dd57442cae7ae
D3_S025_LOW,D3_NOISE_PLUS_MISMATCH_MC200,TT_3P3_27C,25,100025,LOW,64,7,218750.0,50,ROBUST_GEAR,True,VALID_PASS,1,formal_s025_low_050ps,81b846c8706a65f8b2e4f2e8ae68ceaef8dcaea25ac2f223a6f02db3c3ff0914
D3_S025_NEAR_NYQUIST,D3_NOISE_PLUS_MISMATCH_MC200,TT_3P3_27C,25,100025,NEAR_NYQUIST,64,29,906250.0,50,ROBUST_GEAR,True,VALID_PASS,1,formal_s025_near_nyquist_050ps,6d37d2a1fc81fe4037fb77e5dc45342a83e0afae4ed3bfe8d2520887fc7428cf
D3_S026_LOW,D3_NOISE_PLUS_MISMATCH_MC200,TT_3P3_27C,26,100026,LOW,64,7,218750.0,50,ROBUST_GEAR,True,VALID_FAIL,1,formal_s026_low_050ps,5bcbfd9ba8246653163fc199f8355bf8c07547eab8948dae1ebc89ffb0428c02
D3_S026_NEAR_NYQUIST,D3_NOISE_PLUS_MISMATCH_MC200,TT_3P3_27C,26,100026,NEAR_NYQUIST,64,29,906250.0,50,ROBUST_GEAR,True,VALID_FAIL,1,formal_s026_near_nyquist_050ps,bbf65ba5f42d2360f1f2c1a86cf6815af310487decb6c1651190dc63cef5fba7
D3_S027_LOW,D3_NOISE_PLUS_MISMATCH_MC200,TT_3P3_27C,27,100027,LOW,64,7,218750.0,50,ROBUST_GEAR,True,VALID_PASS,1,formal_s027_low_050ps,cbe1b58f40a090e627d8b5f2404a712ebcc1cff36d09f5a5d6652dcb1693505a
D3_S027_NEAR_NYQUIST,D3_NOISE_PLUS_MISMATCH_MC200,TT_3P3_27C,27,100027,NEAR_NYQUIST,64,29,906250.0,50,ROBUST_GEAR,True,VALID_PASS,1,formal_s027_near_nyquist_050ps,4d539f93ad698b9be3f5523c6daa46088a8accf47afdb7d39f18b63910a4846c
D3_S028_LOW,D3_NOISE_PLUS_MISMATCH_MC200,TT_3P3_27C,28,100028,LOW,64,7,218750.0,50,ROBUST_GEAR,True,VALID_PASS,1,formal_s028_low_050ps,2105b3bf78e71bdcea09f42ae5256f755391984c2be00cf274c48a7cfed7a7a9
D3_S028_NEAR_NYQUIST,D3_NOISE_PLUS_MISMATCH_MC200,TT_3P3_27C,28,100028,NEAR_NYQUIST,64,29,906250.0,50,ROBUST_GEAR,True,VALID_PASS,1,formal_s028_near_nyquist_050ps,3bba7a04c2b49edd06b7a8379d166e6fc938609c875bc1e5d5c5ab257af31602
D3_S029_LOW,D3_NOISE_PLUS_MISMATCH_MC200,TT_3P3_27C,29,100029,LOW,64,7,218750.0,50,ROBUST_GEAR,True,VALID_PASS,1,formal_s029_low_050ps,040808ed1850b81ab116ce2caf21773477853d3b8efbcdf116883ef2098aeb9d
D3_S029_NEAR_NYQUIST,D3_NOISE_PLUS_MISMATCH_MC200,TT_3P3_27C,29,100029,NEAR_NYQUIST,64,29,906250.0,50,ROBUST_GEAR,True,VALID_PASS,1,formal_s029_near_nyquist_050ps,606b724ca1ff77c995b8cecb3d4516f357e4aa0ebce03204c3ffd7fe03d6a3e5
D3_S030_LOW,D3_NOISE_PLUS_MISMATCH_MC200,TT_3P3_27C,30,100030,LOW,64,7,218750.0,50,ROBUST_GEAR,True,VALID_PASS,1,formal_s030_low_050ps,87e5da546177efabc502a88e629a504abd82a85380500e42089e9cdc8bb4d192
D3_S030_NEAR_NYQUIST,D3_NOISE_PLUS_MISMATCH_MC200,TT_3P3_27C,30,100030,NEAR_NYQUIST,64,29,906250.0,50,ROBUST_GEAR,True,VALID_PASS,1,formal_s030_near_nyquist_050ps,3009232bd32aaad934340f13bbb8800d52d3f6d107aa9fd3f98b972035b7cdd5
D3_S031_LOW,D3_NOISE_PLUS_MISMATCH_MC200,TT_3P3_27C,31,100031,LOW,64,7,218750.0,50,ROBUST_GEAR,True,VALID_PASS,1,formal_s031_low_050ps,db71b829d980b8e67ffad210b9f310780e63587a8cbcdf79bef075532c9318dd
D3_S031_NEAR_NYQUIST,D3_NOISE_PLUS_MISMATCH_MC200,TT_3P3_27C,31,100031,NEAR_NYQUIST,64,29,906250.0,50,ROBUST_GEAR,True,VALID_PASS,1,formal_s031_near_nyquist_050ps,dba1b7cc32786c87350fe36a2036c2076e23ec0f74620db284eea198b0f96f21
D3_S032_LOW,D3_NOISE_PLUS_MISMATCH_MC200,TT_3P3_27C,32,100032,LOW,64,7,218750.0,50,ROBUST_GEAR,True,VALID_PASS,1,formal_s032_low_050ps,6499ae489ea781afd203df125ac2e045516f677d0f5e9e61bf97f7d1813f695e
D3_S032_NEAR_NYQUIST,D3_NOISE_PLUS_MISMATCH_MC200,TT_3P3_27C,32,100032,NEAR_NYQUIST,64,29,906250.0,50,ROBUST_GEAR,True,VALID_PASS,1,formal_s032_near_nyquist_050ps,516c74b1f0309eab062395a16d2255500fe11e924143a1d6820f18e1830230d9
D3_S033_LOW,D3_NOISE_PLUS_MISMATCH_MC200,TT_3P3_27C,33,100033,LOW,64,7,218750.0,50,ROBUST_GEAR,True,VALID_PASS,1,formal_s033_low_050ps,15bb7909849ea5563ce6591b2a7f77c8498f7ee8731351cf057e958ea4104e2b
D3_S033_NEAR_NYQUIST,D3_NOISE_PLUS_MISMATCH_MC200,TT_3P3_27C,33,100033,NEAR_NYQUIST,64,29,906250.0,50,ROBUST_GEAR,True,VALID_PASS,1,formal_s033_near_nyquist_050ps,994ece8c31f9cd66a6b9846bef5b141c01f5ec22ce026cae7db8f01157999fe7
D3_S034_LOW,D3_NOISE_PLUS_MISMATCH_MC200,TT_3P3_27C,34,100034,LOW,64,7,218750.0,50,ROBUST_GEAR,True,VALID_PASS,1,formal_s034_low_050ps,b144fe38838f34404e87332a4e401ced14a0b280882d468d76354a00c4592ef1
D3_S034_NEAR_NYQUIST,D3_NOISE_PLUS_MISMATCH_MC200,TT_3P3_27C,34,100034,NEAR_NYQUIST,64,29,906250.0,50,ROBUST_GEAR,True,VALID_PASS,1,formal_s034_near_nyquist_050ps,1978e6edb13c13a3229154c564303068c6750ac3437b22674360bb99d7414582
D3_S035_LOW,D3_NOISE_PLUS_MISMATCH_MC200,TT_3P3_27C,35,100035,LOW,64,7,218750.0,50,ROBUST_GEAR,True,VALID_PASS,1,formal_s035_low_050ps,5e486c7bdd8d0ba113c08c99784600416c7d586b6c41d75665ac185f9464e4d7
D3_S035_NEAR_NYQUIST,D3_NOISE_PLUS_MISMATCH_MC200,TT_3P3_27C,35,100035,NEAR_NYQUIST,64,29,906250.0,50,ROBUST_GEAR,True,VALID_PASS,1,formal_s035_near_nyquist_050ps,eca809e9a138d6cde225f0e72bca9fcf09dc1144506be4f8dca1a38e4fadd3a7
D3_S036_LOW,D3_NOISE_PLUS_MISMATCH_MC200,TT_3P3_27C,36,100036,LOW,64,7,218750.0,50,ROBUST_GEAR,True,VALID_FAIL,1,formal_s036_low_050ps,c34d3ab2c49d28485f91b7af5acaed0d897c7516e31ba2807104c9287b044a07
D3_S036_NEAR_NYQUIST,D3_NOISE_PLUS_MISMATCH_MC200,TT_3P3_27C,36,100036,NEAR_NYQUIST,64,29,906250.0,50,ROBUST_GEAR,True,VALID_FAIL,1,formal_s036_near_nyquist_050ps,7f72b02e0a9c645d52d2854548e517f1a46d2b6cf8d1a32ab6cbd9ea7ccd9c27
D3_S037_LOW,D3_NOISE_PLUS_MISMATCH_MC200,TT_3P3_27C,37,100037,LOW,64,7,218750.0,50,ROBUST_GEAR,True,VALID_PASS,1,formal_s037_low_050ps,3831f0bbea69e0e482e0e20e55a25c89c627e1c0e9687da23ffca75f36d953b4
D3_S037_NEAR_NYQUIST,D3_NOISE_PLUS_MISMATCH_MC200,TT_3P3_27C,37,100037,NEAR_NYQUIST,64,29,906250.0,50,ROBUST_GEAR,True,VALID_PASS,1,formal_s037_near_nyquist_050ps,09bec09b89b993a8902f8e2d0dcec8ef3ab122647e760a081666a47ba4e96273
D3_S038_LOW,D3_NOISE_PLUS_MISMATCH_MC200,TT_3P3_27C,38,100038,LOW,64,7,218750.0,50,ROBUST_GEAR,True,VALID_PASS,1,formal_s038_low_050ps,791356ec0c554c145f5cc2e4a72daae22c88884da639cbe6f638c4c212d6bc13
D3_S038_NEAR_NYQUIST,D3_NOISE_PLUS_MISMATCH_MC200,TT_3P3_27C,38,100038,NEAR_NYQUIST,64,29,906250.0,50,ROBUST_GEAR,True,VALID_PASS,1,formal_s038_near_nyquist_050ps,398147787e22c633c43712ff7b8287a84fdf1d35cc96f0aef41919496c28eea1
D3_S039_LOW,D3_NOISE_PLUS_MISMATCH_MC200,TT_3P3_27C,39,100039,LOW,64,7,218750.0,50,ROBUST_GEAR,True,VALID_PASS,1,formal_s039_low_050ps,12fd32ea9109f3d1fe3eb0c4dfc4f36299c86c70a700aac7048075ea14e0cd9e
D3_S039_NEAR_NYQUIST,D3_NOISE_PLUS_MISMATCH_MC200,TT_3P3_27C,39,100039,NEAR_NYQUIST,64,29,906250.0,50,ROBUST_GEAR,True,VALID_PASS,1,formal_s039_near_nyquist_050ps,6eed82e6f87dd27500f7b5bfa8f4b230a4b2246851e8095bc03bfa4a728315e6
D3_S040_LOW,D3_NOISE_PLUS_MISMATCH_MC200,TT_3P3_27C,40,100040,LOW,64,7,218750.0,50,ROBUST_GEAR,True,VALID_PASS,1,formal_s040_low_050ps,5142bb6d9bdc6e023f3d6683a6dac94b6f194306ee7bd6b8f1ed6b9022e4efd5
D3_S040_NEAR_NYQUIST,D3_NOISE_PLUS_MISMATCH_MC200,TT_3P3_27C,40,100040,NEAR_NYQUIST,64,29,906250.0,50,ROBUST_GEAR,True,VALID_PASS,1,formal_s040_near_nyquist_050ps,685638e996ae03a03b1be7f1df82dc5a6a68ff8c253aaf1bf90112dac447d2da
D3_S041_LOW,D3_NOISE_PLUS_MISMATCH_MC200,TT_3P3_27C,41,100041,LOW,64,7,218750.0,50,ROBUST_GEAR,True,VALID_PASS,1,formal_s041_low_050ps,3aab6663960b4d58008a3b6daa0acc8fea9a0e49f862addb12e87323102d30cf
D3_S041_NEAR_NYQUIST,D3_NOISE_PLUS_MISMATCH_MC200,TT_3P3_27C,41,100041,NEAR_NYQUIST,64,29,906250.0,50,ROBUST_GEAR,True,VALID_PASS,1,formal_s041_near_nyquist_050ps,ed1706fc9ed4184e6d0a503ca742746e53876f46f86e779c6408ed1b35dc3f62
D3_S042_LOW,D3_NOISE_PLUS_MISMATCH_MC200,TT_3P3_27C,42,100042,LOW,64,7,218750.0,50,ROBUST_GEAR,True,VALID_PASS,1,formal_s042_low_050ps,d33bdfd740fa55447891e23d0f9f184462e209e578ee11ead13ba92741370bb4
D3_S042_NEAR_NYQUIST,D3_NOISE_PLUS_MISMATCH_MC200,TT_3P3_27C,42,100042,NEAR_NYQUIST,64,29,906250.0,50,ROBUST_GEAR,True,VALID_PASS,1,formal_s042_near_nyquist_050ps,a549c5c4ae78816e446210f5daea248a2ab8880fd7ff75d28cf09d628e571ab6
D3_S043_LOW,D3_NOISE_PLUS_MISMATCH_MC200,TT_3P3_27C,43,100043,LOW,64,7,218750.0,50,ROBUST_GEAR,True,VALID_PASS,1,formal_s043_low_050ps,cb7e0134bb08326679b1dffdc1eee21c91128cd0d6811bfe447626a6efcfe839
D3_S043_NEAR_NYQUIST,D3_NOISE_PLUS_MISMATCH_MC200,TT_3P3_27C,43,100043,NEAR_NYQUIST,64,29,906250.0,50,ROBUST_GEAR,True,VALID_PASS,1,formal_s043_near_nyquist_050ps,9c7004696800f9b7b21b075dfc57e8901f39b0f710f5eabd7e78c64d3891b052
D3_S044_LOW,D3_NOISE_PLUS_MISMATCH_MC200,TT_3P3_27C,44,100044,LOW,64,7,218750.0,50,ROBUST_GEAR,True,VALID_FAIL,1,formal_s044_low_050ps,6a98518ae72646f233191e171c80073592bd1f14ad7fce7d40fca5f98ccf1926
D3_S044_NEAR_NYQUIST,D3_NOISE_PLUS_MISMATCH_MC200,TT_3P3_27C,44,100044,NEAR_NYQUIST,64,29,906250.0,50,ROBUST_GEAR,True,VALID_FAIL,1,formal_s044_near_nyquist_050ps,4c8fa5c471a1d1665a7be2f4322ef3578286baa4e8c717c9f5d2502c5f52315e
D3_S045_LOW,D3_NOISE_PLUS_MISMATCH_MC200,TT_3P3_27C,45,100045,LOW,64,7,218750.0,50,ROBUST_GEAR,True,VALID_FAIL,1,formal_s045_low_050ps,4ac12d027be17154f0402501eb75739d49d50d5283868c93be3635dccbdb5d04
D3_S045_NEAR_NYQUIST,D3_NOISE_PLUS_MISMATCH_MC200,TT_3P3_27C,45,100045,NEAR_NYQUIST,64,29,906250.0,50,ROBUST_GEAR,True,VALID_PASS,1,formal_s045_near_nyquist_050ps,2d43e3a8595af7b64c3e5fc085ee568822b6aff2364011672e68cc6b08963352
D3_S046_LOW,D3_NOISE_PLUS_MISMATCH_MC200,TT_3P3_27C,46,100046,LOW,64,7,218750.0,50,ROBUST_GEAR,True,VALID_PASS,1,formal_s046_low_050ps,b7a112ebc173dcbc30826316aa33c3045bcf7e61e66cb89b7d50f08ec747df4f
D3_S046_NEAR_NYQUIST,D3_NOISE_PLUS_MISMATCH_MC200,TT_3P3_27C,46,100046,NEAR_NYQUIST,64,29,906250.0,50,ROBUST_GEAR,True,VALID_PASS,1,formal_s046_near_nyquist_050ps,7d33953913ae28c90fef49cd18db7566a5892d5932bf3acc329f23a9db5570a7
D3_S047_LOW,D3_NOISE_PLUS_MISMATCH_MC200,TT_3P3_27C,47,100047,LOW,64,7,218750.0,50,ROBUST_GEAR,True,VALID_PASS,1,formal_s047_low_050ps,57bb79c88e495b45c08001bc78df659e39b4d00fd249bc27ea8471a6faa63a6f
D3_S047_NEAR_NYQUIST,D3_NOISE_PLUS_MISMATCH_MC200,TT_3P3_27C,47,100047,NEAR_NYQUIST,64,29,906250.0,50,ROBUST_GEAR,True,VALID_FAIL,1,formal_s047_near_nyquist_050ps,1b8f85f3f43c25f0e0f4698efe2f73f874093d638aaca5a99d9a850abd21699d
D3_S048_LOW,D3_NOISE_PLUS_MISMATCH_MC200,TT_3P3_27C,48,100048,LOW,64,7,218750.0,50,ROBUST_GEAR,True,VALID_PASS,1,formal_s048_low_050ps,9ca8c09bb9758ba46a02759bedc5888d962ab74cc6275380c77a8c96f30de8cc
D3_S048_NEAR_NYQUIST,D3_NOISE_PLUS_MISMATCH_MC200,TT_3P3_27C,48,100048,NEAR_NYQUIST,64,29,906250.0,50,ROBUST_GEAR,True,VALID_PASS,1,formal_s048_near_nyquist_050ps,5c2d8d890f87982fa73666714eadaa63bfef2011e0956f85e5c87e5449c2a9dc
D3_S049_LOW,D3_NOISE_PLUS_MISMATCH_MC200,TT_3P3_27C,49,100049,LOW,64,7,218750.0,50,ROBUST_GEAR,True,VALID_PASS,1,formal_s049_low_050ps,1672819e8c1964e98c222fd5cbb144a1e04cc99091ef9ceec51d07274d94fe04
D3_S049_NEAR_NYQUIST,D3_NOISE_PLUS_MISMATCH_MC200,TT_3P3_27C,49,100049,NEAR_NYQUIST,64,29,906250.0,50,ROBUST_GEAR,True,VALID_FAIL,1,formal_s049_near_nyquist_050ps,5827afb1dc6c10e40105f2e58fad372d39a693c76af5ff072abedd2567375304
D3_S050_LOW,D3_NOISE_PLUS_MISMATCH_MC200,TT_3P3_27C,50,100050,LOW,64,7,218750.0,50,ROBUST_GEAR,True,VALID_PASS,1,formal_s050_low_050ps,c4a170726b6cf91d22965a363460a79a62e9fc61c35e43dadde8afd3884ab78c
D3_S050_NEAR_NYQUIST,D3_NOISE_PLUS_MISMATCH_MC200,TT_3P3_27C,50,100050,NEAR_NYQUIST,64,29,906250.0,50,ROBUST_GEAR,True,VALID_PASS,1,formal_s050_near_nyquist_050ps,91dd942d5eb1cabb2bb843a40896099c8553886f83974273986f1bf305b85312
D3_S051_LOW,D3_NOISE_PLUS_MISMATCH_MC200,TT_3P3_27C,51,100051,LOW,64,7,218750.0,50,ROBUST_GEAR,True,VALID_PASS,1,formal_s051_low_050ps,d5218103dda41602339d8302a4fdd9b6ea211c0c2b52ae31c4a793b492f82ece
D3_S051_NEAR_NYQUIST,D3_NOISE_PLUS_MISMATCH_MC200,TT_3P3_27C,51,100051,NEAR_NYQUIST,64,29,906250.0,50,ROBUST_GEAR,True,VALID_PASS,1,formal_s051_near_nyquist_050ps,c28a10bb43077f35349cfbf488205d87348a5a05bd1821217f68e47411ca4053
D3_S052_LOW,D3_NOISE_PLUS_MISMATCH_MC200,TT_3P3_27C,52,100052,LOW,64,7,218750.0,50,ROBUST_GEAR,True,VALID_PASS,1,formal_s052_low_050ps,b822559c64df23066114daaa46dc75068f421b6c1a90fa28ef5c7bc5516e6bc2
D3_S052_NEAR_NYQUIST,D3_NOISE_PLUS_MISMATCH_MC200,TT_3P3_27C,52,100052,NEAR_NYQUIST,64,29,906250.0,50,ROBUST_GEAR,True,VALID_PASS,1,formal_s052_near_nyquist_050ps,4059c7c95729ba5ea7dea78f7fdafda76643e911888ac8f8d51d049f523fcf68
D3_S053_LOW,D3_NOISE_PLUS_MISMATCH_MC200,TT_3P3_27C,53,100053,LOW,64,7,218750.0,50,ROBUST_GEAR,True,VALID_FAIL,1,formal_s053_low_050ps,14b74a0828d07ac08dbfd23e68588b47619f5328af92b0e4ff1182279e6db257
D3_S053_NEAR_NYQUIST,D3_NOISE_PLUS_MISMATCH_MC200,TT_3P3_27C,53,100053,NEAR_NYQUIST,64,29,906250.0,50,ROBUST_GEAR,True,VALID_PASS,1,formal_s053_near_nyquist_050ps,e07e5e415d6027249a1b13d415c96d480a3eb2a62dfdfb2bb5c70c3ef0d41355
D3_S054_LOW,D3_NOISE_PLUS_MISMATCH_MC200,TT_3P3_27C,54,100054,LOW,64,7,218750.0,50,ROBUST_GEAR,True,VALID_PASS,1,formal_s054_low_050ps,5b6d5ec14880262a0505213b835b340e8fe936b4ff11eda6531cedf2492d3688
D3_S054_NEAR_NYQUIST,D3_NOISE_PLUS_MISMATCH_MC200,TT_3P3_27C,54,100054,NEAR_NYQUIST,64,29,906250.0,50,ROBUST_GEAR,True,VALID_PASS,1,formal_s054_near_nyquist_050ps,b48d565383c24fb256e58fb8ced064cc0a8227c003783fa09ade9da44d17ed96
D3_S055_LOW,D3_NOISE_PLUS_MISMATCH_MC200,TT_3P3_27C,55,100055,LOW,64,7,218750.0,50,ROBUST_GEAR,True,VALID_PASS,1,formal_s055_low_050ps,72bdb6ffa830e2e3095a1944783b570652b94e9db1a18acd7a614ebe10e1fdd0
D3_S055_NEAR_NYQUIST,D3_NOISE_PLUS_MISMATCH_MC200,TT_3P3_27C,55,100055,NEAR_NYQUIST,64,29,906250.0,50,ROBUST_GEAR,True,VALID_PASS,1,formal_s055_near_nyquist_050ps,08b4bc99dfedb069ab6ce0f02927c88728a379e2352016dbacca081dc4bdec52
D3_S056_LOW,D3_NOISE_PLUS_MISMATCH_MC200,TT_3P3_27C,56,100056,LOW,64,7,218750.0,50,ROBUST_GEAR,True,VALID_PASS,1,formal_s056_low_050ps,46aaa0bf6b1c5ba9a1b43d9ac410d2a062f0e7008c72354fc7efe0cf882b971f
D3_S056_NEAR_NYQUIST,D3_NOISE_PLUS_MISMATCH_MC200,TT_3P3_27C,56,100056,NEAR_NYQUIST,64,29,906250.0,50,ROBUST_GEAR,True,VALID_PASS,1,formal_s056_near_nyquist_050ps,d7b6581720caa017daf116769d2ca81b46e7c7f96919085d1d2925b749e23821
D3_S057_LOW,D3_NOISE_PLUS_MISMATCH_MC200,TT_3P3_27C,57,100057,LOW,64,7,218750.0,50,ROBUST_GEAR,True,VALID_PASS,1,formal_s057_low_050ps,8c9a20391a9813933f7002233fded61b6c723798fd3e4e1920099937fc268fab
D3_S057_NEAR_NYQUIST,D3_NOISE_PLUS_MISMATCH_MC200,TT_3P3_27C,57,100057,NEAR_NYQUIST,64,29,906250.0,50,ROBUST_GEAR,True,VALID_PASS,1,formal_s057_near_nyquist_050ps,3d79aef2dc6920aab0aa0ba43052a2d86f164dd4e42a7f0ba14ef0838ed24f33
D3_S058_LOW,D3_NOISE_PLUS_MISMATCH_MC200,TT_3P3_27C,58,100058,LOW,64,7,218750.0,50,ROBUST_GEAR,True,VALID_PASS,1,formal_s058_low_050ps,3755aed05d876ee40ef84f55c19e0d999fcb391cd00c070df79b0246b9acb51e
D3_S058_NEAR_NYQUIST,D3_NOISE_PLUS_MISMATCH_MC200,TT_3P3_27C,58,100058,NEAR_NYQUIST,64,29,906250.0,50,ROBUST_GEAR,True,VALID_PASS,1,formal_s058_near_nyquist_050ps,030574437669c7511e56e9bb7c10eb30bfe56c6400554a12da3aadf4566b6846
D3_S059_LOW,D3_NOISE_PLUS_MISMATCH_MC200,TT_3P3_27C,59,100059,LOW,64,7,218750.0,50,ROBUST_GEAR,True,VALID_PASS,1,formal_s059_low_050ps,1b8d2f894b043d47bc5faec36cf26ca35af93dcb81857bccfc1e94e161d3963d
D3_S059_NEAR_NYQUIST,D3_NOISE_PLUS_MISMATCH_MC200,TT_3P3_27C,59,100059,NEAR_NYQUIST,64,29,906250.0,50,ROBUST_GEAR,True,VALID_PASS,1,formal_s059_near_nyquist_050ps,b62e7cb0e41676bb8b20a942e190e1287f4fa8e68fdac813b2b6541642040371
D3_S060_LOW,D3_NOISE_PLUS_MISMATCH_MC200,TT_3P3_27C,60,100060,LOW,64,7,218750.0,50,ROBUST_GEAR,True,VALID_PASS,1,formal_s060_low_050ps,82ed0127724f19f944ea0360dbf605e6925ff1ef58469b1ff2296d1b008678a8
D3_S060_NEAR_NYQUIST,D3_NOISE_PLUS_MISMATCH_MC200,TT_3P3_27C,60,100060,NEAR_NYQUIST,64,29,906250.0,50,ROBUST_GEAR,True,VALID_PASS,1,formal_s060_near_nyquist_050ps,2b642dc1a146857816c105f95f0db645c1420fac326b39adcb70a83154248ffd
D3_S061_LOW,D3_NOISE_PLUS_MISMATCH_MC200,TT_3P3_27C,61,100061,LOW,64,7,218750.0,50,ROBUST_GEAR,True,VALID_PASS,1,formal_s061_low_050ps,f9f7a39fabb137387fc9cbb207c506d47fd4e6b31b54ff544ad2438792e67c0b
D3_S061_NEAR_NYQUIST,D3_NOISE_PLUS_MISMATCH_MC200,TT_3P3_27C,61,100061,NEAR_NYQUIST,64,29,906250.0,50,ROBUST_GEAR,True,VALID_PASS,1,formal_s061_near_nyquist_050ps,f1184f5dfaa1354f764aa8c8d4842b16f617542526cd4799382d16c68753474f
D3_S062_LOW,D3_NOISE_PLUS_MISMATCH_MC200,TT_3P3_27C,62,100062,LOW,64,7,218750.0,50,ROBUST_GEAR,True,VALID_PASS,1,formal_s062_low_050ps,e51ec05e6957f89869e989b5b05bc9f8efb2f4a177a88759d0bd5dbf4d01f4cd
D3_S062_NEAR_NYQUIST,D3_NOISE_PLUS_MISMATCH_MC200,TT_3P3_27C,62,100062,NEAR_NYQUIST,64,29,906250.0,50,ROBUST_GEAR,True,VALID_PASS,1,formal_s062_near_nyquist_050ps,c562b44e4a8100746651e060d4928e93f4ef2e25630cf28584d3c7e15f2face8
D3_S063_LOW,D3_NOISE_PLUS_MISMATCH_MC200,TT_3P3_27C,63,100063,LOW,64,7,218750.0,50,ROBUST_GEAR,True,VALID_PASS,1,formal_s063_low_050ps,a7eae18dd7fd0831f62f583c588fb4d8f28a1622a0d92fbe10c0e939f2f53f56
D3_S063_NEAR_NYQUIST,D3_NOISE_PLUS_MISMATCH_MC200,TT_3P3_27C,63,100063,NEAR_NYQUIST,64,29,906250.0,50,ROBUST_GEAR,True,VALID_PASS,1,formal_s063_near_nyquist_050ps,26100bbd39389ad99d22e8487ca110e9c7e4faf323df3e14aac2340c1d2a960c
D3_S064_LOW,D3_NOISE_PLUS_MISMATCH_MC200,TT_3P3_27C,64,100064,LOW,64,7,218750.0,50,ROBUST_GEAR,True,VALID_PASS,1,formal_s064_low_050ps,13fa6ee36daa917d393651c470fed02371111d9952555461188732158fd8e07a
D3_S064_NEAR_NYQUIST,D3_NOISE_PLUS_MISMATCH_MC200,TT_3P3_27C,64,100064,NEAR_NYQUIST,64,29,906250.0,50,ROBUST_GEAR,True,VALID_FAIL,1,formal_s064_near_nyquist_050ps,fd0e80d394262ece5de6ddcba52fce8cd4b6554fa3212da8bb81d53cc91a7572
D3_S065_LOW,D3_NOISE_PLUS_MISMATCH_MC200,TT_3P3_27C,65,100065,LOW,64,7,218750.0,50,ROBUST_GEAR,True,VALID_FAIL,1,formal_s065_low_050ps,c2a3fd86b66f1698bffc72a84cf956fb19f261032ff258b2e5be8980cdae3d6c
D3_S065_NEAR_NYQUIST,D3_NOISE_PLUS_MISMATCH_MC200,TT_3P3_27C,65,100065,NEAR_NYQUIST,64,29,906250.0,50,ROBUST_GEAR,True,VALID_FAIL,1,formal_s065_near_nyquist_050ps,c34b093b19fce560ef1ac1370190a23a5c6e8fbac10f14f2a8e0a50ef042c6d4
D3_S066_LOW,D3_NOISE_PLUS_MISMATCH_MC200,TT_3P3_27C,66,100066,LOW,64,7,218750.0,50,ROBUST_GEAR,True,VALID_PASS,1,formal_s066_low_050ps,7f7c7d164a5d8103ed40f6592a08185a699eae908f4f0d4dbbad3feee3248ee1
D3_S066_NEAR_NYQUIST,D3_NOISE_PLUS_MISMATCH_MC200,TT_3P3_27C,66,100066,NEAR_NYQUIST,64,29,906250.0,50,ROBUST_GEAR,True,VALID_PASS,1,formal_s066_near_nyquist_050ps,10c2e21465e54773d6a579030f488a1958aeb4152aed8990777bfd33a23442da
D3_S067_LOW,D3_NOISE_PLUS_MISMATCH_MC200,TT_3P3_27C,67,100067,LOW,64,7,218750.0,50,ROBUST_GEAR,True,VALID_PASS,1,formal_s067_low_050ps,038357e5306ba4929b67c6b61b4688b5b89a77e6c13dc138dcd150623d34995f
D3_S067_NEAR_NYQUIST,D3_NOISE_PLUS_MISMATCH_MC200,TT_3P3_27C,67,100067,NEAR_NYQUIST,64,29,906250.0,50,ROBUST_GEAR,True,VALID_PASS,1,formal_s067_near_nyquist_050ps,dbc035d37186d3ca60f6dce5324fa1e4949e10c6d1a0ed0f8fe69334bb1f0d10
D3_S068_LOW,D3_NOISE_PLUS_MISMATCH_MC200,TT_3P3_27C,68,100068,LOW,64,7,218750.0,50,ROBUST_GEAR,True,VALID_PASS,1,formal_s068_low_050ps,946f0bac23c1837f709da8b12496706bd2a25a30415e19bdcc646cc3f6837899
D3_S068_NEAR_NYQUIST,D3_NOISE_PLUS_MISMATCH_MC200,TT_3P3_27C,68,100068,NEAR_NYQUIST,64,29,906250.0,50,ROBUST_GEAR,True,VALID_PASS,1,formal_s068_near_nyquist_050ps,8806f011e215c9d3414a2d9f542c58dedb67ac4389d1ab01518364b67b59d9c2
D3_S069_LOW,D3_NOISE_PLUS_MISMATCH_MC200,TT_3P3_27C,69,100069,LOW,64,7,218750.0,50,ROBUST_GEAR,True,VALID_PASS,1,formal_s069_low_050ps,54bca493df4342d52d15b78b7dd5820345fa8f9f2d57a15bdb2d84ec2bce3ce6
D3_S069_NEAR_NYQUIST,D3_NOISE_PLUS_MISMATCH_MC200,TT_3P3_27C,69,100069,NEAR_NYQUIST,64,29,906250.0,50,ROBUST_GEAR,True,VALID_PASS,1,formal_s069_near_nyquist_050ps,1e213452885589b4cf560fe74e49a6e98854ca3e98f3fd7febbf21601d345387
D3_S070_LOW,D3_NOISE_PLUS_MISMATCH_MC200,TT_3P3_27C,70,100070,LOW,64,7,218750.0,50,ROBUST_GEAR,True,VALID_PASS,1,formal_s070_low_050ps,8a9a75327c87999a8612e2955659892692121a8158ab722b3c4981807c5385c9
D3_S070_NEAR_NYQUIST,D3_NOISE_PLUS_MISMATCH_MC200,TT_3P3_27C,70,100070,NEAR_NYQUIST,64,29,906250.0,50,ROBUST_GEAR,True,VALID_FAIL,1,formal_s070_near_nyquist_050ps,1f5614876717d0240f20fe1490a3c6a9eff00d29e4da631b994b40d4893430f9
D3_S071_LOW,D3_NOISE_PLUS_MISMATCH_MC200,TT_3P3_27C,71,100071,LOW,64,7,218750.0,50,ROBUST_GEAR,True,VALID_FAIL,1,formal_s071_low_050ps,655542f118c748962a2d0fb1cf5ed3b9d29f4183c4c2f5b1b8efba47648dae30
D3_S071_NEAR_NYQUIST,D3_NOISE_PLUS_MISMATCH_MC200,TT_3P3_27C,71,100071,NEAR_NYQUIST,64,29,906250.0,50,ROBUST_GEAR,True,VALID_FAIL,1,formal_s071_near_nyquist_050ps,2bbf0b085c0e1e0077bb7382f457eb8e024bab3db50b2487646f009099b9d4b9
D3_S072_LOW,D3_NOISE_PLUS_MISMATCH_MC200,TT_3P3_27C,72,100072,LOW,64,7,218750.0,50,ROBUST_GEAR,True,VALID_FAIL,1,formal_s072_low_050ps,4e6c25642b43562e5316d8d43fe7aaa780329496f728dcd57f3b8c8149f39771
D3_S072_NEAR_NYQUIST,D3_NOISE_PLUS_MISMATCH_MC200,TT_3P3_27C,72,100072,NEAR_NYQUIST,64,29,906250.0,50,ROBUST_GEAR,True,VALID_PASS,1,formal_s072_near_nyquist_050ps,a5e13a85c3dc93cdfb79c301b2ebb347d470c7352d3fc3f7c2aeec2a2f4a7174
D3_S073_LOW,D3_NOISE_PLUS_MISMATCH_MC200,TT_3P3_27C,73,100073,LOW,64,7,218750.0,50,ROBUST_GEAR,True,VALID_PASS,1,formal_s073_low_050ps,1b2858a747eb372c4985b9479ab0ddc50e34e74a9e72f290452a01412250951f
D3_S073_NEAR_NYQUIST,D3_NOISE_PLUS_MISMATCH_MC200,TT_3P3_27C,73,100073,NEAR_NYQUIST,64,29,906250.0,50,ROBUST_GEAR,True,VALID_PASS,1,formal_s073_near_nyquist_050ps,0ffe8e66d4b5470fc73fe8d04392697b38559425d27669814bf2d0d35c862c25
D3_S074_LOW,D3_NOISE_PLUS_MISMATCH_MC200,TT_3P3_27C,74,100074,LOW,64,7,218750.0,50,ROBUST_GEAR,True,VALID_PASS,1,formal_s074_low_050ps,9da9f973f6907e71a2bdbb5ed3b1e2c6d8116d33c6913d73842790bf3106a604
D3_S074_NEAR_NYQUIST,D3_NOISE_PLUS_MISMATCH_MC200,TT_3P3_27C,74,100074,NEAR_NYQUIST,64,29,906250.0,50,ROBUST_GEAR,True,VALID_PASS,1,formal_s074_near_nyquist_050ps,74f8749b328e28457d27e5c9af4cd80413e74037acb5e5259ae101bb8905329c
D3_S075_LOW,D3_NOISE_PLUS_MISMATCH_MC200,TT_3P3_27C,75,100075,LOW,64,7,218750.0,50,ROBUST_GEAR,True,VALID_PASS,1,formal_s075_low_050ps,819a93b1d8eb89c3845b9ef858b3a405e369eec86014a3566ac2a71341cbfb91
D3_S075_NEAR_NYQUIST,D3_NOISE_PLUS_MISMATCH_MC200,TT_3P3_27C,75,100075,NEAR_NYQUIST,64,29,906250.0,50,ROBUST_GEAR,True,VALID_PASS,1,formal_s075_near_nyquist_050ps,d68f932b5aa5b43383e36a7543c5eb89315d90a8adbd2b6afdf42f308166e7cb
D3_S076_LOW,D3_NOISE_PLUS_MISMATCH_MC200,TT_3P3_27C,76,100076,LOW,64,7,218750.0,50,ROBUST_GEAR,True,VALID_PASS,1,formal_s076_low_050ps,7eb5f06a127e28ed865cc5bb40c4d0542b6bf9a8fca5d60ace28268f4122463e
D3_S076_NEAR_NYQUIST,D3_NOISE_PLUS_MISMATCH_MC200,TT_3P3_27C,76,100076,NEAR_NYQUIST,64,29,906250.0,50,ROBUST_GEAR,True,VALID_PASS,1,formal_s076_near_nyquist_050ps,4ff29aa1e2b6bdf7073c650c31ead32ab436beb326fca316343265e903286665
D3_S077_LOW,D3_NOISE_PLUS_MISMATCH_MC200,TT_3P3_27C,77,100077,LOW,64,7,218750.0,50,ROBUST_GEAR,True,VALID_PASS,1,formal_s077_low_050ps,cecd4264db5ea05c3c5703efd729ff7958712d38bee60d1724281233dbba45e2
D3_S077_NEAR_NYQUIST,D3_NOISE_PLUS_MISMATCH_MC200,TT_3P3_27C,77,100077,NEAR_NYQUIST,64,29,906250.0,50,ROBUST_GEAR,True,VALID_PASS,1,formal_s077_near_nyquist_050ps,24c1d1b5fcf9a57371020eef7e3676c3685dcb4542d0fcce331d7789d72ec595
D3_S078_LOW,D3_NOISE_PLUS_MISMATCH_MC200,TT_3P3_27C,78,100078,LOW,64,7,218750.0,50,ROBUST_GEAR,True,VALID_PASS,1,formal_s078_low_050ps,362bb0df1da720af50f31467c2a1b8048ef19c5e123a1fc6f0d9c225c0e97d19
D3_S078_NEAR_NYQUIST,D3_NOISE_PLUS_MISMATCH_MC200,TT_3P3_27C,78,100078,NEAR_NYQUIST,64,29,906250.0,50,ROBUST_GEAR,True,VALID_PASS,1,formal_s078_near_nyquist_050ps,d856040376624734005f8001a502b27630b27dcb05c66e603b51196e589e71c5
D3_S079_LOW,D3_NOISE_PLUS_MISMATCH_MC200,TT_3P3_27C,79,100079,LOW,64,7,218750.0,50,ROBUST_GEAR,True,VALID_PASS,1,formal_s079_low_050ps,0593895c42ac4223fcc9d0b3185b51478a1a2f09cfb8ec5912803cf5bbb36c4e
D3_S079_NEAR_NYQUIST,D3_NOISE_PLUS_MISMATCH_MC200,TT_3P3_27C,79,100079,NEAR_NYQUIST,64,29,906250.0,50,ROBUST_GEAR,True,VALID_PASS,1,formal_s079_near_nyquist_050ps,9d565c1c8a264f7de8d9d13741395ec9b178bff954ea54398696db6d9509f5c5
D3_S080_LOW,D3_NOISE_PLUS_MISMATCH_MC200,TT_3P3_27C,80,100080,LOW,64,7,218750.0,50,ROBUST_GEAR,True,VALID_FAIL,1,formal_s080_low_050ps,fcf334ee949b9b1e56bee4c954cf2a5e122bb1ff96029dc6a604de469861afee
D3_S080_NEAR_NYQUIST,D3_NOISE_PLUS_MISMATCH_MC200,TT_3P3_27C,80,100080,NEAR_NYQUIST,64,29,906250.0,50,ROBUST_GEAR,True,VALID_FAIL,1,formal_s080_near_nyquist_050ps,8f4511444a2c534ebf59b0996d1a44df21eebb189d5c188d080fd847f1149d19
D3_S081_LOW,D3_NOISE_PLUS_MISMATCH_MC200,TT_3P3_27C,81,100081,LOW,64,7,218750.0,50,ROBUST_GEAR,True,VALID_PASS,1,formal_s081_low_050ps,9834a654d06c3c6a2ac736663e6a95d585a4467f2f4aacf8f713e47f27463296
D3_S081_NEAR_NYQUIST,D3_NOISE_PLUS_MISMATCH_MC200,TT_3P3_27C,81,100081,NEAR_NYQUIST,64,29,906250.0,50,ROBUST_GEAR,True,VALID_PASS,1,formal_s081_near_nyquist_050ps,99485ba6f5090217293fc96d3e8b0212fb48ea0b840486c550f8b4557767ed47
D3_S082_LOW,D3_NOISE_PLUS_MISMATCH_MC200,TT_3P3_27C,82,100082,LOW,64,7,218750.0,50,ROBUST_GEAR,True,VALID_PASS,1,formal_s082_low_050ps,4eb836fd7921e20923dcc456152bf271b4bfeddf2600e4ecb99c8369ea814d3d
D3_S082_NEAR_NYQUIST,D3_NOISE_PLUS_MISMATCH_MC200,TT_3P3_27C,82,100082,NEAR_NYQUIST,64,29,906250.0,50,ROBUST_GEAR,True,VALID_PASS,1,formal_s082_near_nyquist_050ps,5a10c30ea6360ed256bad3b57dda3fdd2084c799487946950cc0be98afe2eddf
D3_S083_LOW,D3_NOISE_PLUS_MISMATCH_MC200,TT_3P3_27C,83,100083,LOW,64,7,218750.0,50,ROBUST_GEAR,True,VALID_PASS,1,formal_s083_low_050ps,02259ddc11642dbeef1c8d89a2446d7467d770bc50693dfb7ac6c7b32f65e1cc
D3_S083_NEAR_NYQUIST,D3_NOISE_PLUS_MISMATCH_MC200,TT_3P3_27C,83,100083,NEAR_NYQUIST,64,29,906250.0,50,ROBUST_GEAR,True,VALID_PASS,1,formal_s083_near_nyquist_050ps,fe7c5fbbb7f14ae2499ae1107b9e994ef36f1cddcef9f6d94df63e709d95b5eb
D3_S084_LOW,D3_NOISE_PLUS_MISMATCH_MC200,TT_3P3_27C,84,100084,LOW,64,7,218750.0,50,ROBUST_GEAR,True,VALID_PASS,1,formal_s084_low_050ps,2bf20a9760778f9b72cb3bc71f189370e13d89b956385f03cb25b1e36d359f52
D3_S084_NEAR_NYQUIST,D3_NOISE_PLUS_MISMATCH_MC200,TT_3P3_27C,84,100084,NEAR_NYQUIST,64,29,906250.0,50,ROBUST_GEAR,True,VALID_PASS,1,formal_s084_near_nyquist_050ps,1d4b324a2dd1bc5be195d8ca31e04eaa30cf7c56e8fc65a22d9d80b1cab53346
D3_S085_LOW,D3_NOISE_PLUS_MISMATCH_MC200,TT_3P3_27C,85,100085,LOW,64,7,218750.0,50,ROBUST_GEAR,True,VALID_PASS,1,formal_s085_low_050ps,a2f3b1715df135012761a3cf4e72b7952ad800e0e93583f0690cb76a808f3031
D3_S085_NEAR_NYQUIST,D3_NOISE_PLUS_MISMATCH_MC200,TT_3P3_27C,85,100085,NEAR_NYQUIST,64,29,906250.0,50,ROBUST_GEAR,True,VALID_PASS,1,formal_s085_near_nyquist_050ps,9da291624b8ea3630b62238ec5ca8e40ddf3d530ff796c39ad96e62100060da7
D3_S086_LOW,D3_NOISE_PLUS_MISMATCH_MC200,TT_3P3_27C,86,100086,LOW,64,7,218750.0,50,ROBUST_GEAR,True,VALID_FAIL,1,formal_s086_low_050ps,c3e70026dd2661f83edce7db37f54a12efbb5e4ab65e09e06df90645cd4d8134
D3_S086_NEAR_NYQUIST,D3_NOISE_PLUS_MISMATCH_MC200,TT_3P3_27C,86,100086,NEAR_NYQUIST,64,29,906250.0,50,ROBUST_GEAR,True,VALID_FAIL,1,formal_s086_near_nyquist_050ps,919386316385892d6ab431d1d75c453ecaf49dad04e14bec95ae72d87ea6797a
D3_S087_LOW,D3_NOISE_PLUS_MISMATCH_MC200,TT_3P3_27C,87,100087,LOW,64,7,218750.0,50,ROBUST_GEAR,True,VALID_PASS,1,formal_s087_low_050ps,d37f3b57a6b684b28b3b2d4d20f3414cc00c9c5d1771c29c799f6348a6dd4321
D3_S087_NEAR_NYQUIST,D3_NOISE_PLUS_MISMATCH_MC200,TT_3P3_27C,87,100087,NEAR_NYQUIST,64,29,906250.0,50,ROBUST_GEAR,True,VALID_PASS,1,formal_s087_near_nyquist_050ps,6cec3ffb5e792f3a8754f6b20438a9122bb496b41e287e50b8b6892ae4b6bde0
D3_S088_LOW,D3_NOISE_PLUS_MISMATCH_MC200,TT_3P3_27C,88,100088,LOW,64,7,218750.0,50,ROBUST_GEAR,True,VALID_PASS,1,formal_s088_low_050ps,a1d3a91fbaf4efa0f6ed90a73faf6f4aa0f8e156344b9d59c0df0769224784c5
D3_S088_NEAR_NYQUIST,D3_NOISE_PLUS_MISMATCH_MC200,TT_3P3_27C,88,100088,NEAR_NYQUIST,64,29,906250.0,50,ROBUST_GEAR,True,VALID_PASS,1,formal_s088_near_nyquist_050ps,f3274c488f2903d4ab330b56c1939de8482d6e3de8d9f913ff9d454b6d5acde2
D3_S089_LOW,D3_NOISE_PLUS_MISMATCH_MC200,TT_3P3_27C,89,100089,LOW,64,7,218750.0,50,ROBUST_GEAR,True,VALID_PASS,1,formal_s089_low_050ps,5ac77583aa5baa78e28d749fa8d47cb50fb0c98ed5bb4268b6e58e998e71e0d6
D3_S089_NEAR_NYQUIST,D3_NOISE_PLUS_MISMATCH_MC200,TT_3P3_27C,89,100089,NEAR_NYQUIST,64,29,906250.0,50,ROBUST_GEAR,True,VALID_FAIL,1,formal_s089_near_nyquist_050ps,70d160d2bc4e67ec6eb7a9ab86f25e3720e6cecab64f2b39275e17553b102f4c
D3_S090_LOW,D3_NOISE_PLUS_MISMATCH_MC200,TT_3P3_27C,90,100090,LOW,64,7,218750.0,50,ROBUST_GEAR,True,VALID_PASS,1,formal_s090_low_050ps,35ce6a9a1201a33694bebc369717f0ea3e76cf4ab0a9633d10a410f765d16696
D3_S090_NEAR_NYQUIST,D3_NOISE_PLUS_MISMATCH_MC200,TT_3P3_27C,90,100090,NEAR_NYQUIST,64,29,906250.0,50,ROBUST_GEAR,True,VALID_PASS,1,formal_s090_near_nyquist_050ps,30ce215ab6c63f9bec608a8db6b1fc1503c6b3f2d1417dade17db834dc52059e
D3_S091_LOW,D3_NOISE_PLUS_MISMATCH_MC200,TT_3P3_27C,91,100091,LOW,64,7,218750.0,50,ROBUST_GEAR,True,VALID_PASS,1,formal_s091_low_050ps,034cbd0f8af164bf25031438bb317133179d58eb7d4677570e1f18fe4167a135
D3_S091_NEAR_NYQUIST,D3_NOISE_PLUS_MISMATCH_MC200,TT_3P3_27C,91,100091,NEAR_NYQUIST,64,29,906250.0,50,ROBUST_GEAR,True,VALID_PASS,1,formal_s091_near_nyquist_050ps,6f2ed6598721cacf9bab07b18d2fd190135d0a8df9d1c43409e2893e13d2be2f
D3_S092_LOW,D3_NOISE_PLUS_MISMATCH_MC200,TT_3P3_27C,92,100092,LOW,64,7,218750.0,50,ROBUST_GEAR,True,VALID_PASS,1,formal_s092_low_050ps,fc88badb2cb6389afd614b9584b37a781f4f213ad39656d8ed6fb294602f6c29
D3_S092_NEAR_NYQUIST,D3_NOISE_PLUS_MISMATCH_MC200,TT_3P3_27C,92,100092,NEAR_NYQUIST,64,29,906250.0,50,ROBUST_GEAR,True,VALID_PASS,1,formal_s092_near_nyquist_050ps,8befc424f006231d5340db3e396028c195e8a184d9d2b2640ce69ff6f17c0d02
D3_S093_LOW,D3_NOISE_PLUS_MISMATCH_MC200,TT_3P3_27C,93,100093,LOW,64,7,218750.0,50,ROBUST_GEAR,True,VALID_PASS,1,formal_s093_low_050ps,f4d58a27e758ec4a6ddd0d11aabf1b9843309ef6424be272e863df5fef3665fe
D3_S093_NEAR_NYQUIST,D3_NOISE_PLUS_MISMATCH_MC200,TT_3P3_27C,93,100093,NEAR_NYQUIST,64,29,906250.0,50,ROBUST_GEAR,True,VALID_PASS,1,formal_s093_near_nyquist_050ps,2f1d9e0838931afaca628c9bb55886f39acfc4971bb9a950ddcfd38640786b36
D3_S094_LOW,D3_NOISE_PLUS_MISMATCH_MC200,TT_3P3_27C,94,100094,LOW,64,7,218750.0,50,ROBUST_GEAR,True,VALID_PASS,1,formal_s094_low_050ps,f8a177b1372e501a2397bf655a5c7ccb35e490d43fbb02b29f5be4e142bb8a97
D3_S094_NEAR_NYQUIST,D3_NOISE_PLUS_MISMATCH_MC200,TT_3P3_27C,94,100094,NEAR_NYQUIST,64,29,906250.0,50,ROBUST_GEAR,True,VALID_PASS,1,formal_s094_near_nyquist_050ps,60997fb40f1ac754aafc7d8c98ff7ce0b99315c4f4c3b460d8cf98a9369863d1
D3_S095_LOW,D3_NOISE_PLUS_MISMATCH_MC200,TT_3P3_27C,95,100095,LOW,64,7,218750.0,50,ROBUST_GEAR,True,VALID_PASS,1,formal_s095_low_050ps,10edea8bd2bfc1ba9f16b9e488f7002cd744f36a5f4438786fc955fb0cf8e5c7
D3_S095_NEAR_NYQUIST,D3_NOISE_PLUS_MISMATCH_MC200,TT_3P3_27C,95,100095,NEAR_NYQUIST,64,29,906250.0,50,ROBUST_GEAR,True,VALID_PASS,1,formal_s095_near_nyquist_050ps,eabf9700b950bb431d1c3f2f68ad6c3fd1289785ed7e6094eb611d38ba056816
D3_S096_LOW,D3_NOISE_PLUS_MISMATCH_MC200,TT_3P3_27C,96,100096,LOW,64,7,218750.0,50,ROBUST_GEAR,True,VALID_PASS,1,formal_s096_low_050ps,743ce4b10ebc68a697e913b66168c7ec5e6168f87715f36854dc1f93a63701db
D3_S096_NEAR_NYQUIST,D3_NOISE_PLUS_MISMATCH_MC200,TT_3P3_27C,96,100096,NEAR_NYQUIST,64,29,906250.0,50,ROBUST_GEAR,True,VALID_FAIL,1,formal_s096_near_nyquist_050ps,ef42a3c1e8dc4d00a652254a324f5faaf5a982c6aff89a69e083c64c05fe3d9a
D3_S097_LOW,D3_NOISE_PLUS_MISMATCH_MC200,TT_3P3_27C,97,100097,LOW,64,7,218750.0,50,ROBUST_GEAR,True,VALID_PASS,1,formal_s097_low_050ps,8285859bdcf343036b15f7e72d756258827156de5e3840aa3efa2decc996c557
D3_S097_NEAR_NYQUIST,D3_NOISE_PLUS_MISMATCH_MC200,TT_3P3_27C,97,100097,NEAR_NYQUIST,64,29,906250.0,50,ROBUST_GEAR,True,VALID_PASS,1,formal_s097_near_nyquist_050ps,a850cf585e427bfdb4421633ee832559bf36af26716404f2982d19265b6dad09
D3_S098_LOW,D3_NOISE_PLUS_MISMATCH_MC200,TT_3P3_27C,98,100098,LOW,64,7,218750.0,50,ROBUST_GEAR,True,VALID_PASS,1,formal_s098_low_050ps,067225cbc43fe7fdb4c96d6718c5fedf4b3aaecbe231bfd1e7862eb316da0783
D3_S098_NEAR_NYQUIST,D3_NOISE_PLUS_MISMATCH_MC200,TT_3P3_27C,98,100098,NEAR_NYQUIST,64,29,906250.0,50,ROBUST_GEAR,True,VALID_PASS,1,formal_s098_near_nyquist_050ps,091b4ae4cd15167fa2796b15e5eb8cd7ba258425316204c3e310508802696be5
D3_S099_LOW,D3_NOISE_PLUS_MISMATCH_MC200,TT_3P3_27C,99,100099,LOW,64,7,218750.0,50,ROBUST_GEAR,True,VALID_FAIL,1,formal_s099_low_050ps,3c12e3ae30e8b99580662f2a6b3a63a6cb570cb147aac846d6da24ecf57f352f
D3_S099_NEAR_NYQUIST,D3_NOISE_PLUS_MISMATCH_MC200,TT_3P3_27C,99,100099,NEAR_NYQUIST,64,29,906250.0,50,ROBUST_GEAR,True,VALID_PASS,1,formal_s099_near_nyquist_050ps,e04401abe659178565e22d69eb5ff389d4feaf1d461ece1e0be54b8ae7fc72dc
D3_S100_LOW,D3_NOISE_PLUS_MISMATCH_MC200,TT_3P3_27C,100,100100,LOW,64,7,218750.0,50,ROBUST_GEAR,True,VALID_PASS,1,formal_s100_low_050ps,53664a61aa9b59ab2a950acd9244ebd2683b2549d3b81143f7c2c61aa90152b0
D3_S100_NEAR_NYQUIST,D3_NOISE_PLUS_MISMATCH_MC200,TT_3P3_27C,100,100100,NEAR_NYQUIST,64,29,906250.0,50,ROBUST_GEAR,True,VALID_PASS,1,formal_s100_near_nyquist_050ps,b7e09d196978418a16f6bf03b2762cfcdecf9046c76d271a1d337d6acd36b66d
D3_S101_LOW,D3_NOISE_PLUS_MISMATCH_MC200,TT_3P3_27C,101,100101,LOW,64,7,218750.0,50,ROBUST_GEAR,True,VALID_PASS,1,formal_s101_low_050ps,f6cfe1ddc1ab9cc376ce412db743d6a9a2b75bbbda55bfba34d746ea7d1baec9
D3_S101_NEAR_NYQUIST,D3_NOISE_PLUS_MISMATCH_MC200,TT_3P3_27C,101,100101,NEAR_NYQUIST,64,29,906250.0,50,ROBUST_GEAR,True,VALID_PASS,1,formal_s101_near_nyquist_050ps,010c6596c8e3c6467edcb9c349f5d40d3d000b9a5d1960d08f182b44032fdaf1
D3_S102_LOW,D3_NOISE_PLUS_MISMATCH_MC200,TT_3P3_27C,102,100102,LOW,64,7,218750.0,50,ROBUST_GEAR,True,VALID_PASS,1,formal_s102_low_050ps,73eb8f416fa25a8484f7b622ff806c916e7037d3bd6c7bac55ff07bb48106a99
D3_S102_NEAR_NYQUIST,D3_NOISE_PLUS_MISMATCH_MC200,TT_3P3_27C,102,100102,NEAR_NYQUIST,64,29,906250.0,50,ROBUST_GEAR,True,VALID_FAIL,1,formal_s102_near_nyquist_050ps,d4f26a4f5dccb2b35cd830873a08ba283a1d3c3b1c7613c6dd82a3f32e17746c
D3_S103_LOW,D3_NOISE_PLUS_MISMATCH_MC200,TT_3P3_27C,103,100103,LOW,64,7,218750.0,50,ROBUST_GEAR,True,VALID_PASS,1,formal_s103_low_050ps,b4f690bdb2752142109e178e2e17281045dd5fc29b993532b5f87cf9d743180b
D3_S103_NEAR_NYQUIST,D3_NOISE_PLUS_MISMATCH_MC200,TT_3P3_27C,103,100103,NEAR_NYQUIST,64,29,906250.0,50,ROBUST_GEAR,True,VALID_PASS,1,formal_s103_near_nyquist_050ps,f6769e94f8f671999cc53df4897561a9be6170ded9ce0701c17f4b921ae591c9
D3_S104_LOW,D3_NOISE_PLUS_MISMATCH_MC200,TT_3P3_27C,104,100104,LOW,64,7,218750.0,50,ROBUST_GEAR,True,VALID_PASS,1,formal_s104_low_050ps,eb4799eb397e21837b550668df15015ab9dcaf72771c5174a9ba864182295ff4
D3_S104_NEAR_NYQUIST,D3_NOISE_PLUS_MISMATCH_MC200,TT_3P3_27C,104,100104,NEAR_NYQUIST,64,29,906250.0,50,ROBUST_GEAR,True,VALID_PASS,1,formal_s104_near_nyquist_050ps,c897f6cd35e752fa000efcdca9a8e068631a159ad859fd8e5b2e231429cdb57b
D3_S105_LOW,D3_NOISE_PLUS_MISMATCH_MC200,TT_3P3_27C,105,100105,LOW,64,7,218750.0,50,ROBUST_GEAR,True,VALID_PASS,1,formal_s105_low_050ps,6c1809babf051c71d281e2abe8b57389836009bf450827c958bbe32a1671d058
D3_S105_NEAR_NYQUIST,D3_NOISE_PLUS_MISMATCH_MC200,TT_3P3_27C,105,100105,NEAR_NYQUIST,64,29,906250.0,50,ROBUST_GEAR,True,VALID_PASS,1,formal_s105_near_nyquist_050ps,e6530ed21f554ffdb84e4428b50974656a758c95aec02aa3ae410b96e2fca857
D3_S106_LOW,D3_NOISE_PLUS_MISMATCH_MC200,TT_3P3_27C,106,100106,LOW,64,7,218750.0,50,ROBUST_GEAR,True,VALID_PASS,1,formal_s106_low_050ps,f15742159bf21f2d56af325daee0fc7d3acd3011dfe7c4667fce8f67983ee410
D3_S106_NEAR_NYQUIST,D3_NOISE_PLUS_MISMATCH_MC200,TT_3P3_27C,106,100106,NEAR_NYQUIST,64,29,906250.0,50,ROBUST_GEAR,True,VALID_PASS,1,formal_s106_near_nyquist_050ps,a60dfced95697ec9bb81de149e29e1855df2b9d8e13af2dbdf562c910f79a2fb
D3_S107_LOW,D3_NOISE_PLUS_MISMATCH_MC200,TT_3P3_27C,107,100107,LOW,64,7,218750.0,50,ROBUST_GEAR,True,VALID_PASS,1,formal_s107_low_050ps,9dcd4d11d7c6a9873923b83027842b1fb946879122e6366b10a4d167fa87ee64
D3_S107_NEAR_NYQUIST,D3_NOISE_PLUS_MISMATCH_MC200,TT_3P3_27C,107,100107,NEAR_NYQUIST,64,29,906250.0,50,ROBUST_GEAR,True,VALID_PASS,1,formal_s107_near_nyquist_050ps,7b89afa9792fe36d0c14ab18ec8788876f77a17f7290ecb3c8bc4f87faabeeff
D3_S108_LOW,D3_NOISE_PLUS_MISMATCH_MC200,TT_3P3_27C,108,100108,LOW,64,7,218750.0,50,ROBUST_GEAR,True,VALID_PASS,1,formal_s108_low_050ps,355b25f59877de08edc3c001091eb07defe4470759e11333e36c205659ae4276
D3_S108_NEAR_NYQUIST,D3_NOISE_PLUS_MISMATCH_MC200,TT_3P3_27C,108,100108,NEAR_NYQUIST,64,29,906250.0,50,ROBUST_GEAR,True,VALID_PASS,1,formal_s108_near_nyquist_050ps,86f3033d45ce6081de2e53fdad96f2e2f84650a2887230d95e8e131e9b5908f8
D3_S109_LOW,D3_NOISE_PLUS_MISMATCH_MC200,TT_3P3_27C,109,100109,LOW,64,7,218750.0,50,ROBUST_GEAR,True,VALID_FAIL,1,formal_s109_low_050ps,bd2c5c2bf3427e257d0a0d6c18b400ea5cfd25956dc3ad17ade4bc03ab2352d1
D3_S109_NEAR_NYQUIST,D3_NOISE_PLUS_MISMATCH_MC200,TT_3P3_27C,109,100109,NEAR_NYQUIST,64,29,906250.0,50,ROBUST_GEAR,True,VALID_FAIL,1,formal_s109_near_nyquist_050ps,99262380b16dc7dcfa51a0164951287aa557afbe7601585edab1b76dd77bc323
D3_S110_LOW,D3_NOISE_PLUS_MISMATCH_MC200,TT_3P3_27C,110,100110,LOW,64,7,218750.0,50,ROBUST_GEAR,True,VALID_FAIL,1,formal_s110_low_050ps,8bed52be903215ddb6de05dfd9e3f9de45fef66264de92d39486836835588a48
D3_S110_NEAR_NYQUIST,D3_NOISE_PLUS_MISMATCH_MC200,TT_3P3_27C,110,100110,NEAR_NYQUIST,64,29,906250.0,50,ROBUST_GEAR,True,VALID_PASS,1,formal_s110_near_nyquist_050ps,06ce95cc96f80178f47737f06fdf5213e36e17991263931c789b999606d753d5
D3_S111_LOW,D3_NOISE_PLUS_MISMATCH_MC200,TT_3P3_27C,111,100111,LOW,64,7,218750.0,50,ROBUST_GEAR,True,VALID_PASS,1,formal_s111_low_050ps,8c7e7f9b8e4ad1c268d737996ef42e927dee59b784f12b8f259ef05343263168
D3_S111_NEAR_NYQUIST,D3_NOISE_PLUS_MISMATCH_MC200,TT_3P3_27C,111,100111,NEAR_NYQUIST,64,29,906250.0,50,ROBUST_GEAR,True,VALID_PASS,1,formal_s111_near_nyquist_050ps,3ec33a7a261be4e70048524e212ff29bc2df0ac3c49e77d74a4ef9c94eb73175
D3_S112_LOW,D3_NOISE_PLUS_MISMATCH_MC200,TT_3P3_27C,112,100112,LOW,64,7,218750.0,50,ROBUST_GEAR,True,VALID_PASS,1,formal_s112_low_050ps,624af950d11d7264af491e3069a1bd2a8ccb7bc47e81d5ed97e2d588ebca48bf
D3_S112_NEAR_NYQUIST,D3_NOISE_PLUS_MISMATCH_MC200,TT_3P3_27C,112,100112,NEAR_NYQUIST,64,29,906250.0,50,ROBUST_GEAR,True,VALID_PASS,1,formal_s112_near_nyquist_050ps,a932948a6fddae21678b3e6a21713a7b52a8efdb8c1c9270d1a279734346b5c4
D3_S113_LOW,D3_NOISE_PLUS_MISMATCH_MC200,TT_3P3_27C,113,100113,LOW,64,7,218750.0,50,ROBUST_GEAR,True,VALID_PASS,1,formal_s113_low_050ps,5f9376fac7d1cc2f634ff9525373913e7c11b289489774b1e41423e859afb838
D3_S113_NEAR_NYQUIST,D3_NOISE_PLUS_MISMATCH_MC200,TT_3P3_27C,113,100113,NEAR_NYQUIST,64,29,906250.0,50,ROBUST_GEAR,True,VALID_PASS,1,formal_s113_near_nyquist_050ps,372a5efad1debbfe4a51be97654762ccc736e7c50726836be7345803ab6afed0
D3_S114_LOW,D3_NOISE_PLUS_MISMATCH_MC200,TT_3P3_27C,114,100114,LOW,64,7,218750.0,50,ROBUST_GEAR,True,VALID_PASS,1,formal_s114_low_050ps,2c1b2e30070f17f0733c91c8668ec67dfff83e1005dc111dee6e79970214c382
D3_S114_NEAR_NYQUIST,D3_NOISE_PLUS_MISMATCH_MC200,TT_3P3_27C,114,100114,NEAR_NYQUIST,64,29,906250.0,50,ROBUST_GEAR,True,VALID_PASS,1,formal_s114_near_nyquist_050ps,4e79c39cbd45035be22c372b2b9cf8ed83b31de753052c23df152e8abb421d79
D3_S115_LOW,D3_NOISE_PLUS_MISMATCH_MC200,TT_3P3_27C,115,100115,LOW,64,7,218750.0,50,ROBUST_GEAR,True,VALID_PASS,1,formal_s115_low_050ps,b101f464802c252a888c07254c1e712b04e837ec5acff5ad15e668d7272da5e9
D3_S115_NEAR_NYQUIST,D3_NOISE_PLUS_MISMATCH_MC200,TT_3P3_27C,115,100115,NEAR_NYQUIST,64,29,906250.0,50,ROBUST_GEAR,True,VALID_PASS,1,formal_s115_near_nyquist_050ps,f03435ad03d21427a08a4af190aeafedf2500990d18fe7a810c98a980075da48
D3_S116_LOW,D3_NOISE_PLUS_MISMATCH_MC200,TT_3P3_27C,116,100116,LOW,64,7,218750.0,50,ROBUST_GEAR,True,VALID_FAIL,1,formal_s116_low_050ps,f34c0f841a2c681b672badd574e10f1e1fcd4eb783be81d76b9b82b5f8ac0b64
D3_S116_NEAR_NYQUIST,D3_NOISE_PLUS_MISMATCH_MC200,TT_3P3_27C,116,100116,NEAR_NYQUIST,64,29,906250.0,50,ROBUST_GEAR,True,VALID_FAIL,1,formal_s116_near_nyquist_050ps,f07f6be0395bd70e78ff1c93e1cfd8b5102c803d26ae5a805a370b1808ba8cdb
D3_S117_LOW,D3_NOISE_PLUS_MISMATCH_MC200,TT_3P3_27C,117,100117,LOW,64,7,218750.0,50,ROBUST_GEAR,True,VALID_PASS,1,formal_s117_low_050ps,b29ecc403dfc43b209bc857c686120c0b2e0e289c11ec47804171748500314c5
D3_S117_NEAR_NYQUIST,D3_NOISE_PLUS_MISMATCH_MC200,TT_3P3_27C,117,100117,NEAR_NYQUIST,64,29,906250.0,50,ROBUST_GEAR,True,VALID_PASS,1,formal_s117_near_nyquist_050ps,9a84afb08b135006b54865d48b579504eebbfe55c1ec27a864411dd2d5bddede
D3_S118_LOW,D3_NOISE_PLUS_MISMATCH_MC200,TT_3P3_27C,118,100118,LOW,64,7,218750.0,50,ROBUST_GEAR,True,VALID_PASS,1,formal_s118_low_050ps,818077dd554bd881dffdc79019af8a37b1c881492dc428dc75b1f01defc654ee
D3_S118_NEAR_NYQUIST,D3_NOISE_PLUS_MISMATCH_MC200,TT_3P3_27C,118,100118,NEAR_NYQUIST,64,29,906250.0,50,ROBUST_GEAR,True,VALID_PASS,1,formal_s118_near_nyquist_050ps,be87d00c9c702562a4dca8c1b737640625050938cf5f7bdae86cf9dd0bde8e01
D3_S119_LOW,D3_NOISE_PLUS_MISMATCH_MC200,TT_3P3_27C,119,100119,LOW,64,7,218750.0,50,ROBUST_GEAR,True,VALID_PASS,1,formal_s119_low_050ps,8873b57f4fa386dba62d00367ce39bbe57b190d106be7eeb8ecba901291fea93
D3_S119_NEAR_NYQUIST,D3_NOISE_PLUS_MISMATCH_MC200,TT_3P3_27C,119,100119,NEAR_NYQUIST,64,29,906250.0,50,ROBUST_GEAR,True,VALID_PASS,1,formal_s119_near_nyquist_050ps,7fdb5a93897470fe23e7daca90c4a2bab4a58d9b64c3d19a84caf2b1824556b5
D3_S120_LOW,D3_NOISE_PLUS_MISMATCH_MC200,TT_3P3_27C,120,100120,LOW,64,7,218750.0,50,ROBUST_GEAR,True,VALID_PASS,1,formal_s120_low_050ps,2d8a13e68dd0563e63310f3b3e34b9dde8cb6a64a11df8591c2b61cc44a1c4d7
D3_S120_NEAR_NYQUIST,D3_NOISE_PLUS_MISMATCH_MC200,TT_3P3_27C,120,100120,NEAR_NYQUIST,64,29,906250.0,50,ROBUST_GEAR,True,VALID_PASS,1,formal_s120_near_nyquist_050ps,d1fe2b86023b32f5ca16c41cd1cf1706a3f67d8f894105fc5a11bb1de2002ccd
D3_S121_LOW,D3_NOISE_PLUS_MISMATCH_MC200,TT_3P3_27C,121,100121,LOW,64,7,218750.0,50,ROBUST_GEAR,True,VALID_PASS,1,formal_s121_low_050ps,0b8fdffca981c5fabef804584e55c3a25f710a9cf60ba523034df76387fd9aa7
D3_S121_NEAR_NYQUIST,D3_NOISE_PLUS_MISMATCH_MC200,TT_3P3_27C,121,100121,NEAR_NYQUIST,64,29,906250.0,50,ROBUST_GEAR,True,VALID_PASS,1,formal_s121_near_nyquist_050ps,13804fff49086c2d40e59319d4f9c8680b4902dcbb7a66319e157d599ac8624c
D3_S122_LOW,D3_NOISE_PLUS_MISMATCH_MC200,TT_3P3_27C,122,100122,LOW,64,7,218750.0,50,ROBUST_GEAR,True,VALID_PASS,1,formal_s122_low_050ps,693b9ed1a354c2e2e583dca9d4684b52231b4fc563688838c234d48cb9277f9b
D3_S122_NEAR_NYQUIST,D3_NOISE_PLUS_MISMATCH_MC200,TT_3P3_27C,122,100122,NEAR_NYQUIST,64,29,906250.0,50,ROBUST_GEAR,True,VALID_PASS,1,formal_s122_near_nyquist_050ps,b41654fff9c7a459a9f19e95193d5d323aa18ddfe495d7a9ea6b15cd9478eb31
D3_S123_LOW,D3_NOISE_PLUS_MISMATCH_MC200,TT_3P3_27C,123,100123,LOW,64,7,218750.0,50,ROBUST_GEAR,True,VALID_PASS,1,formal_s123_low_050ps,30ec842af902c553c6fb0e596a45cbb218ca238cb44514b778f0fa9f2419c8f0
D3_S123_NEAR_NYQUIST,D3_NOISE_PLUS_MISMATCH_MC200,TT_3P3_27C,123,100123,NEAR_NYQUIST,64,29,906250.0,50,ROBUST_GEAR,True,VALID_PASS,1,formal_s123_near_nyquist_050ps,8b331af79fa918a7a7b74fafb5c5df5dac2c9a966e299780fff315d26ac60a31
D3_S124_LOW,D3_NOISE_PLUS_MISMATCH_MC200,TT_3P3_27C,124,100124,LOW,64,7,218750.0,50,ROBUST_GEAR,True,VALID_PASS,1,formal_s124_low_050ps,3cfc323a692e54576f75e3300382c0bbf255f497478d2be34fc7d8c6f27cc99f
D3_S124_NEAR_NYQUIST,D3_NOISE_PLUS_MISMATCH_MC200,TT_3P3_27C,124,100124,NEAR_NYQUIST,64,29,906250.0,50,ROBUST_GEAR,True,VALID_PASS,1,formal_s124_near_nyquist_050ps,9f796dd8caa7d8bb1b451f285883131b443cc8f7b1977f3e5e0e8a5f3f9c1c52
D3_S125_LOW,D3_NOISE_PLUS_MISMATCH_MC200,TT_3P3_27C,125,100125,LOW,64,7,218750.0,50,ROBUST_GEAR,True,VALID_PASS,1,formal_s125_low_050ps,caa84d8ae3fbd3a852a1b8969bc718e5fab2cced8232e56bdbebbbbcf5b9e4a9
D3_S125_NEAR_NYQUIST,D3_NOISE_PLUS_MISMATCH_MC200,TT_3P3_27C,125,100125,NEAR_NYQUIST,64,29,906250.0,50,ROBUST_GEAR,True,VALID_PASS,1,formal_s125_near_nyquist_050ps,6932446b6ecd79fd22f782c84b6c5fcd4c9374d269554562c9f5805604f4bafd
D3_S126_LOW,D3_NOISE_PLUS_MISMATCH_MC200,TT_3P3_27C,126,100126,LOW,64,7,218750.0,50,ROBUST_GEAR,True,VALID_PASS,1,formal_s126_low_050ps,ec6de4ca8d0b833d3200eb271818ced598132dc1cb4303be52c829ef17de5ea1
D3_S126_NEAR_NYQUIST,D3_NOISE_PLUS_MISMATCH_MC200,TT_3P3_27C,126,100126,NEAR_NYQUIST,64,29,906250.0,50,ROBUST_GEAR,True,VALID_PASS,1,formal_s126_near_nyquist_050ps,f6fa01bce2ef3feecae25d104628cd494b6faf66d28f736d46f541138c836ae4
D3_S127_LOW,D3_NOISE_PLUS_MISMATCH_MC200,TT_3P3_27C,127,100127,LOW,64,7,218750.0,50,ROBUST_GEAR,True,VALID_PASS,1,formal_s127_low_050ps,74e61dfc2aa6b530d8cf787281dafa6ab1c6ea53d389bbf1cfca3fcaebe7f7cb
D3_S127_NEAR_NYQUIST,D3_NOISE_PLUS_MISMATCH_MC200,TT_3P3_27C,127,100127,NEAR_NYQUIST,64,29,906250.0,50,ROBUST_GEAR,True,VALID_PASS,1,formal_s127_near_nyquist_050ps,97956312a3173000f94bfe13a5361cd2b54ae19adc867dfb0dffc026708aad55
D3_S128_LOW,D3_NOISE_PLUS_MISMATCH_MC200,TT_3P3_27C,128,100128,LOW,64,7,218750.0,50,ROBUST_GEAR,True,VALID_FAIL,1,formal_s128_low_050ps,20d306a4340755fc6168bece6edde5df2dd4a670c9c1ecd0c89f6d576f89b651
D3_S128_NEAR_NYQUIST,D3_NOISE_PLUS_MISMATCH_MC200,TT_3P3_27C,128,100128,NEAR_NYQUIST,64,29,906250.0,50,ROBUST_GEAR,True,VALID_FAIL,1,formal_s128_near_nyquist_050ps,b6f1d0d86f9850a730e5c351db3d3dd0098c0bfff86c2d0a149eecf614bdf65d
D3_S129_LOW,D3_NOISE_PLUS_MISMATCH_MC200,TT_3P3_27C,129,100129,LOW,64,7,218750.0,50,ROBUST_GEAR,True,VALID_PASS,1,formal_s129_low_050ps,2a6a0565da5f7b8b3641c1355e9c8e16a0339b3dd4b4b666fed61d24d915f148
D3_S129_NEAR_NYQUIST,D3_NOISE_PLUS_MISMATCH_MC200,TT_3P3_27C,129,100129,NEAR_NYQUIST,64,29,906250.0,50,ROBUST_GEAR,True,VALID_FAIL,1,formal_s129_near_nyquist_050ps,30c24c177ec8c9d3b1621b32b39d1a325c9b5e45aacbe7e6374789ac9854c6a8
D3_S130_LOW,D3_NOISE_PLUS_MISMATCH_MC200,TT_3P3_27C,130,100130,LOW,64,7,218750.0,50,ROBUST_GEAR,True,VALID_PASS,1,formal_s130_low_050ps,f616740e717d6a67c4f1f3cb1d95d899b93cbf3a8d53b7a053ccd72f6e8f2cc8
D3_S130_NEAR_NYQUIST,D3_NOISE_PLUS_MISMATCH_MC200,TT_3P3_27C,130,100130,NEAR_NYQUIST,64,29,906250.0,50,ROBUST_GEAR,True,VALID_PASS,1,formal_s130_near_nyquist_050ps,c92cfb29328b4c255a65b701e03eeb8a99e74608656e4a49108993cf9cf14e89
D3_S131_LOW,D3_NOISE_PLUS_MISMATCH_MC200,TT_3P3_27C,131,100131,LOW,64,7,218750.0,50,ROBUST_GEAR,True,VALID_PASS,1,formal_s131_low_050ps,89262d733c389baa5dbebff223be7589a467d26c649d22ea32a5e1118b72d2ec
D3_S131_NEAR_NYQUIST,D3_NOISE_PLUS_MISMATCH_MC200,TT_3P3_27C,131,100131,NEAR_NYQUIST,64,29,906250.0,50,ROBUST_GEAR,True,VALID_PASS,1,formal_s131_near_nyquist_050ps,08db2e95bf5a7399d217f5e36a19c734816565103ac5d6163691601031e9a821
D3_S132_LOW,D3_NOISE_PLUS_MISMATCH_MC200,TT_3P3_27C,132,100132,LOW,64,7,218750.0,50,ROBUST_GEAR,True,VALID_PASS,1,formal_s132_low_050ps,eb527c207f62c8b0a2ab148f72e74a60e359cd537eefd6245d5544a2d9cc2a2f
D3_S132_NEAR_NYQUIST,D3_NOISE_PLUS_MISMATCH_MC200,TT_3P3_27C,132,100132,NEAR_NYQUIST,64,29,906250.0,50,ROBUST_GEAR,True,VALID_FAIL,1,formal_s132_near_nyquist_050ps,bd8db2195e85d56d836a0d387b1e805919908a53eef441d52479225ddef361f4
D3_S133_LOW,D3_NOISE_PLUS_MISMATCH_MC200,TT_3P3_27C,133,100133,LOW,64,7,218750.0,50,ROBUST_GEAR,True,VALID_PASS,1,formal_s133_low_050ps,31de646a6e1cc5bafd58dccf7ada5cb1fa7e6fc33b6f2e91c630829c57a4399e
D3_S133_NEAR_NYQUIST,D3_NOISE_PLUS_MISMATCH_MC200,TT_3P3_27C,133,100133,NEAR_NYQUIST,64,29,906250.0,50,ROBUST_GEAR,True,VALID_PASS,1,formal_s133_near_nyquist_050ps,f61264b6ddcc4b070dd359712a046e58acaba058982019739d3b5d70b34620ca
D3_S134_LOW,D3_NOISE_PLUS_MISMATCH_MC200,TT_3P3_27C,134,100134,LOW,64,7,218750.0,50,ROBUST_GEAR,True,VALID_PASS,1,formal_s134_low_050ps,31b796ba46fcbf45fd4ab156b8de104cb46b13001ca38e4d1fda878dfa1bf218
D3_S134_NEAR_NYQUIST,D3_NOISE_PLUS_MISMATCH_MC200,TT_3P3_27C,134,100134,NEAR_NYQUIST,64,29,906250.0,50,ROBUST_GEAR,True,VALID_PASS,1,formal_s134_near_nyquist_050ps,ab5e6eb33b2cd40539dcca9fd5a476018a4772b2c42c0e37cde39f0e1cc0e8e5
D3_S135_LOW,D3_NOISE_PLUS_MISMATCH_MC200,TT_3P3_27C,135,100135,LOW,64,7,218750.0,50,ROBUST_GEAR,True,VALID_PASS,1,formal_s135_low_050ps,a6646a472f5a83598e26f3c4c450cebec63748a2b288dd4c104c1d491a72db9a
D3_S135_NEAR_NYQUIST,D3_NOISE_PLUS_MISMATCH_MC200,TT_3P3_27C,135,100135,NEAR_NYQUIST,64,29,906250.0,50,ROBUST_GEAR,True,VALID_PASS,1,formal_s135_near_nyquist_050ps,0068b9eac5bb33b0ddedec136ebe93f6820d43ad63484bd8368388e5c00d4b15
D3_S136_LOW,D3_NOISE_PLUS_MISMATCH_MC200,TT_3P3_27C,136,100136,LOW,64,7,218750.0,50,ROBUST_GEAR,True,VALID_PASS,1,formal_s136_low_050ps,067c743d9a46df1144fa1e965346224684dd3dbd51c51bcf2ef8f4d9ea2bb8c1
D3_S136_NEAR_NYQUIST,D3_NOISE_PLUS_MISMATCH_MC200,TT_3P3_27C,136,100136,NEAR_NYQUIST,64,29,906250.0,50,ROBUST_GEAR,True,VALID_PASS,1,formal_s136_near_nyquist_050ps,2005e5486d5516891d5dcc26002fdbe0a2300a2ce691982ec2cc7fb27d380381
D3_S137_LOW,D3_NOISE_PLUS_MISMATCH_MC200,TT_3P3_27C,137,100137,LOW,64,7,218750.0,50,ROBUST_GEAR,True,VALID_PASS,1,formal_s137_low_050ps,7846aa2b9e7471874d8752f974415c308d0cb68d70c493283ae3cf105cf23fa6
D3_S137_NEAR_NYQUIST,D3_NOISE_PLUS_MISMATCH_MC200,TT_3P3_27C,137,100137,NEAR_NYQUIST,64,29,906250.0,50,ROBUST_GEAR,True,VALID_PASS,1,formal_s137_near_nyquist_050ps,1404b0b0519556db8dd063f47156b4f741327f6525bf017d81cdd2688e63f0a5
D3_S138_LOW,D3_NOISE_PLUS_MISMATCH_MC200,TT_3P3_27C,138,100138,LOW,64,7,218750.0,50,ROBUST_GEAR,True,VALID_PASS,1,formal_s138_low_050ps,3cb44d8587d114cdeb18419fdfd851f53f02ae83b95e4e0e0f8c35f4819d26bc
D3_S138_NEAR_NYQUIST,D3_NOISE_PLUS_MISMATCH_MC200,TT_3P3_27C,138,100138,NEAR_NYQUIST,64,29,906250.0,50,ROBUST_GEAR,True,VALID_PASS,1,formal_s138_near_nyquist_050ps,143f5b48b89c5c9488681bdd9a46504950c15f13bf5f475f560c5985ce0811b3
D3_S139_LOW,D3_NOISE_PLUS_MISMATCH_MC200,TT_3P3_27C,139,100139,LOW,64,7,218750.0,50,ROBUST_GEAR,True,VALID_PASS,1,formal_s139_low_050ps,e8728473574f86935701a8d889fdab21680c4bbc602c8c880c1b26e511a6e312
D3_S139_NEAR_NYQUIST,D3_NOISE_PLUS_MISMATCH_MC200,TT_3P3_27C,139,100139,NEAR_NYQUIST,64,29,906250.0,50,ROBUST_GEAR,True,VALID_PASS,1,formal_s139_near_nyquist_050ps,c783a53d48fe1d38d5da4f82b3892d888c68debd6a1bcfc89d9a26719c872129
D3_S140_LOW,D3_NOISE_PLUS_MISMATCH_MC200,TT_3P3_27C,140,100140,LOW,64,7,218750.0,50,ROBUST_GEAR,True,VALID_FAIL,1,formal_s140_low_050ps,fb503d3805964c4a747c6b41830201c6c4206b7e16defa7aa90f81cc9e72c973
D3_S140_NEAR_NYQUIST,D3_NOISE_PLUS_MISMATCH_MC200,TT_3P3_27C,140,100140,NEAR_NYQUIST,64,29,906250.0,50,ROBUST_GEAR,True,VALID_PASS,1,formal_s140_near_nyquist_050ps,1a76e32ac73325ba2a70aa3f9f4465230575cbc64c939f7dbe7b4c7e846c4300
D3_S141_LOW,D3_NOISE_PLUS_MISMATCH_MC200,TT_3P3_27C,141,100141,LOW,64,7,218750.0,50,ROBUST_GEAR,True,VALID_PASS,1,formal_s141_low_050ps,77ccb9f49f846d38424fb3704b4052db8b5a29de599890bf23e8b612572252c5
D3_S141_NEAR_NYQUIST,D3_NOISE_PLUS_MISMATCH_MC200,TT_3P3_27C,141,100141,NEAR_NYQUIST,64,29,906250.0,50,ROBUST_GEAR,True,VALID_PASS,1,formal_s141_near_nyquist_050ps,3f3a28b5e8403aa026b0201c3f8503df3c006fc134917293fd9458d2cb1e1ba9
D3_S142_LOW,D3_NOISE_PLUS_MISMATCH_MC200,TT_3P3_27C,142,100142,LOW,64,7,218750.0,50,ROBUST_GEAR,True,VALID_PASS,1,formal_s142_low_050ps,85f3a9753a40af6a9c176c4fb67d570593027f7d862f3d19256875425fcf77dd
D3_S142_NEAR_NYQUIST,D3_NOISE_PLUS_MISMATCH_MC200,TT_3P3_27C,142,100142,NEAR_NYQUIST,64,29,906250.0,50,ROBUST_GEAR,True,VALID_FAIL,1,formal_s142_near_nyquist_050ps,08d18528559ea692836b3da295529a3567f3147810adbf0b157d8fec440aeaa1
D3_S143_LOW,D3_NOISE_PLUS_MISMATCH_MC200,TT_3P3_27C,143,100143,LOW,64,7,218750.0,50,ROBUST_GEAR,True,VALID_PASS,1,formal_s143_low_050ps,c1968811523c12acdde39c3ae63fb8c9228cd650f03c10b3f0a344b5cc6a5978
D3_S143_NEAR_NYQUIST,D3_NOISE_PLUS_MISMATCH_MC200,TT_3P3_27C,143,100143,NEAR_NYQUIST,64,29,906250.0,50,ROBUST_GEAR,True,VALID_FAIL,1,formal_s143_near_nyquist_050ps,f7f8b562f172bbb2a703b22d66c68fc5e114fd87d17d5120c34336029460da26
D3_S144_LOW,D3_NOISE_PLUS_MISMATCH_MC200,TT_3P3_27C,144,100144,LOW,64,7,218750.0,50,ROBUST_GEAR,True,VALID_PASS,1,formal_s144_low_050ps,c5e9831b805a946bef58c575f293a08b4254f95865380498c13d3c2d9a4d55cc
D3_S144_NEAR_NYQUIST,D3_NOISE_PLUS_MISMATCH_MC200,TT_3P3_27C,144,100144,NEAR_NYQUIST,64,29,906250.0,50,ROBUST_GEAR,True,VALID_PASS,1,formal_s144_near_nyquist_050ps,5379399efd3a3ec8adf4f26079099b0e09a681e51ec4f93e7b7cafe2eed7fb07
D3_S145_LOW,D3_NOISE_PLUS_MISMATCH_MC200,TT_3P3_27C,145,100145,LOW,64,7,218750.0,50,ROBUST_GEAR,True,VALID_PASS,1,formal_s145_low_050ps,9a3a7f89e576055641a4b2f71d0a834c60781c509c1116165df4751ed97ce1b3
D3_S145_NEAR_NYQUIST,D3_NOISE_PLUS_MISMATCH_MC200,TT_3P3_27C,145,100145,NEAR_NYQUIST,64,29,906250.0,50,ROBUST_GEAR,True,VALID_PASS,1,formal_s145_near_nyquist_050ps,308dd527df4135fee283d123a410326fb3f83fb6c4208fc922759b0dbb0ea7ea
D3_S146_LOW,D3_NOISE_PLUS_MISMATCH_MC200,TT_3P3_27C,146,100146,LOW,64,7,218750.0,50,ROBUST_GEAR,True,VALID_PASS,1,formal_s146_low_050ps,6df9c9481f6b5d527532c640cfb18a0d1c037d0ef7aaab4a976d630c39b976c3
D3_S146_NEAR_NYQUIST,D3_NOISE_PLUS_MISMATCH_MC200,TT_3P3_27C,146,100146,NEAR_NYQUIST,64,29,906250.0,50,ROBUST_GEAR,True,VALID_PASS,1,formal_s146_near_nyquist_050ps,37619db4f9de024677619a269dbcb7f42585859bb24997a8ae5ed773ea9528fd
D3_S147_LOW,D3_NOISE_PLUS_MISMATCH_MC200,TT_3P3_27C,147,100147,LOW,64,7,218750.0,50,ROBUST_GEAR,True,VALID_FAIL,1,formal_s147_low_050ps,408435973a965a6b71d792129cd4f83250fc987f2fd2ca83b0ec57b9d1b2d21b
D3_S147_NEAR_NYQUIST,D3_NOISE_PLUS_MISMATCH_MC200,TT_3P3_27C,147,100147,NEAR_NYQUIST,64,29,906250.0,50,ROBUST_GEAR,True,VALID_PASS,1,formal_s147_near_nyquist_050ps,b4b3ef160ba564aa24745653f9ee512934b47e9f8913fdfa0646d680d1daf9a7
D3_S148_LOW,D3_NOISE_PLUS_MISMATCH_MC200,TT_3P3_27C,148,100148,LOW,64,7,218750.0,50,ROBUST_GEAR,True,VALID_PASS,1,formal_s148_low_050ps,55b5600e3b2e767f7534ac7444bd14952fad837ab30fbdfaeaa6baf855db1056
D3_S148_NEAR_NYQUIST,D3_NOISE_PLUS_MISMATCH_MC200,TT_3P3_27C,148,100148,NEAR_NYQUIST,64,29,906250.0,50,ROBUST_GEAR,True,VALID_PASS,1,formal_s148_near_nyquist_050ps,5efad60d2dbdfd213836cc94ed5d15c4c6031f0e1733595941b9a82315d94f4e
D3_S149_LOW,D3_NOISE_PLUS_MISMATCH_MC200,TT_3P3_27C,149,100149,LOW,64,7,218750.0,50,ROBUST_GEAR,True,VALID_PASS,1,formal_s149_low_050ps,6b25449581e51a0a78d4f90ea3943a0212ebc9cb6d65449febe68a57370e6d76
D3_S149_NEAR_NYQUIST,D3_NOISE_PLUS_MISMATCH_MC200,TT_3P3_27C,149,100149,NEAR_NYQUIST,64,29,906250.0,50,ROBUST_GEAR,True,VALID_PASS,1,formal_s149_near_nyquist_050ps,745ae3942f10071f17ead5cbefb8d6239fde0bbca4df9b667c5359dac6311079
D3_S150_LOW,D3_NOISE_PLUS_MISMATCH_MC200,TT_3P3_27C,150,100150,LOW,64,7,218750.0,50,ROBUST_GEAR,True,VALID_PASS,1,formal_s150_low_050ps,47529b6af8d97f0f19a437bbd5d2db2f1d62485f7fe19e76670f63d989c20717
D3_S150_NEAR_NYQUIST,D3_NOISE_PLUS_MISMATCH_MC200,TT_3P3_27C,150,100150,NEAR_NYQUIST,64,29,906250.0,50,ROBUST_GEAR,True,VALID_PASS,1,formal_s150_near_nyquist_050ps,cda7f4dafcb1eed91e39efd49b9bd3be0c97f9cdf5398e05effb99737aa94c52
D3_S151_LOW,D3_NOISE_PLUS_MISMATCH_MC200,TT_3P3_27C,151,100151,LOW,64,7,218750.0,50,ROBUST_GEAR,True,VALID_PASS,1,formal_s151_low_050ps,b99eb096ad609ace1992fbfafca9f6360a1adf57ae19efbe0ed4483e29561fb1
D3_S151_NEAR_NYQUIST,D3_NOISE_PLUS_MISMATCH_MC200,TT_3P3_27C,151,100151,NEAR_NYQUIST,64,29,906250.0,50,ROBUST_GEAR,True,VALID_FAIL,1,formal_s151_near_nyquist_050ps,e7be9a98046d618b77bf56084b20ce428458f36573b819a80b80fd18895baf64
D3_S152_LOW,D3_NOISE_PLUS_MISMATCH_MC200,TT_3P3_27C,152,100152,LOW,64,7,218750.0,50,ROBUST_GEAR,True,VALID_PASS,1,formal_s152_low_050ps,3f70a05ae2866a16eb7076d6a6249e428834e1c7355f3ebcbc635319e05da5f0
D3_S152_NEAR_NYQUIST,D3_NOISE_PLUS_MISMATCH_MC200,TT_3P3_27C,152,100152,NEAR_NYQUIST,64,29,906250.0,50,ROBUST_GEAR,True,VALID_PASS,1,formal_s152_near_nyquist_050ps,4f7f47a90f02a0e1fd1d15a29d75e677589a3a9621bee26b07cf4401933ce0bb
D3_S153_LOW,D3_NOISE_PLUS_MISMATCH_MC200,TT_3P3_27C,153,100153,LOW,64,7,218750.0,50,ROBUST_GEAR,True,VALID_PASS,1,formal_s153_low_050ps,d24cad04709c113ed0d895ebf76fa7bfa30d89619ecdf1328fb3e618960a5670
D3_S153_NEAR_NYQUIST,D3_NOISE_PLUS_MISMATCH_MC200,TT_3P3_27C,153,100153,NEAR_NYQUIST,64,29,906250.0,50,ROBUST_GEAR,True,VALID_PASS,1,formal_s153_near_nyquist_050ps,b95594355bea0887c45ff081b0fbf9fa16a64e8076c1f9c93342e884e9454a26
D3_S154_LOW,D3_NOISE_PLUS_MISMATCH_MC200,TT_3P3_27C,154,100154,LOW,64,7,218750.0,50,ROBUST_GEAR,True,VALID_PASS,1,formal_s154_low_050ps,ab2bd89913b0c7341ccbf581d2630f11eca75d00de97f8350bb04efab62dda52
D3_S154_NEAR_NYQUIST,D3_NOISE_PLUS_MISMATCH_MC200,TT_3P3_27C,154,100154,NEAR_NYQUIST,64,29,906250.0,50,ROBUST_GEAR,True,VALID_FAIL,1,formal_s154_near_nyquist_050ps,b4334b357103c5061a91522a40800b90d8ed64aef715aae1b621e61c3c0f2ce3
D3_S155_LOW,D3_NOISE_PLUS_MISMATCH_MC200,TT_3P3_27C,155,100155,LOW,64,7,218750.0,50,ROBUST_GEAR,True,VALID_PASS,1,formal_s155_low_050ps,456a9b82e64c701f393d9d336d2d6e201cc7e047e55dc6805e86b54afc910459
D3_S155_NEAR_NYQUIST,D3_NOISE_PLUS_MISMATCH_MC200,TT_3P3_27C,155,100155,NEAR_NYQUIST,64,29,906250.0,50,ROBUST_GEAR,True,VALID_PASS,1,formal_s155_near_nyquist_050ps,8e677750166e5b7c8fb18a5b3370cf41e0ea4273e7a4cd189728678441a95a56
D3_S156_LOW,D3_NOISE_PLUS_MISMATCH_MC200,TT_3P3_27C,156,100156,LOW,64,7,218750.0,50,ROBUST_GEAR,True,VALID_PASS,1,formal_s156_low_050ps,7b34debeb74b38b223b08c5396181092cfc8ab761f8e3fa64891542f94ebbdb9
D3_S156_NEAR_NYQUIST,D3_NOISE_PLUS_MISMATCH_MC200,TT_3P3_27C,156,100156,NEAR_NYQUIST,64,29,906250.0,50,ROBUST_GEAR,True,VALID_PASS,1,formal_s156_near_nyquist_050ps,03b73a81f0b1b0f0ba0762cf694dc41227570e2a5f93a2128ef1719981958deb
D3_S157_LOW,D3_NOISE_PLUS_MISMATCH_MC200,TT_3P3_27C,157,100157,LOW,64,7,218750.0,50,ROBUST_GEAR,True,VALID_PASS,1,formal_s157_low_050ps,3bdc4d3606102aa667405e0ded3be381b9229964e229789dffdb0090344bf021
D3_S157_NEAR_NYQUIST,D3_NOISE_PLUS_MISMATCH_MC200,TT_3P3_27C,157,100157,NEAR_NYQUIST,64,29,906250.0,50,ROBUST_GEAR,True,VALID_PASS,1,formal_s157_near_nyquist_050ps,a1193c93856a506ec80981548cc98fdee0347f084330c36077a10768086d897c
D3_S158_LOW,D3_NOISE_PLUS_MISMATCH_MC200,TT_3P3_27C,158,100158,LOW,64,7,218750.0,50,ROBUST_GEAR,True,VALID_PASS,1,formal_s158_low_050ps,f1df0240cc081eb5f9105839557fae57dcccb784d99a1638c86ae9e9e794b6dd
D3_S158_NEAR_NYQUIST,D3_NOISE_PLUS_MISMATCH_MC200,TT_3P3_27C,158,100158,NEAR_NYQUIST,64,29,906250.0,50,ROBUST_GEAR,True,VALID_FAIL,1,formal_s158_near_nyquist_050ps,2b7a1f9ad570dabaeabd7cde4fda4c1fa4b9be337b2a1ea0a01f347ff87ae460
D3_S159_LOW,D3_NOISE_PLUS_MISMATCH_MC200,TT_3P3_27C,159,100159,LOW,64,7,218750.0,50,ROBUST_GEAR,True,VALID_PASS,1,formal_s159_low_050ps,57521b6100e2f39aa109ac7ec1744a7b2d3488360724f2e3e40843fbee249de6
D3_S159_NEAR_NYQUIST,D3_NOISE_PLUS_MISMATCH_MC200,TT_3P3_27C,159,100159,NEAR_NYQUIST,64,29,906250.0,50,ROBUST_GEAR,True,VALID_FAIL,1,formal_s159_near_nyquist_050ps,cb1f750181c338d6e4f14cd2a421c0378a1ab389ed1b0bd8299aedf79b18ef81
D3_S160_LOW,D3_NOISE_PLUS_MISMATCH_MC200,TT_3P3_27C,160,100160,LOW,64,7,218750.0,50,ROBUST_GEAR,True,VALID_PASS,1,formal_s160_low_050ps,ace2905350ac55c6681497e83d52b3f89e5295ae963a87f609ac0e22ba079175
D3_S160_NEAR_NYQUIST,D3_NOISE_PLUS_MISMATCH_MC200,TT_3P3_27C,160,100160,NEAR_NYQUIST,64,29,906250.0,50,ROBUST_GEAR,True,VALID_PASS,1,formal_s160_near_nyquist_050ps,f999f080d927b14c2e015e67a9d51918dbff41d87baeda91bb623bdc04e9b08c
D3_S161_LOW,D3_NOISE_PLUS_MISMATCH_MC200,TT_3P3_27C,161,100161,LOW,64,7,218750.0,50,ROBUST_GEAR,True,VALID_PASS,1,formal_s161_low_050ps,dee00ba8cbc937c0edc1991dc8d25405c7a9081bdca20b8406140c9e407e5841
D3_S161_NEAR_NYQUIST,D3_NOISE_PLUS_MISMATCH_MC200,TT_3P3_27C,161,100161,NEAR_NYQUIST,64,29,906250.0,50,ROBUST_GEAR,True,VALID_PASS,1,formal_s161_near_nyquist_050ps,9c0ccfba43f1a490968aa8ddf07cfe14a8214d838d6bb0346c69bc6fdf583ba0
D3_S162_LOW,D3_NOISE_PLUS_MISMATCH_MC200,TT_3P3_27C,162,100162,LOW,64,7,218750.0,50,ROBUST_GEAR,True,VALID_PASS,1,formal_s162_low_050ps,cca30d40002fef5ebe7c99015ab313f61900ebe262ea52874737af59f46a4cd5
D3_S162_NEAR_NYQUIST,D3_NOISE_PLUS_MISMATCH_MC200,TT_3P3_27C,162,100162,NEAR_NYQUIST,64,29,906250.0,50,ROBUST_GEAR,True,VALID_PASS,1,formal_s162_near_nyquist_050ps,72b30ef4c9f0afef4fffc8abc6823c56c73e8773a63d8186c4421ecfce5abb33
D3_S163_LOW,D3_NOISE_PLUS_MISMATCH_MC200,TT_3P3_27C,163,100163,LOW,64,7,218750.0,50,ROBUST_GEAR,True,VALID_FAIL,1,formal_s163_low_050ps,b102b93b9f100a31bdabc84a21d064911d6a527eb0d9db3d25e212eaf7044264
D3_S163_NEAR_NYQUIST,D3_NOISE_PLUS_MISMATCH_MC200,TT_3P3_27C,163,100163,NEAR_NYQUIST,64,29,906250.0,50,ROBUST_GEAR,True,VALID_PASS,1,formal_s163_near_nyquist_050ps,10e8e13ef211f7f9f194fe4b08ac955eefcdeff80c95ffdec434b7b797766bdc
D3_S164_LOW,D3_NOISE_PLUS_MISMATCH_MC200,TT_3P3_27C,164,100164,LOW,64,7,218750.0,50,ROBUST_GEAR,True,VALID_PASS,1,formal_s164_low_050ps,76f37a9becad515f3ca95b107ed340bfcec64a4b7bcf26b24890455da0fcd6fc
D3_S164_NEAR_NYQUIST,D3_NOISE_PLUS_MISMATCH_MC200,TT_3P3_27C,164,100164,NEAR_NYQUIST,64,29,906250.0,50,ROBUST_GEAR,True,VALID_PASS,1,formal_s164_near_nyquist_050ps,c6702c65fdde6e9eafd98607a35533f4643f051af23e38ecb8b453107ce9991f
D3_S165_LOW,D3_NOISE_PLUS_MISMATCH_MC200,TT_3P3_27C,165,100165,LOW,64,7,218750.0,50,ROBUST_GEAR,True,VALID_PASS,1,formal_s165_low_050ps,f07c491f7e34294e7d57d03e19ec82bf7863c733938c5c5e344ec047e4752b77
D3_S165_NEAR_NYQUIST,D3_NOISE_PLUS_MISMATCH_MC200,TT_3P3_27C,165,100165,NEAR_NYQUIST,64,29,906250.0,50,ROBUST_GEAR,True,VALID_PASS,1,formal_s165_near_nyquist_050ps,4ad6c9395db5970bdd4278097101eb4f64cb623a746a73db248357d5d385b214
D3_S166_LOW,D3_NOISE_PLUS_MISMATCH_MC200,TT_3P3_27C,166,100166,LOW,64,7,218750.0,50,ROBUST_GEAR,True,VALID_FAIL,1,formal_s166_low_050ps,41b5a59074559f26c0c19dc2aabfeae61b1d5668d425a38024ef197660bf716c
D3_S166_NEAR_NYQUIST,D3_NOISE_PLUS_MISMATCH_MC200,TT_3P3_27C,166,100166,NEAR_NYQUIST,64,29,906250.0,50,ROBUST_GEAR,True,VALID_PASS,1,formal_s166_near_nyquist_050ps,88db0aeade3a06eaf11c0f9b3e9260d105779d682814afbcc7a316d7c722948c
D3_S167_LOW,D3_NOISE_PLUS_MISMATCH_MC200,TT_3P3_27C,167,100167,LOW,64,7,218750.0,50,ROBUST_GEAR,True,VALID_PASS,1,formal_s167_low_050ps,e6a49de98ba1c5ff736c1d1e23e9adc327b93b80bc2d0b2b9ec363f1e7d64720
D3_S167_NEAR_NYQUIST,D3_NOISE_PLUS_MISMATCH_MC200,TT_3P3_27C,167,100167,NEAR_NYQUIST,64,29,906250.0,50,ROBUST_GEAR,True,VALID_PASS,1,formal_s167_near_nyquist_050ps,b78b30eaa2b2aa063e68decb35412b40660ab1d1f9c655c46ba48f1f44e796db
D3_S168_LOW,D3_NOISE_PLUS_MISMATCH_MC200,TT_3P3_27C,168,100168,LOW,64,7,218750.0,50,ROBUST_GEAR,True,VALID_PASS,1,formal_s168_low_050ps,e99e05bb15bf19cd16d3c57f41892566a188c6b37e0668e32f2988ca3a30571c
D3_S168_NEAR_NYQUIST,D3_NOISE_PLUS_MISMATCH_MC200,TT_3P3_27C,168,100168,NEAR_NYQUIST,64,29,906250.0,50,ROBUST_GEAR,True,VALID_PASS,1,formal_s168_near_nyquist_050ps,18df92b2a7c351cc2686eab2ea1ed7c5b6eee6757f3589c481094c92ea083a26
D3_S169_LOW,D3_NOISE_PLUS_MISMATCH_MC200,TT_3P3_27C,169,100169,LOW,64,7,218750.0,50,ROBUST_GEAR,True,VALID_PASS,1,formal_s169_low_050ps,8692eccec103a5ab311eeb95db54d79e3ed17278b4fdcae3e718fb152c5427a9
D3_S169_NEAR_NYQUIST,D3_NOISE_PLUS_MISMATCH_MC200,TT_3P3_27C,169,100169,NEAR_NYQUIST,64,29,906250.0,50,ROBUST_GEAR,True,VALID_PASS,1,formal_s169_near_nyquist_050ps,708cdbd9c8318aca2071b58c67639c3eb12111b25807e8b12c19db816cb532a2
D3_S170_LOW,D3_NOISE_PLUS_MISMATCH_MC200,TT_3P3_27C,170,100170,LOW,64,7,218750.0,50,ROBUST_GEAR,True,VALID_PASS,1,formal_s170_low_050ps,43041c9a10ccb3b4a31f50024aa7087d7d40a14ed94fc56ae90db598bbe25baa
D3_S170_NEAR_NYQUIST,D3_NOISE_PLUS_MISMATCH_MC200,TT_3P3_27C,170,100170,NEAR_NYQUIST,64,29,906250.0,50,ROBUST_GEAR,True,VALID_PASS,1,formal_s170_near_nyquist_050ps,ad639580bc8c431effb8de0b42aada39b25e3c82914dd4d60caccd183db84983
D3_S171_LOW,D3_NOISE_PLUS_MISMATCH_MC200,TT_3P3_27C,171,100171,LOW,64,7,218750.0,50,ROBUST_GEAR,True,VALID_PASS,1,formal_s171_low_050ps,43ca52f2c286cb9ff14c29f78517b52a0879ad1244847caca34c81073fc79c1e
D3_S171_NEAR_NYQUIST,D3_NOISE_PLUS_MISMATCH_MC200,TT_3P3_27C,171,100171,NEAR_NYQUIST,64,29,906250.0,50,ROBUST_GEAR,True,VALID_PASS,1,formal_s171_near_nyquist_050ps,37c09691391755c202530491d728f462eca5fb4a330031985770fa778f711e36
D3_S172_LOW,D3_NOISE_PLUS_MISMATCH_MC200,TT_3P3_27C,172,100172,LOW,64,7,218750.0,50,ROBUST_GEAR,True,VALID_PASS,1,formal_s172_low_050ps,162f674bdf3fcbab8c0ddd51957244d95166ddf01a23d4b7636ee1b7650e5ec0
D3_S172_NEAR_NYQUIST,D3_NOISE_PLUS_MISMATCH_MC200,TT_3P3_27C,172,100172,NEAR_NYQUIST,64,29,906250.0,50,ROBUST_GEAR,True,VALID_PASS,1,formal_s172_near_nyquist_050ps,b47a99173f53626987fa233f2e1b77bcc9b2307fe4ad0463bdf0956c33ebc02b
D3_S173_LOW,D3_NOISE_PLUS_MISMATCH_MC200,TT_3P3_27C,173,100173,LOW,64,7,218750.0,50,ROBUST_GEAR,True,VALID_PASS,1,formal_s173_low_050ps,10bc27059980835bdc87e133826073c93ee88867140bb209073d77246a134419
D3_S173_NEAR_NYQUIST,D3_NOISE_PLUS_MISMATCH_MC200,TT_3P3_27C,173,100173,NEAR_NYQUIST,64,29,906250.0,50,ROBUST_GEAR,True,VALID_PASS,1,formal_s173_near_nyquist_050ps,67aa555aa9b4d91e7003d0a77e7d599553d00d3b5e0868c657bda7b2da344530
D3_S174_LOW,D3_NOISE_PLUS_MISMATCH_MC200,TT_3P3_27C,174,100174,LOW,64,7,218750.0,50,ROBUST_GEAR,True,VALID_PASS,1,formal_s174_low_050ps,ff408cfd55bcea76fce4ccc52391e7e7615c2a85ba73842e4b797128a4366487
D3_S174_NEAR_NYQUIST,D3_NOISE_PLUS_MISMATCH_MC200,TT_3P3_27C,174,100174,NEAR_NYQUIST,64,29,906250.0,50,ROBUST_GEAR,True,VALID_PASS,1,formal_s174_near_nyquist_050ps,cdf5405bcb9e6be262580d33352254870912620d88abe66dcaf8fa94208dc46b
D3_S175_LOW,D3_NOISE_PLUS_MISMATCH_MC200,TT_3P3_27C,175,100175,LOW,64,7,218750.0,50,ROBUST_GEAR,True,VALID_PASS,1,formal_s175_low_050ps,6b30973de97f1db4ad43827ff8c137b24dd219caf5b47993d46c9d2bf789eeae
D3_S175_NEAR_NYQUIST,D3_NOISE_PLUS_MISMATCH_MC200,TT_3P3_27C,175,100175,NEAR_NYQUIST,64,29,906250.0,50,ROBUST_GEAR,True,VALID_PASS,1,formal_s175_near_nyquist_050ps,c7cdc34ba7e99989095a8bea71094b78e719898e7d601c57e0c01548c41c6bf0
D3_S176_LOW,D3_NOISE_PLUS_MISMATCH_MC200,TT_3P3_27C,176,100176,LOW,64,7,218750.0,50,ROBUST_GEAR,True,VALID_FAIL,1,formal_s176_low_050ps,31dad450f6c37b37f00918e42956c69529aef0bd817234fb321e9e916722a1a8
D3_S176_NEAR_NYQUIST,D3_NOISE_PLUS_MISMATCH_MC200,TT_3P3_27C,176,100176,NEAR_NYQUIST,64,29,906250.0,50,ROBUST_GEAR,True,VALID_PASS,1,formal_s176_near_nyquist_050ps,b890b799b3a3433297e5ee216a04060f7b5a7b9de7962ebedf415c53ccc3a72b
D3_S177_LOW,D3_NOISE_PLUS_MISMATCH_MC200,TT_3P3_27C,177,100177,LOW,64,7,218750.0,50,ROBUST_GEAR,True,VALID_PASS,1,formal_s177_low_050ps,823630cec32521b27e7ed7c37d089a70463e4c9b9c772c75042528c6c9d65f4e
D3_S177_NEAR_NYQUIST,D3_NOISE_PLUS_MISMATCH_MC200,TT_3P3_27C,177,100177,NEAR_NYQUIST,64,29,906250.0,50,ROBUST_GEAR,True,VALID_PASS,1,formal_s177_near_nyquist_050ps,fa853c8629239a4681f3b7f1da2de857d8e29509bc64f3c2953883e6ab992d5d
D3_S178_LOW,D3_NOISE_PLUS_MISMATCH_MC200,TT_3P3_27C,178,100178,LOW,64,7,218750.0,50,ROBUST_GEAR,True,VALID_PASS,1,formal_s178_low_050ps,3d9b629ec12900511ea6fa69293c336b30778a4a7a0563fc42d9655d984c64ab
D3_S178_NEAR_NYQUIST,D3_NOISE_PLUS_MISMATCH_MC200,TT_3P3_27C,178,100178,NEAR_NYQUIST,64,29,906250.0,50,ROBUST_GEAR,True,VALID_PASS,1,formal_s178_near_nyquist_050ps,a0a7f9ff129229889f5ef951011093e865d04b669e554a69dbf29a3cb1588a03
D3_S179_LOW,D3_NOISE_PLUS_MISMATCH_MC200,TT_3P3_27C,179,100179,LOW,64,7,218750.0,50,ROBUST_GEAR,True,VALID_FAIL,1,formal_s179_low_050ps,5eb7e638b08089f14e86cd7c616990eaac1b571782f4375ad2402d65cf746d19
D3_S179_NEAR_NYQUIST,D3_NOISE_PLUS_MISMATCH_MC200,TT_3P3_27C,179,100179,NEAR_NYQUIST,64,29,906250.0,50,ROBUST_GEAR,True,VALID_PASS,1,formal_s179_near_nyquist_050ps,bddde6683bcaede6d4066250d1cea9275d5d0d145a10b64fc2dcc6b789e8de75
D3_S180_LOW,D3_NOISE_PLUS_MISMATCH_MC200,TT_3P3_27C,180,100180,LOW,64,7,218750.0,50,ROBUST_GEAR,True,VALID_FAIL,1,formal_s180_low_050ps,c59f8a2439aa65430cceee806f488910346ce720376e29a6022f3ba1dfd5cc0d
D3_S180_NEAR_NYQUIST,D3_NOISE_PLUS_MISMATCH_MC200,TT_3P3_27C,180,100180,NEAR_NYQUIST,64,29,906250.0,50,ROBUST_GEAR,True,VALID_FAIL,1,formal_s180_near_nyquist_050ps,6b674de00ef10bff9eda17daf3f23d5139dae2bdcb69a452d8700862e9ab9811
D3_S181_LOW,D3_NOISE_PLUS_MISMATCH_MC200,TT_3P3_27C,181,100181,LOW,64,7,218750.0,50,ROBUST_GEAR,True,VALID_PASS,1,formal_s181_low_050ps,38e9878cdd3d637fb6b0d9473b014ec50411339501a456c5bdf47eecc792e92f
D3_S181_NEAR_NYQUIST,D3_NOISE_PLUS_MISMATCH_MC200,TT_3P3_27C,181,100181,NEAR_NYQUIST,64,29,906250.0,50,ROBUST_GEAR,True,VALID_PASS,1,formal_s181_near_nyquist_050ps,927066440b1cf21d2da6e0684302045444450bb76c4298c712b4977e81fc0181
D3_S182_LOW,D3_NOISE_PLUS_MISMATCH_MC200,TT_3P3_27C,182,100182,LOW,64,7,218750.0,50,ROBUST_GEAR,True,VALID_FAIL,1,formal_s182_low_050ps,bbcd3d0c42721f3d24028d943f77619747ef33b1ff0cfc05e38dc5611ed4d893
D3_S182_NEAR_NYQUIST,D3_NOISE_PLUS_MISMATCH_MC200,TT_3P3_27C,182,100182,NEAR_NYQUIST,64,29,906250.0,50,ROBUST_GEAR,True,VALID_PASS,1,formal_s182_near_nyquist_050ps,2c2968db36868f61c0101ce15efbbae9818ae6844ae244769276c2c53696f370
D3_S183_LOW,D3_NOISE_PLUS_MISMATCH_MC200,TT_3P3_27C,183,100183,LOW,64,7,218750.0,50,ROBUST_GEAR,True,VALID_PASS,1,formal_s183_low_050ps,c339e3eddbee538c0f7ba9d22a775cb4220c569e1bd2ebdb8b588acd0bd3cf48
D3_S183_NEAR_NYQUIST,D3_NOISE_PLUS_MISMATCH_MC200,TT_3P3_27C,183,100183,NEAR_NYQUIST,64,29,906250.0,50,ROBUST_GEAR,True,VALID_FAIL,1,formal_s183_near_nyquist_050ps,bf15be4ce5d21cfdd74c70834eba5cb3b51dc2b0e1744c6983bd78af8a0b7d30
D3_S184_LOW,D3_NOISE_PLUS_MISMATCH_MC200,TT_3P3_27C,184,100184,LOW,64,7,218750.0,50,ROBUST_GEAR,True,VALID_PASS,1,formal_s184_low_050ps,699b26f5bb1acea9519f605289315468ef69e8e322066b25a16c836332311616
D3_S184_NEAR_NYQUIST,D3_NOISE_PLUS_MISMATCH_MC200,TT_3P3_27C,184,100184,NEAR_NYQUIST,64,29,906250.0,50,ROBUST_GEAR,True,VALID_PASS,1,formal_s184_near_nyquist_050ps,11bf66e97e60a6c132c7405e028ccd2aea5e38029be2690519e42368a0084b4e
D3_S185_LOW,D3_NOISE_PLUS_MISMATCH_MC200,TT_3P3_27C,185,100185,LOW,64,7,218750.0,50,ROBUST_GEAR,True,VALID_PASS,1,formal_s185_low_050ps,4719547465b6ae7ca33a511034ec7caf37c52000850e46dd1bc6eeb3da18bd3e
D3_S185_NEAR_NYQUIST,D3_NOISE_PLUS_MISMATCH_MC200,TT_3P3_27C,185,100185,NEAR_NYQUIST,64,29,906250.0,50,ROBUST_GEAR,True,VALID_PASS,1,formal_s185_near_nyquist_050ps,36b2aef1f7c3ad53083f318ebba2ccdc1de9d3d5d3057244895d0890b6ac38c9
D3_S186_LOW,D3_NOISE_PLUS_MISMATCH_MC200,TT_3P3_27C,186,100186,LOW,64,7,218750.0,50,ROBUST_GEAR,True,VALID_PASS,1,formal_s186_low_050ps,f08809dc469443c99f4a08c32973ada8587632e1efacc791a700ec2174462215
D3_S186_NEAR_NYQUIST,D3_NOISE_PLUS_MISMATCH_MC200,TT_3P3_27C,186,100186,NEAR_NYQUIST,64,29,906250.0,50,ROBUST_GEAR,True,VALID_PASS,1,formal_s186_near_nyquist_050ps,eaaccaa130e24648dcd772f101f928abffcd1b783458c86ad124a1228040b13c
D3_S187_LOW,D3_NOISE_PLUS_MISMATCH_MC200,TT_3P3_27C,187,100187,LOW,64,7,218750.0,50,ROBUST_GEAR,True,VALID_FAIL,1,formal_s187_low_050ps,485cae90e6c27dba8ac7699cec60a8997a7b1ce0091f49d30ce487e10e805a2c
D3_S187_NEAR_NYQUIST,D3_NOISE_PLUS_MISMATCH_MC200,TT_3P3_27C,187,100187,NEAR_NYQUIST,64,29,906250.0,50,ROBUST_GEAR,True,VALID_PASS,1,formal_s187_near_nyquist_050ps,aa5d379c38c8c65816ababf665864f7103c82b5b55202d6115245dd8479aa4a0
D3_S188_LOW,D3_NOISE_PLUS_MISMATCH_MC200,TT_3P3_27C,188,100188,LOW,64,7,218750.0,50,ROBUST_GEAR,True,VALID_FAIL,1,formal_s188_low_050ps,17ec40780bcfed0911780a6490d7bb73a29e26a8e56fef1c0006866e7c113439
D3_S188_NEAR_NYQUIST,D3_NOISE_PLUS_MISMATCH_MC200,TT_3P3_27C,188,100188,NEAR_NYQUIST,64,29,906250.0,50,ROBUST_GEAR,True,VALID_FAIL,1,formal_s188_near_nyquist_050ps,6018e0b0b1013ffa28b416c9c441543d2640a4dd3d8a62689a932712fe983717
D3_S189_LOW,D3_NOISE_PLUS_MISMATCH_MC200,TT_3P3_27C,189,100189,LOW,64,7,218750.0,50,ROBUST_GEAR,True,VALID_FAIL,1,formal_s189_low_050ps,1523870913f84efbad9340bcadd8eabcfe11e0bc106a1585bb9fa90c886b7aef
D3_S189_NEAR_NYQUIST,D3_NOISE_PLUS_MISMATCH_MC200,TT_3P3_27C,189,100189,NEAR_NYQUIST,64,29,906250.0,50,ROBUST_GEAR,True,VALID_FAIL,1,formal_s189_near_nyquist_050ps,80567a9c8749d497fcf46e61ea717875f71d79d8766cdf9f6aa8bdb610ad6c22
D3_S190_LOW,D3_NOISE_PLUS_MISMATCH_MC200,TT_3P3_27C,190,100190,LOW,64,7,218750.0,50,ROBUST_GEAR,True,VALID_FAIL,1,formal_s190_low_050ps,bca89ee1d13e0862e073c737b85d504538ddc73108bf6794c15268895fe565f4
D3_S190_NEAR_NYQUIST,D3_NOISE_PLUS_MISMATCH_MC200,TT_3P3_27C,190,100190,NEAR_NYQUIST,64,29,906250.0,50,ROBUST_GEAR,True,VALID_FAIL,1,formal_s190_near_nyquist_050ps,273606c8e6cca0596d97091a2454913123c08d32d8ca24f874b08278378fd682
D3_S191_LOW,D3_NOISE_PLUS_MISMATCH_MC200,TT_3P3_27C,191,100191,LOW,64,7,218750.0,50,ROBUST_GEAR,True,VALID_PASS,1,formal_s191_low_050ps,7bbda2004bbb82d21e8dd84e22aa4e48fbab21899a92f633d89a3636b37ca008
D3_S191_NEAR_NYQUIST,D3_NOISE_PLUS_MISMATCH_MC200,TT_3P3_27C,191,100191,NEAR_NYQUIST,64,29,906250.0,50,ROBUST_GEAR,True,VALID_PASS,1,formal_s191_near_nyquist_050ps,ffaa21d1633e373275cbdbe32bd7f1213b36faae6799d48e6e754effe4a13c54
D3_S192_LOW,D3_NOISE_PLUS_MISMATCH_MC200,TT_3P3_27C,192,100192,LOW,64,7,218750.0,50,ROBUST_GEAR,True,VALID_PASS,1,formal_s192_low_050ps,406d32ca13a0b079cd3e3da7f19ba337e9308a959c14f8e97c2599154e4ee540
D3_S192_NEAR_NYQUIST,D3_NOISE_PLUS_MISMATCH_MC200,TT_3P3_27C,192,100192,NEAR_NYQUIST,64,29,906250.0,50,ROBUST_GEAR,True,VALID_PASS,1,formal_s192_near_nyquist_050ps,0fd3944030e58f51678abeecc734481fef120a2ed137c14fe2c9b9844e5daa03
D3_S193_LOW,D3_NOISE_PLUS_MISMATCH_MC200,TT_3P3_27C,193,100193,LOW,64,7,218750.0,50,ROBUST_GEAR,True,VALID_FAIL,1,formal_s193_low_050ps,645b703e3f78f2f6e372497226a50c5eb8c4d08fc766be614ba8cc50d01729b6
D3_S193_NEAR_NYQUIST,D3_NOISE_PLUS_MISMATCH_MC200,TT_3P3_27C,193,100193,NEAR_NYQUIST,64,29,906250.0,50,ROBUST_GEAR,True,VALID_PASS,1,formal_s193_near_nyquist_050ps,15e5cdc9740aca9c060b1b0d10a8fb6efeb0ca128de6161fcfab6ee684c4c916
D3_S194_LOW,D3_NOISE_PLUS_MISMATCH_MC200,TT_3P3_27C,194,100194,LOW,64,7,218750.0,50,ROBUST_GEAR,True,VALID_PASS,1,formal_s194_low_050ps,4d2baa606d06ec2c778194420e6fdf24e5d01f74d8439581c435bdae4905135e
D3_S194_NEAR_NYQUIST,D3_NOISE_PLUS_MISMATCH_MC200,TT_3P3_27C,194,100194,NEAR_NYQUIST,64,29,906250.0,50,ROBUST_GEAR,True,VALID_PASS,1,formal_s194_near_nyquist_050ps,00ca886dba28e12f30d32eaef1391d6277b7aed25be4bb8f0a00eef0a0b46267
D3_S195_LOW,D3_NOISE_PLUS_MISMATCH_MC200,TT_3P3_27C,195,100195,LOW,64,7,218750.0,50,ROBUST_GEAR,True,VALID_FAIL,1,formal_s195_low_050ps,c1b41aaeed2a5f38a5e1f101815aa51e0c6293ec6f1d721d99401508602fc5ae
D3_S195_NEAR_NYQUIST,D3_NOISE_PLUS_MISMATCH_MC200,TT_3P3_27C,195,100195,NEAR_NYQUIST,64,29,906250.0,50,ROBUST_GEAR,True,VALID_PASS,1,formal_s195_near_nyquist_050ps,cf3ebb943bc98928985c3ddeeca0abdf7c7c097951b5c0247a9e3e7acd69ae7a
D3_S196_LOW,D3_NOISE_PLUS_MISMATCH_MC200,TT_3P3_27C,196,100196,LOW,64,7,218750.0,50,ROBUST_GEAR,True,VALID_PASS,1,formal_s196_low_050ps,ab633fc0c76ff51fcb2d7b84d6d391721018ecc140dbee6de4b11f041199defc
D3_S196_NEAR_NYQUIST,D3_NOISE_PLUS_MISMATCH_MC200,TT_3P3_27C,196,100196,NEAR_NYQUIST,64,29,906250.0,50,ROBUST_GEAR,True,VALID_PASS,1,formal_s196_near_nyquist_050ps,ef9d3a7ac6a607b2da47b093b152c5947cd0fe37a1ed537a40745f0658b07c6c
D3_S197_LOW,D3_NOISE_PLUS_MISMATCH_MC200,TT_3P3_27C,197,100197,LOW,64,7,218750.0,50,ROBUST_GEAR,True,VALID_PASS,1,formal_s197_low_050ps,b72871f3ce108207699a1b1fe05951de0d39033f2a36ecd695171221fad14929
D3_S197_NEAR_NYQUIST,D3_NOISE_PLUS_MISMATCH_MC200,TT_3P3_27C,197,100197,NEAR_NYQUIST,64,29,906250.0,50,ROBUST_GEAR,True,VALID_PASS,1,formal_s197_near_nyquist_050ps,08b19f3d6ecf3546c925a33d922b91d93c5265b7703ae0f435e9af4f87bf839a
D3_S198_LOW,D3_NOISE_PLUS_MISMATCH_MC200,TT_3P3_27C,198,100198,LOW,64,7,218750.0,50,ROBUST_GEAR,True,VALID_PASS,1,formal_s198_low_050ps,74181cff7be791d4bf0155e6c40a2044acf1d7fc2d5d399c9832cb80c52162b8
D3_S198_NEAR_NYQUIST,D3_NOISE_PLUS_MISMATCH_MC200,TT_3P3_27C,198,100198,NEAR_NYQUIST,64,29,906250.0,50,ROBUST_GEAR,True,VALID_PASS,1,formal_s198_near_nyquist_050ps,1d705eb289fc4e9afe914ecec46b3bd5e5379abd513015bbf0e5639c61ba884b
D3_S199_LOW,D3_NOISE_PLUS_MISMATCH_MC200,TT_3P3_27C,199,100199,LOW,64,7,218750.0,50,ROBUST_GEAR,True,VALID_PASS,1,formal_s199_low_050ps,9ee0dc1561cb8a90b0b644dd6cc95468a217bd113a9b7c7132d1e2a43e85aaea
D3_S199_NEAR_NYQUIST,D3_NOISE_PLUS_MISMATCH_MC200,TT_3P3_27C,199,100199,NEAR_NYQUIST,64,29,906250.0,50,ROBUST_GEAR,True,VALID_PASS,1,formal_s199_near_nyquist_050ps,cfb80e77af01c959092ea9d355fa047f0e93d5ac60e469cc7cf75e8a5628cb95
D3_S200_LOW,D3_NOISE_PLUS_MISMATCH_MC200,TT_3P3_27C,200,100200,LOW,64,7,218750.0,50,ROBUST_GEAR,True,VALID_PASS,1,formal_s200_low_050ps,045f539e16791f8ce172ab9a42bf301c59dbb1e65e809a4afbcbce3eb7285a23
D3_S200_NEAR_NYQUIST,D3_NOISE_PLUS_MISMATCH_MC200,TT_3P3_27C,200,100200,NEAR_NYQUIST,64,29,906250.0,50,ROBUST_GEAR,True,VALID_PASS,1,formal_s200_near_nyquist_050ps,896ce52dd98134478ff20ddc552b1e28664c0e173dd2d7344343e2c58789166a
