index,mismatch_seed,status
1,1,FROZEN_READY_NOT_RUN
2,2,FROZEN_READY_NOT_RUN
3,3,FROZEN_READY_NOT_RUN
4,4,FROZEN_READY_NOT_RUN
5,5,FROZEN_READY_NOT_RUN
6,6,FROZEN_READY_NOT_RUN
7,7,FROZEN_READY_NOT_RUN
8,8,FROZEN_READY_NOT_RUN
9,9,FROZEN_READY_NOT_RUN
10,10,FROZEN_READY_NOT_RUN
11,11,FROZEN_READY_NOT_RUN
12,12,FROZEN_READY_NOT_RUN
13,13,FROZEN_READY_NOT_RUN
14,14,FROZEN_READY_NOT_RUN
15,15,FROZEN_READY_NOT_RUN
16,16,FROZEN_READY_NOT_RUN
17,17,FROZEN_READY_NOT_RUN
18,18,FROZEN_READY_NOT_RUN
19,19,FROZEN_READY_NOT_RUN
20,20,FROZEN_READY_NOT_RUN
21,21,FROZEN_READY_NOT_RUN
22,22,FROZEN_READY_NOT_RUN
23,23,FROZEN_READY_NOT_RUN
24,24,FROZEN_READY_NOT_RUN
25,25,FROZEN_READY_NOT_RUN
26,26,FROZEN_READY_NOT_RUN
27,27,FROZEN_READY_NOT_RUN
28,28,FROZEN_READY_NOT_RUN
29,29,FROZEN_READY_NOT_RUN
30,30,FROZEN_READY_NOT_RUN
31,31,FROZEN_READY_NOT_RUN
32,32,FROZEN_READY_NOT_RUN
33,33,FROZEN_READY_NOT_RUN
34,34,FROZEN_READY_NOT_RUN
35,35,FROZEN_READY_NOT_RUN
36,36,FROZEN_READY_NOT_RUN
37,37,FROZEN_READY_NOT_RUN
38,38,FROZEN_READY_NOT_RUN
39,39,FROZEN_READY_NOT_RUN
40,40,FROZEN_READY_NOT_RUN
41,41,FROZEN_READY_NOT_RUN
42,42,FROZEN_READY_NOT_RUN
43,43,FROZEN_READY_NOT_RUN
44,44,FROZEN_READY_NOT_RUN
45,45,FROZEN_READY_NOT_RUN
46,46,FROZEN_READY_NOT_RUN
47,47,FROZEN_READY_NOT_RUN
48,48,FROZEN_READY_NOT_RUN
49,49,FROZEN_READY_NOT_RUN
50,50,FROZEN_READY_NOT_RUN
51,51,FROZEN_READY_NOT_RUN
52,52,FROZEN_READY_NOT_RUN
53,53,FROZEN_READY_NOT_RUN
54,54,FROZEN_READY_NOT_RUN
55,55,FROZEN_READY_NOT_RUN
56,56,FROZEN_READY_NOT_RUN
57,57,FROZEN_READY_NOT_RUN
58,58,FROZEN_READY_NOT_RUN
59,59,FROZEN_READY_NOT_RUN
60,60,FROZEN_READY_NOT_RUN
61,61,FROZEN_READY_NOT_RUN
62,62,FROZEN_READY_NOT_RUN
63,63,FROZEN_READY_NOT_RUN
64,64,FROZEN_READY_NOT_RUN
65,65,FROZEN_READY_NOT_RUN
66,66,FROZEN_READY_NOT_RUN
67,67,FROZEN_READY_NOT_RUN
68,68,FROZEN_READY_NOT_RUN
69,69,FROZEN_READY_NOT_RUN
70,70,FROZEN_READY_NOT_RUN
71,71,FROZEN_READY_NOT_RUN
72,72,FROZEN_READY_NOT_RUN
73,73,FROZEN_READY_NOT_RUN
74,74,FROZEN_READY_NOT_RUN
75,75,FROZEN_READY_NOT_RUN
76,76,FROZEN_READY_NOT_RUN
77,77,FROZEN_READY_NOT_RUN
78,78,FROZEN_READY_NOT_RUN
79,79,FROZEN_READY_NOT_RUN
80,80,FROZEN_READY_NOT_RUN
81,81,FROZEN_READY_NOT_RUN
82,82,FROZEN_READY_NOT_RUN
83,83,FROZEN_READY_NOT_RUN
84,84,FROZEN_READY_NOT_RUN
85,85,FROZEN_READY_NOT_RUN
86,86,FROZEN_READY_NOT_RUN
87,87,FROZEN_READY_NOT_RUN
88,88,FROZEN_READY_NOT_RUN
89,89,FROZEN_READY_NOT_RUN
90,90,FROZEN_READY_NOT_RUN
91,91,FROZEN_READY_NOT_RUN
92,92,FROZEN_READY_NOT_RUN
93,93,FROZEN_READY_NOT_RUN
94,94,FROZEN_READY_NOT_RUN
95,95,FROZEN_READY_NOT_RUN
96,96,FROZEN_READY_NOT_RUN
97,97,FROZEN_READY_NOT_RUN
98,98,FROZEN_READY_NOT_RUN
99,99,FROZEN_READY_NOT_RUN
100,100,FROZEN_READY_NOT_RUN
101,101,FROZEN_READY_NOT_RUN
102,102,FROZEN_READY_NOT_RUN
103,103,FROZEN_READY_NOT_RUN
104,104,FROZEN_READY_NOT_RUN
105,105,FROZEN_READY_NOT_RUN
106,106,FROZEN_READY_NOT_RUN
107,107,FROZEN_READY_NOT_RUN
108,108,FROZEN_READY_NOT_RUN
109,109,FROZEN_READY_NOT_RUN
110,110,FROZEN_READY_NOT_RUN
111,111,FROZEN_READY_NOT_RUN
112,112,FROZEN_READY_NOT_RUN
113,113,FROZEN_READY_NOT_RUN
114,114,FROZEN_READY_NOT_RUN
115,115,FROZEN_READY_NOT_RUN
116,116,FROZEN_READY_NOT_RUN
117,117,FROZEN_READY_NOT_RUN
118,118,FROZEN_READY_NOT_RUN
119,119,FROZEN_READY_NOT_RUN
120,120,FROZEN_READY_NOT_RUN
121,121,FROZEN_READY_NOT_RUN
122,122,FROZEN_READY_NOT_RUN
123,123,FROZEN_READY_NOT_RUN
124,124,FROZEN_READY_NOT_RUN
125,125,FROZEN_READY_NOT_RUN
126,126,FROZEN_READY_NOT_RUN
127,127,FROZEN_READY_NOT_RUN
128,128,FROZEN_READY_NOT_RUN
129,129,FROZEN_READY_NOT_RUN
130,130,FROZEN_READY_NOT_RUN
131,131,FROZEN_READY_NOT_RUN
132,132,FROZEN_READY_NOT_RUN
133,133,FROZEN_READY_NOT_RUN
134,134,FROZEN_READY_NOT_RUN
135,135,FROZEN_READY_NOT_RUN
136,136,FROZEN_READY_NOT_RUN
137,137,FROZEN_READY_NOT_RUN
138,138,FROZEN_READY_NOT_RUN
139,139,FROZEN_READY_NOT_RUN
140,140,FROZEN_READY_NOT_RUN
141,141,FROZEN_READY_NOT_RUN
142,142,FROZEN_READY_NOT_RUN
143,143,FROZEN_READY_NOT_RUN
144,144,FROZEN_READY_NOT_RUN
145,145,FROZEN_READY_NOT_RUN
146,146,FROZEN_READY_NOT_RUN
147,147,FROZEN_READY_NOT_RUN
148,148,FROZEN_READY_NOT_RUN
149,149,FROZEN_READY_NOT_RUN
150,150,FROZEN_READY_NOT_RUN
151,151,FROZEN_READY_NOT_RUN
152,152,FROZEN_READY_NOT_RUN
153,153,FROZEN_READY_NOT_RUN
154,154,FROZEN_READY_NOT_RUN
155,155,FROZEN_READY_NOT_RUN
156,156,FROZEN_READY_NOT_RUN
157,157,FROZEN_READY_NOT_RUN
158,158,FROZEN_READY_NOT_RUN
159,159,FROZEN_READY_NOT_RUN
160,160,FROZEN_READY_NOT_RUN
161,161,FROZEN_READY_NOT_RUN
162,162,FROZEN_READY_NOT_RUN
163,163,FROZEN_READY_NOT_RUN
164,164,FROZEN_READY_NOT_RUN
165,165,FROZEN_READY_NOT_RUN
166,166,FROZEN_READY_NOT_RUN
167,167,FROZEN_READY_NOT_RUN
168,168,FROZEN_READY_NOT_RUN
169,169,FROZEN_READY_NOT_RUN
170,170,FROZEN_READY_NOT_RUN
171,171,FROZEN_READY_NOT_RUN
172,172,FROZEN_READY_NOT_RUN
173,173,FROZEN_READY_NOT_RUN
174,174,FROZEN_READY_NOT_RUN
175,175,FROZEN_READY_NOT_RUN
176,176,FROZEN_READY_NOT_RUN
177,177,FROZEN_READY_NOT_RUN
178,178,FROZEN_READY_NOT_RUN
179,179,FROZEN_READY_NOT_RUN
180,180,FROZEN_READY_NOT_RUN
181,181,FROZEN_READY_NOT_RUN
182,182,FROZEN_READY_NOT_RUN
183,183,FROZEN_READY_NOT_RUN
184,184,FROZEN_READY_NOT_RUN
185,185,FROZEN_READY_NOT_RUN
186,186,FROZEN_READY_NOT_RUN
187,187,FROZEN_READY_NOT_RUN
188,188,FROZEN_READY_NOT_RUN
189,189,FROZEN_READY_NOT_RUN
190,190,FROZEN_READY_NOT_RUN
191,191,FROZEN_READY_NOT_RUN
192,192,FROZEN_READY_NOT_RUN
193,193,FROZEN_READY_NOT_RUN
194,194,FROZEN_READY_NOT_RUN
195,195,FROZEN_READY_NOT_RUN
196,196,FROZEN_READY_NOT_RUN
197,197,FROZEN_READY_NOT_RUN
198,198,FROZEN_READY_NOT_RUN
199,199,FROZEN_READY_NOT_RUN
200,200,FROZEN_READY_NOT_RUN
